 0.00000000e+00  0.00000000e+00  0.00000000e+00  1.79999999e+00  0.00000000e+00 -1.91735603e-12 
 1.00000000e-13  0.00000000e+00  1.00000000e-13  1.79999999e+00  1.00000000e-13 -1.82242069e-12 
 2.00000000e-13  0.00000000e+00  2.00000000e-13  1.79999999e+00  2.00000000e-13 -1.82412852e-12 
 4.00000000e-13  0.00000000e+00  4.00000000e-13  1.79999999e+00  4.00000000e-13 -1.82542956e-12 
 8.00000000e-13  0.00000000e+00  8.00000000e-13  1.79999999e+00  8.00000000e-13 -1.82710184e-12 
 1.60000000e-12  0.00000000e+00  1.60000000e-12  1.79999999e+00  1.60000000e-12 -1.83099380e-12 
 3.20000000e-12  0.00000000e+00  3.20000000e-12  1.79999999e+00  3.20000000e-12 -1.83769688e-12 
 6.40000000e-12  0.00000000e+00  6.40000000e-12  1.79999999e+00  6.40000000e-12 -1.85019540e-12 
 1.28000000e-11  0.00000000e+00  1.28000000e-11  1.79999999e+00  1.28000000e-11 -1.86920791e-12 
 2.28000000e-11  0.00000000e+00  2.28000000e-11  1.79999999e+00  2.28000000e-11 -1.88931103e-12 
 3.28000000e-11  0.00000000e+00  3.28000000e-11  1.79999999e+00  3.28000000e-11 -1.90073608e-12 
 4.28000000e-11  0.00000000e+00  4.28000000e-11  1.79999999e+00  4.28000000e-11 -1.90779911e-12 
 5.28000000e-11  0.00000000e+00  5.28000000e-11  1.79999999e+00  5.28000000e-11 -1.91159393e-12 
 6.28000000e-11  0.00000000e+00  6.28000000e-11  1.79999999e+00  6.28000000e-11 -1.91412592e-12 
 7.28000000e-11  0.00000000e+00  7.28000000e-11  1.79999999e+00  7.28000000e-11 -1.91531822e-12 
 8.28000000e-11  0.00000000e+00  8.28000000e-11  1.79999999e+00  8.28000000e-11 -1.91630934e-12 
 9.28000000e-11  0.00000000e+00  9.28000000e-11  1.79999999e+00  9.28000000e-11 -1.91660213e-12 
 1.02800000e-10  0.00000000e+00  1.02800000e-10  1.79999999e+00  1.02800000e-10 -1.91708894e-12 
 1.12800000e-10  0.00000000e+00  1.12800000e-10  1.79999999e+00  1.12800000e-10 -1.91703456e-12 
 1.22800000e-10  0.00000000e+00  1.22800000e-10  1.79999999e+00  1.22800000e-10 -1.91730719e-12 
 1.32800000e-10  0.00000000e+00  1.32800000e-10  1.79999999e+00  1.32800000e-10 -1.91721780e-12 
 1.42800000e-10  0.00000000e+00  1.42800000e-10  1.79999999e+00  1.42800000e-10 -1.91739241e-12 
 1.52800000e-10  0.00000000e+00  1.52800000e-10  1.79999999e+00  1.52800000e-10 -1.91725433e-12 
 1.62800000e-10  0.00000000e+00  1.62800000e-10  1.79999999e+00  1.62800000e-10 -1.91745046e-12 
 1.72800000e-10  0.00000000e+00  1.72800000e-10  1.79999999e+00  1.72800000e-10 -1.91726062e-12 
 1.82800000e-10  0.00000000e+00  1.82800000e-10  1.79999999e+00  1.82800000e-10 -1.91746299e-12 
 1.92800000e-10  0.00000000e+00  1.92800000e-10  1.79999999e+00  1.92800000e-10 -1.91726458e-12 
 2.02800000e-10  0.00000000e+00  2.02800000e-10  1.79999999e+00  2.02800000e-10 -1.91744228e-12 
 2.12800000e-10  0.00000000e+00  2.12800000e-10  1.79999999e+00  2.12800000e-10 -1.91726897e-12 
 2.22800000e-10  0.00000000e+00  2.22800000e-10  1.79999999e+00  2.22800000e-10 -1.91744494e-12 
 2.32800000e-10  0.00000000e+00  2.32800000e-10  1.79999999e+00  2.32800000e-10 -1.91727027e-12 
 2.42800000e-10  0.00000000e+00  2.42800000e-10  1.79999999e+00  2.42800000e-10 -1.91744542e-12 
 2.52800000e-10  0.00000000e+00  2.52800000e-10  1.79999999e+00  2.52800000e-10 -1.91727737e-12 
 2.62800000e-10  0.00000000e+00  2.62800000e-10  1.79999999e+00  2.62800000e-10 -1.91744542e-12 
 2.72800000e-10  0.00000000e+00  2.72800000e-10  1.79999999e+00  2.72800000e-10 -1.91727732e-12 
 2.82800000e-10  0.00000000e+00  2.82800000e-10  1.79999999e+00  2.82800000e-10 -1.91744575e-12 
 2.92800000e-10  0.00000000e+00  2.92800000e-10  1.79999999e+00  2.92800000e-10 -1.91727716e-12 
 3.02800000e-10  0.00000000e+00  3.02800000e-10  1.79999999e+00  3.02800000e-10 -1.91744526e-12 
 3.12800000e-10  0.00000000e+00  3.12800000e-10  1.79999999e+00  3.12800000e-10 -1.91727748e-12 
 3.22800000e-10  0.00000000e+00  3.22800000e-10  1.79999999e+00  3.22800000e-10 -1.91744618e-12 
 3.32800000e-10  0.00000000e+00  3.32800000e-10  1.79999999e+00  3.32800000e-10 -1.91726442e-12 
 3.42800000e-10  0.00000000e+00  3.42800000e-10  1.79999999e+00  3.42800000e-10 -1.91744607e-12 
 3.52800000e-10  0.00000000e+00  3.52800000e-10  1.79999999e+00  3.52800000e-10 -1.91727065e-12 
 3.62800000e-10  0.00000000e+00  3.62800000e-10  1.79999999e+00  3.62800000e-10 -1.91743930e-12 
 3.72800000e-10  0.00000000e+00  3.72800000e-10  1.79999999e+00  3.72800000e-10 -1.91727873e-12 
 3.82800000e-10  0.00000000e+00  3.82800000e-10  1.79999999e+00  3.82800000e-10 -1.91743973e-12 
 3.92800000e-10  0.00000000e+00  3.92800000e-10  1.79999999e+00  3.92800000e-10 -1.91727873e-12 
 4.02800000e-10  0.00000000e+00  4.02800000e-10  1.79999999e+00  4.02800000e-10 -1.91743941e-12 
 4.12800000e-10  0.00000000e+00  4.12800000e-10  1.79999999e+00  4.12800000e-10 -1.91727011e-12 
 4.22800000e-10  0.00000000e+00  4.22800000e-10  1.79999999e+00  4.22800000e-10 -1.91746564e-12 
 4.32800000e-10  0.00000000e+00  4.32800000e-10  1.79999999e+00  4.32800000e-10 -1.91727087e-12 
 4.42800000e-10  0.00000000e+00  4.42800000e-10  1.79999999e+00  4.42800000e-10 -1.91746673e-12 
 4.52800000e-10  0.00000000e+00  4.52800000e-10  1.79999999e+00  4.52800000e-10 -1.91727060e-12 
 4.62800000e-10  0.00000000e+00  4.62800000e-10  1.79999999e+00  4.62800000e-10 -1.91745231e-12 
 4.72800000e-10  0.00000000e+00  4.72800000e-10  1.79999999e+00  4.72800000e-10 -1.91727060e-12 
 4.82800000e-10  0.00000000e+00  4.82800000e-10  1.79999999e+00  4.82800000e-10 -1.91745220e-12 
 4.92800000e-10  0.00000000e+00  4.92800000e-10  1.79999999e+00  4.92800000e-10 -1.91727786e-12 
 5.02800000e-10  0.00000000e+00  5.02800000e-10  1.79999999e+00  5.02800000e-10 -1.91745301e-12 
 5.12800000e-10  0.00000000e+00  5.12800000e-10  1.79999999e+00  5.12800000e-10 -1.91727813e-12 
 5.22800000e-10  0.00000000e+00  5.22800000e-10  1.79999999e+00  5.22800000e-10 -1.91745350e-12 
 5.32800000e-10  0.00000000e+00  5.32800000e-10  1.79999999e+00  5.32800000e-10 -1.91727878e-12 
 5.42800000e-10  0.00000000e+00  5.42800000e-10  1.79999999e+00  5.42800000e-10 -1.91745269e-12 
 5.52800000e-10  0.00000000e+00  5.52800000e-10  1.79999999e+00  5.52800000e-10 -1.91727813e-12 
 5.62800000e-10  0.00000000e+00  5.62800000e-10  1.79999999e+00  5.62800000e-10 -1.91745328e-12 
 5.72800000e-10  0.00000000e+00  5.72800000e-10  1.79999999e+00  5.72800000e-10 -1.91727884e-12 
 5.82800000e-10  0.00000000e+00  5.82800000e-10  1.79999999e+00  5.82800000e-10 -1.91745301e-12 
 5.92800000e-10  0.00000000e+00  5.92800000e-10  1.79999999e+00  5.92800000e-10 -1.91729212e-12 
 6.02800000e-10  0.00000000e+00  6.02800000e-10  1.79999999e+00  6.02800000e-10 -1.91745231e-12 
 6.12800000e-10  0.00000000e+00  6.12800000e-10  1.79999999e+00  6.12800000e-10 -1.91728426e-12 
 6.22800000e-10  0.00000000e+00  6.22800000e-10  1.79999999e+00  6.22800000e-10 -1.91745231e-12 
 6.32800000e-10  0.00000000e+00  6.32800000e-10  1.79999999e+00  6.32800000e-10 -1.91728447e-12 
 6.42800000e-10  0.00000000e+00  6.42800000e-10  1.79999999e+00  6.42800000e-10 -1.91743854e-12 
 6.52800000e-10  0.00000000e+00  6.52800000e-10  1.79999999e+00  6.52800000e-10 -1.91729179e-12 
 6.62800000e-10  0.00000000e+00  6.62800000e-10  1.79999999e+00  6.62800000e-10 -1.91743935e-12 
 6.72800000e-10  0.00000000e+00  6.72800000e-10  1.79999999e+00  6.72800000e-10 -1.91729190e-12 
 6.82800000e-10  0.00000000e+00  6.82800000e-10  1.79999999e+00  6.82800000e-10 -1.91743951e-12 
 6.92800000e-10  0.00000000e+00  6.92800000e-10  1.79999999e+00  6.92800000e-10 -1.91729271e-12 
 7.02800000e-10  0.00000000e+00  7.02800000e-10  1.79999999e+00  7.02800000e-10 -1.91743903e-12 
 7.12800000e-10  0.00000000e+00  7.12800000e-10  1.79999999e+00  7.12800000e-10 -1.91731245e-12 
 7.22800000e-10  0.00000000e+00  7.22800000e-10  1.79999999e+00  7.22800000e-10 -1.91745269e-12 
 7.32800000e-10  0.00000000e+00  7.32800000e-10  1.79999999e+00  7.32800000e-10 -1.91731245e-12 
 7.42800000e-10  0.00000000e+00  7.42800000e-10  1.79999999e+00  7.42800000e-10 -1.91745285e-12 
 7.52800000e-10  0.00000000e+00  7.52800000e-10  1.79999999e+00  7.52800000e-10 -1.91729846e-12 
 7.62800000e-10  0.00000000e+00  7.62800000e-10  1.79999999e+00  7.62800000e-10 -1.91745247e-12 
 7.72800000e-10  0.00000000e+00  7.72800000e-10  1.79999999e+00  7.72800000e-10 -1.91731261e-12 
 7.82800000e-10  0.00000000e+00  7.82800000e-10  1.79999999e+00  7.82800000e-10 -1.91745296e-12 
 7.92800000e-10  0.00000000e+00  7.92800000e-10  1.79999999e+00  7.92800000e-10 -1.91731304e-12 
 8.02800000e-10  0.00000000e+00  8.02800000e-10  1.79999999e+00  8.02800000e-10 -1.91743924e-12 
 8.12800000e-10  0.00000000e+00  8.12800000e-10  1.79999999e+00  8.12800000e-10 -1.91731304e-12 
 8.22800000e-10  0.00000000e+00  8.22800000e-10  1.79999999e+00  8.22800000e-10 -1.91745280e-12 
 8.32800000e-10  0.00000000e+00  8.32800000e-10  1.79999999e+00  8.32800000e-10 -1.91729846e-12 
 8.42800000e-10  0.00000000e+00  8.42800000e-10  1.79999999e+00  8.42800000e-10 -1.91745231e-12 
 8.52800000e-10  0.00000000e+00  8.52800000e-10  1.79999999e+00  8.52800000e-10 -1.91731283e-12 
 8.62800000e-10  0.00000000e+00  8.62800000e-10  1.79999999e+00  8.62800000e-10 -1.91745312e-12 
 8.72800000e-10  0.00000000e+00  8.72800000e-10  1.79999999e+00  8.72800000e-10 -1.91731304e-12 
 8.82800000e-10  0.00000000e+00  8.82800000e-10  1.79999999e+00  8.82800000e-10 -1.91745280e-12 
 8.92800000e-10  0.00000000e+00  8.92800000e-10  1.79999999e+00  8.92800000e-10 -1.91729841e-12 
 9.02800000e-10  0.00000000e+00  9.02800000e-10  1.79999999e+00  9.02800000e-10 -1.91745198e-12 
 9.12800000e-10  0.00000000e+00  9.12800000e-10  1.79999999e+00  9.12800000e-10 -1.91731261e-12 
 9.22800000e-10  0.00000000e+00  9.22800000e-10  1.79999999e+00  9.22800000e-10 -1.91745285e-12 
 9.32800000e-10  0.00000000e+00  9.32800000e-10  1.79999999e+00  9.32800000e-10 -1.91731245e-12 
 9.42800000e-10  0.00000000e+00  9.42800000e-10  1.79999999e+00  9.42800000e-10 -1.91745285e-12 
 9.52800000e-10  0.00000000e+00  9.52800000e-10  1.79999999e+00  9.52800000e-10 -1.91729846e-12 
 9.62800000e-10  0.00000000e+00  9.62800000e-10  1.79999999e+00  9.62800000e-10 -1.91745247e-12 
 9.72800000e-10  0.00000000e+00  9.72800000e-10  1.79999999e+00  9.72800000e-10 -1.91731261e-12 
 9.82800000e-10  0.00000000e+00  9.82800000e-10  1.79999999e+00  9.82800000e-10 -1.91745296e-12 
 9.92800000e-10  0.00000000e+00  9.92800000e-10  1.79999999e+00  9.92800000e-10 -1.91731304e-12 
 1.00000000e-09  0.00000000e+00  1.00000000e-09  1.79999999e+00  1.00000000e-09 -1.91742743e-12 
 1.00100000e-09  1.80000000e-02  1.00100000e-09  1.80235114e+00  1.00100000e-09  1.33338869e-05 
 1.00300000e-09  5.40000000e-02  1.00300000e-09  1.80681371e+00  1.00300000e-09  1.46836316e-05 
 1.00700000e-09  1.26000000e-01  1.00700000e-09  1.81451835e+00  1.00700000e-09  1.67896292e-05 
 1.01500000e-09  2.70000000e-01  1.01500000e-09  1.82667005e+00  1.01500000e-09  1.93227578e-05 
 1.02500000e-09  4.50000000e-01  1.02500000e-09  1.83889882e+00  1.02500000e-09  2.03551569e-05 
 1.03500000e-09  6.30000000e-01  1.03500000e-09  1.85052703e+00  1.03500000e-09  1.98063376e-05 
 1.04500000e-09  8.10000000e-01  1.04500000e-09  1.85436053e+00  1.04500000e-09  1.67832403e-05 
 1.05500000e-09  9.90000000e-01  1.05500000e-09  1.82447751e+00  1.05500000e-09  1.14726027e-05 
 1.06500000e-09  1.17000000e+00  1.06500000e-09  1.73035444e+00  1.06500000e-09  6.04529295e-06 
 1.07500000e-09  1.35000000e+00  1.07500000e-09  1.54909272e+00  1.07500000e-09  7.81332360e-06 
 1.08500000e-09  1.53000000e+00  1.08500000e-09  1.29067608e+00  1.08500000e-09  3.70037775e-06 
 1.09500000e-09  1.71000000e+00  1.09500000e-09  9.62399238e-01  1.09500000e-09  6.83737008e-06 
 1.10000000e-09  1.80000000e+00  1.10000000e-09  7.75358300e-01  1.10000000e-09  3.90708201e-06 
 1.10100000e-09  1.80000000e+00  1.10100000e-09  7.35875133e-01  1.10100000e-09 -5.61325727e-06 
 1.10300000e-09  1.80000000e+00  1.10300000e-09  6.57769769e-01  1.10300000e-09 -5.43380432e-06 
 1.10700000e-09  1.80000000e+00  1.10700000e-09  5.08252887e-01  1.10700000e-09 -4.72900196e-06 
 1.11500000e-09  1.80000000e+00  1.11500000e-09  2.65247267e-01  1.11500000e-09 -3.01224157e-06 
 1.12500000e-09  1.80000000e+00  1.12500000e-09  9.11529406e-02  1.12500000e-09 -1.14919638e-06 
 1.13500000e-09  1.80000000e+00  1.13500000e-09  2.60063256e-02  1.13500000e-09 -3.55001270e-07 
 1.14500000e-09  1.80000000e+00  1.14500000e-09  6.83247232e-03  1.14500000e-09 -8.32460578e-08 
 1.15500000e-09  1.80000000e+00  1.15500000e-09  1.74846273e-03  1.15500000e-09 -3.27567223e-08 
 1.16500000e-09  1.80000000e+00  1.16500000e-09  4.45054293e-04  1.16500000e-09  2.29082935e-09 
 1.17500000e-09  1.80000000e+00  1.17500000e-09  1.12825234e-04  1.17500000e-09 -1.02574907e-08 
 1.18500000e-09  1.80000000e+00  1.18500000e-09  2.93573869e-05  1.18500000e-09  7.50585287e-09 
 1.19500000e-09  1.80000000e+00  1.19500000e-09  7.58728745e-06  1.19500000e-09 -8.42525624e-09 
 1.20500000e-09  1.80000000e+00  1.20500000e-09  2.94228594e-06  1.20500000e-09  7.46664607e-09 
 1.21500000e-09  1.80000000e+00  1.21500000e-09  8.16478572e-07  1.21500000e-09 -7.94299497e-09 
 1.22500000e-09  1.80000000e+00  1.22500000e-09  1.01448507e-06  1.22500000e-09  7.09742367e-09 
 1.23500000e-09  1.80000000e+00  1.23500000e-09  2.74956932e-07  1.23500000e-09 -7.54533608e-09 
 1.24500000e-09  1.80000000e+00  1.24500000e-09  8.51474022e-07  1.24500000e-09  6.71138167e-09 
 1.25500000e-09  1.80000000e+00  1.25500000e-09  2.32744305e-07  1.25500000e-09 -7.15955446e-09 
 1.26500000e-09  1.80000000e+00  1.26500000e-09  8.37726318e-07  1.26500000e-09  6.32922999e-09 
 1.27500000e-09  1.80000000e+00  1.27500000e-09  2.31195812e-07  1.27500000e-09 -6.78008978e-09 
 1.28500000e-09  1.80000000e+00  1.28500000e-09  8.34621780e-07  1.28500000e-09  5.95267447e-09 
 1.29500000e-09  1.80000000e+00  1.29500000e-09  2.32534268e-07  1.29500000e-09 -6.40635856e-09 
 1.30500000e-09  1.80000000e+00  1.30500000e-09  8.32288118e-07  1.30500000e-09  5.58176593e-09 
 1.31500000e-09  1.80000000e+00  1.31500000e-09  2.34069279e-07  1.31500000e-09 -6.03824913e-09 
 1.32500000e-09  1.80000000e+00  1.32500000e-09  8.30022180e-07  1.32500000e-09  5.21643816e-09 
 1.33500000e-09  1.80000000e+00  1.33500000e-09  2.35609310e-07  1.33500000e-09 -5.67568411e-09 
 1.34500000e-09  1.80000000e+00  1.34500000e-09  8.27773807e-07  1.34500000e-09  4.85661762e-09 
 1.35500000e-09  1.80000000e+00  1.35500000e-09  2.37140779e-07  1.35500000e-09 -5.31858961e-09 
 1.36500000e-09  1.80000000e+00  1.36500000e-09  8.25539344e-07  1.36500000e-09  4.50223103e-09 
 1.37500000e-09  1.80000000e+00  1.37500000e-09  2.38662783e-07  1.37500000e-09 -4.96689281e-09 
 1.38500000e-09  1.80000000e+00  1.38500000e-09  8.23318448e-07  1.38500000e-09  4.15320612e-09 
 1.39500000e-09  1.80000000e+00  1.39500000e-09  2.40175318e-07  1.39500000e-09 -4.62052183e-09 
 1.40500000e-09  1.80000000e+00  1.40500000e-09  8.21111013e-07  1.40500000e-09  3.80947142e-09 
 1.41500000e-09  1.80000000e+00  1.41500000e-09  2.41678442e-07  1.41500000e-09 -4.27940574e-09 
 1.42500000e-09  1.80000000e+00  1.42500000e-09  8.18916952e-07  1.42500000e-09  3.47095655e-09 
 1.43500000e-09  1.80000000e+00  1.43500000e-09  2.43172223e-07  1.43500000e-09 -3.94347463e-09 
 1.44500000e-09  1.80000000e+00  1.44500000e-09  8.16736177e-07  1.44500000e-09  3.13759195e-09 
 1.45500000e-09  1.80000000e+00  1.45500000e-09  2.44656723e-07  1.45500000e-09 -3.61265927e-09 
 1.46500000e-09  1.80000000e+00  1.46500000e-09  8.14568601e-07  1.46500000e-09  2.80930895e-09 
 1.47500000e-09  1.80000000e+00  1.47500000e-09  2.46132005e-07  1.47500000e-09 -3.28689159e-09 
 1.48500000e-09  1.80000000e+00  1.48500000e-09  8.12414141e-07  1.48500000e-09  2.48603976e-09 
 1.49500000e-09  1.80000000e+00  1.49500000e-09  2.47598134e-07  1.49500000e-09 -2.96610425e-09 
 1.50500000e-09  1.80000000e+00  1.50500000e-09  8.10272711e-07  1.50500000e-09  2.16771757e-09 
 1.51500000e-09  1.80000000e+00  1.51500000e-09  2.49055171e-07  1.51500000e-09 -2.65023073e-09 
 1.52500000e-09  1.80000000e+00  1.52500000e-09  8.08144228e-07  1.52500000e-09  1.85427646e-09 
 1.53500000e-09  1.80000000e+00  1.53500000e-09  2.50503178e-07  1.53500000e-09 -2.33920554e-09 
 1.54500000e-09  1.80000000e+00  1.54500000e-09  8.06028607e-07  1.54500000e-09  1.54565109e-09 
 1.55500000e-09  1.80000000e+00  1.55500000e-09  2.51942217e-07  1.55500000e-09 -2.03296392e-09 
 1.56500000e-09  1.80000000e+00  1.56500000e-09  8.03925766e-07  1.56500000e-09  1.24177731e-09 
 1.57500000e-09  1.80000000e+00  1.57500000e-09  2.53372350e-07  1.57500000e-09 -1.73144198e-09 
 1.58500000e-09  1.80000000e+00  1.58500000e-09  8.01835623e-07  1.58500000e-09  9.42591611e-10 
 1.59500000e-09  1.80000000e+00  1.59500000e-09  2.54793636e-07  1.59500000e-09 -1.43457675e-09 
 1.60500000e-09  1.80000000e+00  1.60500000e-09  7.99758097e-07  1.60500000e-09  6.48031273e-10 
 1.61500000e-09  1.80000000e+00  1.61500000e-09  2.56206136e-07  1.61500000e-09 -1.14230587e-09 
 1.62500000e-09  1.80000000e+00  1.62500000e-09  7.97693106e-07  1.62500000e-09  3.58034592e-10 
 1.63500000e-09  1.80000000e+00  1.63500000e-09  2.57609909e-07  1.63500000e-09 -8.54567999e-10 
 1.64500000e-09  1.80000000e+00  1.64500000e-09  7.95640571e-07  1.64500000e-09  7.25404224e-11 
 1.65500000e-09  1.80000000e+00  1.65500000e-09  2.59005015e-07  1.65500000e-09 -5.71302497e-10 
 1.66500000e-09  1.80000000e+00  1.66500000e-09  7.93600410e-07  1.66500000e-09 -2.08511362e-10 
 1.67500000e-09  1.80000000e+00  1.67500000e-09  2.60391512e-07  1.67500000e-09 -2.92449528e-10 
 1.68500000e-09  1.80000000e+00  1.68500000e-09  7.91572546e-07  1.68500000e-09 -4.85180282e-10 
 1.69500000e-09  1.80000000e+00  1.69500000e-09  2.61769459e-07  1.69500000e-09 -1.79499641e-11 
 1.70500000e-09  1.80000000e+00  1.70500000e-09  7.89556900e-07  1.70500000e-09 -7.57524979e-10 
 1.71500000e-09  1.80000000e+00  1.71500000e-09  2.63138912e-07  1.71500000e-09  2.52254419e-10 
 1.72500000e-09  1.80000000e+00  1.72500000e-09  7.87553393e-07  1.72500000e-09 -1.02560337e-09 
 1.73500000e-09  1.80000000e+00  1.73500000e-09  2.64499930e-07  1.73500000e-09  5.18221192e-10 
 1.74500000e-09  1.80000000e+00  1.74500000e-09  7.85561948e-07  1.74500000e-09 -1.28947259e-09 
 1.75500000e-09  1.80000000e+00  1.75500000e-09  2.65852569e-07  1.75500000e-09  7.80007061e-10 
 1.76500000e-09  1.80000000e+00  1.76500000e-09  7.83582488e-07  1.76500000e-09 -1.54918918e-09 
 1.77500000e-09  1.80000000e+00  1.77500000e-09  2.67196885e-07  1.77500000e-09  1.03766824e-09 
 1.78500000e-09  1.80000000e+00  1.78500000e-09  7.81614938e-07  1.78500000e-09 -1.80480870e-09 
 1.79500000e-09  1.80000000e+00  1.79500000e-09  2.68532935e-07  1.79500000e-09  1.29125991e-09 
 1.80500000e-09  1.80000000e+00  1.80500000e-09  7.79659221e-07  1.80500000e-09 -2.05638617e-09 
 1.81500000e-09  1.80000000e+00  1.81500000e-09  2.69860774e-07  1.81500000e-09  1.54083679e-09 
 1.82500000e-09  1.80000000e+00  1.82500000e-09  7.77715262e-07  1.82500000e-09 -2.30397581e-09 
 1.83500000e-09  1.80000000e+00  1.83500000e-09  2.71180457e-07  1.83500000e-09  1.78645267e-09 
 1.84500000e-09  1.80000000e+00  1.84500000e-09  7.75782986e-07  1.84500000e-09 -2.54763120e-09 
 1.85500000e-09  1.80000000e+00  1.85500000e-09  2.72492038e-07  1.85500000e-09  2.02816081e-09 
 1.86500000e-09  1.80000000e+00  1.86500000e-09  7.73862320e-07  1.86500000e-09 -2.78740514e-09 
 1.87500000e-09  1.80000000e+00  1.87500000e-09  2.73795573e-07  1.87500000e-09  2.26601371e-09 
 1.88500000e-09  1.80000000e+00  1.88500000e-09  7.71953190e-07  1.88500000e-09 -3.02334982e-09 
 1.89500000e-09  1.80000000e+00  1.89500000e-09  2.75091113e-07  1.89500000e-09  2.50006307e-09 
 1.90500000e-09  1.80000000e+00  1.90500000e-09  7.70055522e-07  1.90500000e-09 -3.25551670e-09 
 1.91500000e-09  1.80000000e+00  1.91500000e-09  2.76378714e-07  1.91500000e-09  2.73036024e-09 
 1.92500000e-09  1.80000000e+00  1.92500000e-09  7.68169244e-07  1.92500000e-09 -3.48395665e-09 
 1.93500000e-09  1.80000000e+00  1.93500000e-09  2.77658427e-07  1.93500000e-09  2.95695553e-09 
 1.94500000e-09  1.80000000e+00  1.94500000e-09  7.66294285e-07  1.94500000e-09 -3.70871972e-09 
 1.95500000e-09  1.80000000e+00  1.95500000e-09  2.78930305e-07  1.95500000e-09  3.17989884e-09 
 1.96500000e-09  1.80000000e+00  1.96500000e-09  7.64430572e-07  1.96500000e-09 -3.92985556e-09 
 1.97500000e-09  1.80000000e+00  1.97500000e-09  2.80194401e-07  1.97500000e-09  3.39923939e-09 
 1.98500000e-09  1.80000000e+00  1.98500000e-09  7.62578036e-07  1.98500000e-09 -4.14741284e-09 
 1.99500000e-09  1.80000000e+00  1.99500000e-09  2.81450766e-07  1.99500000e-09  3.61502553e-09 
 2.00500000e-09  1.80000000e+00  2.00500000e-09  7.60736605e-07  2.00500000e-09 -4.36143988e-09 
 2.01500000e-09  1.80000000e+00  2.01500000e-09  2.82699452e-07  2.01500000e-09  3.82730539e-09 
 2.02500000e-09  1.80000000e+00  2.02500000e-09  7.58906209e-07  2.02500000e-09 -4.57198427e-09 
 2.03500000e-09  1.80000000e+00  2.03500000e-09  2.83940508e-07  2.03500000e-09  4.03612614e-09 
 2.04500000e-09  1.80000000e+00  2.04500000e-09  7.57086779e-07  2.04500000e-09 -4.77909296e-09 
 2.05500000e-09  1.80000000e+00  2.05500000e-09  2.85173986e-07  2.05500000e-09  4.24153444e-09 
 2.06500000e-09  1.80000000e+00  2.06500000e-09  7.55278246e-07  2.06500000e-09 -4.98281233e-09 
 2.07500000e-09  1.80000000e+00  2.07500000e-09  2.86399936e-07  2.07500000e-09  4.44357633e-09 
 2.08500000e-09  1.80000000e+00  2.08500000e-09  7.53480543e-07  2.08500000e-09 -5.18318814e-09 
 2.09500000e-09  1.80000000e+00  2.09500000e-09  2.87618407e-07  2.09500000e-09  4.64229736e-09 
 2.10500000e-09  1.80000000e+00  2.10500000e-09  7.51693600e-07  2.10500000e-09 -5.38026553e-09 
 2.11500000e-09  1.80000000e+00  2.11500000e-09  2.88829449e-07  2.11500000e-09  4.83774228e-09 
 2.12500000e-09  1.80000000e+00  2.12500000e-09  7.49917350e-07  2.12500000e-09 -5.57408906e-09 
 2.13500000e-09  1.80000000e+00  2.13500000e-09  2.90033111e-07  2.13500000e-09  5.02995544e-09 
 2.14500000e-09  1.80000000e+00  2.14500000e-09  7.48151726e-07  2.14500000e-09 -5.76470271e-09 
 2.15500000e-09  1.80000000e+00  2.15500000e-09  2.91229442e-07  2.15500000e-09  5.21898054e-09 
 2.16500000e-09  1.80000000e+00  2.16500000e-09  7.46396663e-07  2.16500000e-09 -5.95214997e-09 
 2.17500000e-09  1.80000000e+00  2.17500000e-09  2.92418489e-07  2.17500000e-09  5.40486073e-09 
 2.18500000e-09  1.80000000e+00  2.18500000e-09  7.44652093e-07  2.18500000e-09 -6.13647361e-09 
 2.19500000e-09  1.80000000e+00  2.19500000e-09  2.93600300e-07  2.19500000e-09  5.58763847e-09 
 2.20500000e-09  1.80000000e+00  2.20500000e-09  7.42917952e-07  2.20500000e-09 -6.31771599e-09 
 2.21500000e-09  1.80000000e+00  2.21500000e-09  2.94774924e-07  2.21500000e-09  5.76735596e-09 
 2.22500000e-09  1.80000000e+00  2.22500000e-09  7.41194173e-07  2.22500000e-09 -6.49591886e-09 
 2.23500000e-09  1.80000000e+00  2.23500000e-09  2.95942406e-07  2.23500000e-09  5.94405452e-09 
 2.24500000e-09  1.80000000e+00  2.24500000e-09  7.39480693e-07  2.24500000e-09 -6.67112338e-09 
 2.25500000e-09  1.80000000e+00  2.25500000e-09  2.97102794e-07  2.25500000e-09  6.11777515e-09 
 2.26500000e-09  1.80000000e+00  2.26500000e-09  7.37777448e-07  2.26500000e-09 -6.84337017e-09 
 2.27500000e-09  1.80000000e+00  2.27500000e-09  2.98256135e-07  2.27500000e-09  6.28855822e-09 
 2.28500000e-09  1.80000000e+00  2.28500000e-09  7.36084373e-07  2.28500000e-09 -7.01269943e-09 
 2.29500000e-09  1.80000000e+00  2.29500000e-09  2.99402473e-07  2.29500000e-09  6.45644365e-09 
 2.30500000e-09  1.80000000e+00  2.30500000e-09  7.34401405e-07  2.30500000e-09 -7.17915078e-09 
 2.31500000e-09  1.80000000e+00  2.31500000e-09  3.00541856e-07  2.31500000e-09  6.62147073e-09 
 2.32500000e-09  1.80000000e+00  2.32500000e-09  7.32728482e-07  2.32500000e-09 -7.34276328e-09 
 2.33500000e-09  1.80000000e+00  2.33500000e-09  3.01674327e-07  2.33500000e-09  6.78367835e-09 
 2.34500000e-09  1.80000000e+00  2.34500000e-09  7.31065541e-07  2.34500000e-09 -7.50357554e-09 
 2.35500000e-09  1.80000000e+00  2.35500000e-09  3.02799933e-07  2.35500000e-09  6.94310474e-09 
 2.36500000e-09  1.80000000e+00  2.36500000e-09  7.29412521e-07  2.36500000e-09 -7.66162559e-09 
 2.37500000e-09  1.80000000e+00  2.37500000e-09  3.03918718e-07  2.37500000e-09  7.09978787e-09 
 2.38500000e-09  1.80000000e+00  2.38500000e-09  7.27769359e-07  2.38500000e-09 -7.81695103e-09 
 2.39500000e-09  1.80000000e+00  2.39500000e-09  3.05030726e-07  2.39500000e-09  7.25376501e-09 
 2.40500000e-09  1.80000000e+00  2.40500000e-09  7.26135994e-07  2.40500000e-09 -7.96958897e-09 
 2.41500000e-09  1.80000000e+00  2.41500000e-09  3.06136001e-07  2.41500000e-09  7.40507294e-09 
 2.42500000e-09  1.80000000e+00  2.42500000e-09  7.24512366e-07  2.42500000e-09 -8.11957605e-09 
 2.43500000e-09  1.80000000e+00  2.43500000e-09  3.07234588e-07  2.43500000e-09  7.55374820e-09 
 2.44500000e-09  1.80000000e+00  2.44500000e-09  7.22898415e-07  2.44500000e-09 -8.26694833e-09 
 2.45500000e-09  1.80000000e+00  2.45500000e-09  3.08326528e-07  2.45500000e-09  7.69982654e-09 
 2.46500000e-09  1.80000000e+00  2.46500000e-09  7.21294081e-07  2.46500000e-09 -8.41174157e-09 
 2.47500000e-09  1.80000000e+00  2.47500000e-09  3.09411865e-07  2.47500000e-09  7.84334341e-09 
 2.48500000e-09  1.80000000e+00  2.48500000e-09  7.19699305e-07  2.48500000e-09 -8.55399083e-09 
 2.49500000e-09  1.80000000e+00  2.49500000e-09  3.10490643e-07  2.49500000e-09  7.98433385e-09 
 2.50500000e-09  1.80000000e+00  2.50500000e-09  7.18114026e-07  2.50500000e-09 -8.69373097e-09 
 2.51500000e-09  1.80000000e+00  2.51500000e-09  3.11562903e-07  2.51500000e-09  8.12283226e-09 
 2.52500000e-09  1.80000000e+00  2.52500000e-09  7.16538188e-07  2.52500000e-09 -8.83099614e-09 
 2.53500000e-09  1.80000000e+00  2.53500000e-09  3.12628687e-07  2.53500000e-09  8.25887277e-09 
 2.54500000e-09  1.80000000e+00  2.54500000e-09  7.14971731e-07  2.54500000e-09 -8.96582035e-09 
 2.55500000e-09  1.80000000e+00  2.55500000e-09  3.13688037e-07  2.55500000e-09  8.39248896e-09 
 2.56500000e-09  1.80000000e+00  2.56500000e-09  7.13414599e-07  2.56500000e-09 -9.09823684e-09 
 2.57500000e-09  1.80000000e+00  2.57500000e-09  3.14740995e-07  2.57500000e-09  8.52371405e-09 
 2.58500000e-09  1.80000000e+00  2.58500000e-09  7.11866733e-07  2.58500000e-09 -9.22827862e-09 
 2.59500000e-09  1.80000000e+00  2.59500000e-09  3.15787601e-07  2.59500000e-09  8.65258075e-09 
 2.60500000e-09  1.80000000e+00  2.60500000e-09  7.10328076e-07  2.60500000e-09 -9.35597825e-09 
 2.61500000e-09  1.80000000e+00  2.61500000e-09  3.16827897e-07  2.61500000e-09  8.77912133e-09 
 2.62500000e-09  1.80000000e+00  2.62500000e-09  7.08798573e-07  2.62500000e-09 -9.48136780e-09 
 2.63500000e-09  1.80000000e+00  2.63500000e-09  3.17861922e-07  2.63500000e-09  8.90336774e-09 
 2.64500000e-09  1.80000000e+00  2.64500000e-09  7.07278166e-07  2.64500000e-09 -9.60447886e-09 
 2.65500000e-09  1.80000000e+00  2.65500000e-09  3.18889719e-07  2.65500000e-09  9.02535142e-09 
 2.66500000e-09  1.80000000e+00  2.66500000e-09  7.05766801e-07  2.66500000e-09 -9.72534281e-09 
 2.67500000e-09  1.80000000e+00  2.67500000e-09  3.19911324e-07  2.67500000e-09  9.14510342e-09 
 2.68500000e-09  1.80000000e+00  2.68500000e-09  7.04264421e-07  2.68500000e-09 -9.84399055e-09 
 2.69500000e-09  1.80000000e+00  2.69500000e-09  3.20926780e-07  2.69500000e-09  9.26265445e-09 
 2.70500000e-09  1.80000000e+00  2.70500000e-09  7.02770971e-07  2.70500000e-09 -9.96045241e-09 
 2.71500000e-09  1.80000000e+00  2.71500000e-09  3.21936125e-07  2.71500000e-09  9.37803472e-09 
 2.72500000e-09  1.80000000e+00  2.72500000e-09  7.01286398e-07  2.72500000e-09 -1.00747585e-08 
 2.73500000e-09  1.80000000e+00  2.73500000e-09  3.22939398e-07  2.73500000e-09  9.49127408e-09 
 2.74500000e-09  1.80000000e+00  2.74500000e-09  6.99810646e-07  2.74500000e-09 -1.01869385e-08 
 2.75500000e-09  1.80000000e+00  2.75500000e-09  3.23936637e-07  2.75500000e-09  9.60240208e-09 
 2.76500000e-09  1.80000000e+00  2.76500000e-09  6.98343662e-07  2.76500000e-09 -1.02970217e-08 
 2.77500000e-09  1.80000000e+00  2.77500000e-09  3.24927883e-07  2.77500000e-09  9.71144770e-09 
 2.78500000e-09  1.80000000e+00  2.78500000e-09  6.96885391e-07  2.78500000e-09 -1.04050369e-08 
 2.79500000e-09  1.80000000e+00  2.79500000e-09  3.25913171e-07  2.79500000e-09  9.81843968e-09 
 2.80500000e-09  1.80000000e+00  2.80500000e-09  6.95435782e-07  2.80500000e-09 -1.05110127e-08 
 2.81500000e-09  1.80000000e+00  2.81500000e-09  3.26892541e-07  2.81500000e-09  9.92340641e-09 
 2.82500000e-09  1.80000000e+00  2.82500000e-09  6.93994781e-07  2.82500000e-09 -1.06149773e-08 
 2.83500000e-09  1.80000000e+00  2.83500000e-09  3.27866030e-07  2.83500000e-09  1.00263757e-08 
 2.84500000e-09  1.80000000e+00  2.84500000e-09  6.92562336e-07  2.84500000e-09 -1.07169583e-08 
 2.85500000e-09  1.80000000e+00  2.85500000e-09  3.28833676e-07  2.85500000e-09  1.01273753e-08 
 2.86500000e-09  1.80000000e+00  2.86500000e-09  6.91138395e-07  2.86500000e-09 -1.08169832e-08 
 2.87500000e-09  1.80000000e+00  2.87500000e-09  3.29795515e-07  2.87500000e-09  1.02264324e-08 
 2.88500000e-09  1.80000000e+00  2.88500000e-09  6.89722905e-07  2.88500000e-09 -1.09150791e-08 
 2.89500000e-09  1.80000000e+00  2.89500000e-09  3.30751584e-07  2.89500000e-09  1.03235737e-08 
 2.90500000e-09  1.80000000e+00  2.90500000e-09  6.88315815e-07  2.90500000e-09 -1.10112726e-08 
 2.91500000e-09  1.80000000e+00  2.91500000e-09  3.31701920e-07  2.91500000e-09  1.04188261e-08 
 2.92500000e-09  1.80000000e+00  2.92500000e-09  6.86917075e-07  2.92500000e-09 -1.11055901e-08 
 2.93500000e-09  1.80000000e+00  2.93500000e-09  3.32646559e-07  2.93500000e-09  1.05122153e-08 
 2.94500000e-09  1.80000000e+00  2.94500000e-09  6.85526633e-07  2.94500000e-09 -1.11980576e-08 
 2.95500000e-09  1.80000000e+00  2.95500000e-09  3.33585538e-07  2.95500000e-09  1.06037675e-08 
 2.96500000e-09  1.80000000e+00  2.96500000e-09  6.84144440e-07  2.96500000e-09 -1.12887008e-08 
 2.97500000e-09  1.80000000e+00  2.97500000e-09  3.34518891e-07  2.97500000e-09  1.06935080e-08 
 2.98500000e-09  1.80000000e+00  2.98500000e-09  6.82770445e-07  2.98500000e-09 -1.13775449e-08 
 2.99500000e-09  1.80000000e+00  2.99500000e-09  3.35446655e-07  2.99500000e-09  1.07814620e-08 
 3.00500000e-09  1.80000000e+00  3.00500000e-09  6.81404598e-07  3.00500000e-09 -1.14646150e-08 
 3.01500000e-09  1.80000000e+00  3.01500000e-09  3.36368865e-07  3.01500000e-09  1.08676544e-08 
 3.02500000e-09  1.80000000e+00  3.02500000e-09  6.80046851e-07  3.02500000e-09 -1.15499358e-08 
 3.03500000e-09  1.80000000e+00  3.03500000e-09  3.37285556e-07  3.03500000e-09  1.09521096e-08 
 3.04500000e-09  1.80000000e+00  3.04500000e-09  6.78697154e-07  3.04500000e-09 -1.16335315e-08 
 3.05500000e-09  1.80000000e+00  3.05500000e-09  3.38196762e-07  3.05500000e-09  1.10348519e-08 
 3.06500000e-09  1.80000000e+00  3.06500000e-09  6.77355458e-07  3.06500000e-09 -1.17154262e-08 
 3.07500000e-09  1.80000000e+00  3.07500000e-09  3.39102518e-07  3.07500000e-09  1.11159051e-08 
 3.08500000e-09  1.80000000e+00  3.08500000e-09  6.60859995e-07  3.08500000e-09 -1.17959869e-08 
 3.09500000e-09  1.80000000e+00  3.09500000e-09  3.20994921e-07  3.09500000e-09  1.11955475e-08 
 3.10500000e-09  1.80000000e+00  3.10500000e-09  6.69728281e-07  3.10500000e-09 -1.18741432e-08 
 3.11500000e-09  1.80000000e+00  3.11500000e-09  3.39544251e-07  3.11500000e-09  1.12730560e-08 
 3.12500000e-09  1.80000000e+00  3.12500000e-09  6.57929749e-07  3.12500000e-09 -1.19514770e-08 
 3.13500000e-09  1.80000000e+00  3.13500000e-09  3.22767356e-07  3.13500000e-09  1.13494187e-08 
 3.14500000e-09  1.80000000e+00  3.14500000e-09  6.67097025e-07  3.14500000e-09 -1.20264004e-08 
 3.15500000e-09  1.80000000e+00  3.15500000e-09  3.41317267e-07  3.15500000e-09  1.14237110e-08 
 3.16500000e-09  1.80000000e+00  3.16500000e-09  6.55375603e-07  3.16500000e-09 -1.21005394e-08 
 3.17500000e-09  1.80000000e+00  3.17500000e-09  3.24604045e-07  3.17500000e-09  1.14969016e-08 
 3.18500000e-09  1.80000000e+00  3.18500000e-09  6.64519167e-07  3.18500000e-09 -1.21723156e-08 
 3.19500000e-09  1.80000000e+00  3.19500000e-09  3.43075248e-07  3.19500000e-09  1.15680679e-08 
 3.20500000e-09  1.80000000e+00  3.20500000e-09  6.52853184e-07  3.20500000e-09 -1.22433483e-08 
 3.21500000e-09  1.80000000e+00  3.21500000e-09  3.26419264e-07  3.21500000e-09  1.16381747e-08 
 3.22500000e-09  1.80000000e+00  3.22500000e-09  6.61971861e-07  3.22500000e-09 -1.23120647e-08 
 3.23500000e-09  1.80000000e+00  3.23500000e-09  3.44812335e-07  3.23500000e-09  1.17063023e-08 
 3.24500000e-09  1.80000000e+00  3.24500000e-09  6.50360566e-07  3.24500000e-09 -1.23800775e-08 
 3.25500000e-09  1.80000000e+00  3.25500000e-09  3.28212891e-07  3.25500000e-09  1.17734111e-08 
 3.26500000e-09  1.80000000e+00  3.26500000e-09  6.44664486e-07  3.26500000e-09 -1.24461544e-08 
 3.27500000e-09  1.80000000e+00  3.27500000e-09  3.27986647e-07  3.27500000e-09  1.18388332e-08 
 3.28500000e-09  1.80000000e+00  3.28500000e-09  6.43160201e-07  3.28500000e-09 -1.25108318e-08 
 3.29500000e-09  1.80000000e+00  3.29500000e-09  3.28801038e-07  3.29500000e-09  1.19027948e-08 
 3.30500000e-09  1.80000000e+00  3.30500000e-09  6.41930334e-07  3.30500000e-09 -1.25740767e-08 
 3.31500000e-09  1.80000000e+00  3.31500000e-09  3.29676954e-07  3.31500000e-09  1.19653296e-08 
 3.32500000e-09  1.80000000e+00  3.32500000e-09  6.40724707e-07  3.32500000e-09 -1.26359059e-08 
 3.33500000e-09  1.80000000e+00  3.33500000e-09  3.30551891e-07  3.33500000e-09  1.20264584e-08 
 3.34500000e-09  1.80000000e+00  3.34500000e-09  6.39527300e-07  3.34500000e-09 -1.26963392e-08 
 3.35500000e-09  1.80000000e+00  3.35500000e-09  3.31421887e-07  3.35500000e-09  1.20862010e-08 
 3.36500000e-09  1.80000000e+00  3.36500000e-09  6.38337051e-07  3.36500000e-09 -1.27553961e-08 
 3.37500000e-09  1.80000000e+00  3.37500000e-09  3.32286720e-07  3.37500000e-09  1.21445771e-08 
 3.38500000e-09  1.80000000e+00  3.38500000e-09  6.37153852e-07  3.38500000e-09 -1.28130963e-08 
 3.39500000e-09  1.80000000e+00  3.39500000e-09  3.33146406e-07  3.39500000e-09  1.22016061e-08 
 3.40500000e-09  1.80000000e+00  3.40500000e-09  6.35977657e-07  3.40500000e-09 -1.28694587e-08 
 3.41500000e-09  1.80000000e+00  3.41500000e-09  3.34000976e-07  3.41500000e-09  1.22573068e-08 
 3.42500000e-09  1.80000000e+00  3.42500000e-09  6.34808424e-07  3.42500000e-09 -1.29245025e-08 
 3.43500000e-09  1.80000000e+00  3.43500000e-09  3.34850460e-07  3.43500000e-09  1.23116982e-08 
 3.44500000e-09  1.80000000e+00  3.44500000e-09  6.33646111e-07  3.44500000e-09 -1.29782462e-08 
 3.45500000e-09  1.80000000e+00  3.45500000e-09  3.35694891e-07  3.45500000e-09  1.23647988e-08 
 3.46500000e-09  1.80000000e+00  3.46500000e-09  6.32490675e-07  3.46500000e-09 -1.30307082e-08 
 3.47500000e-09  1.80000000e+00  3.47500000e-09  3.36534300e-07  3.47500000e-09  1.24166270e-08 
 3.48500000e-09  1.80000000e+00  3.48500000e-09  6.31342078e-07  3.48500000e-09 -1.30819070e-08 
 3.49500000e-09  1.80000000e+00  3.49500000e-09  3.37368717e-07  3.49500000e-09  1.24672008e-08 
 3.50500000e-09  1.80000000e+00  3.50500000e-09  6.30200277e-07  3.50500000e-09 -1.31318602e-08 
 3.51500000e-09  1.80000000e+00  3.51500000e-09  3.38198174e-07  3.51500000e-09  1.25165379e-08 
 3.52500000e-09  1.80000000e+00  3.52500000e-09  6.29065232e-07  3.52500000e-09 -1.31805857e-08 
 3.53500000e-09  1.80000000e+00  3.53500000e-09  3.39022702e-07  3.53500000e-09  1.25646562e-08 
 3.54500000e-09  1.80000000e+00  3.54500000e-09  6.27936903e-07  3.54500000e-09 -1.32281010e-08 
 3.55500000e-09  1.80000000e+00  3.55500000e-09  3.39842329e-07  3.55500000e-09  1.26115729e-08 
 3.56500000e-09  1.80000000e+00  3.56500000e-09  6.26815250e-07  3.56500000e-09 -1.32744233e-08 
 3.57500000e-09  1.80000000e+00  3.57500000e-09  3.40657088e-07  3.57500000e-09  1.26573051e-08 
 3.58500000e-09  1.80000000e+00  3.58500000e-09  6.25700233e-07  3.58500000e-09 -1.33195696e-08 
 3.59500000e-09  1.80000000e+00  3.59500000e-09  3.41467007e-07  3.59500000e-09  1.27018697e-08 
 3.60500000e-09  1.80000000e+00  3.60500000e-09  6.24591813e-07  3.60500000e-09 -1.33635568e-08 
 3.61500000e-09  1.80000000e+00  3.61500000e-09  3.42272116e-07  3.61500000e-09  1.27452835e-08 
 3.62500000e-09  1.80000000e+00  3.62500000e-09  6.23489950e-07  3.62500000e-09 -1.34064014e-08 
 3.63500000e-09  1.80000000e+00  3.63500000e-09  3.43072445e-07  3.63500000e-09  1.27875630e-08 
 3.64500000e-09  1.80000000e+00  3.64500000e-09  6.22394605e-07  3.64500000e-09 -1.34481197e-08 
 3.65500000e-09  1.80000000e+00  3.65500000e-09  3.43868023e-07  3.65500000e-09  1.28287243e-08 
 3.66500000e-09  1.80000000e+00  3.66500000e-09  6.21305740e-07  3.66500000e-09 -1.34887280e-08 
 3.67500000e-09  1.80000000e+00  3.67500000e-09  3.44658880e-07  3.67500000e-09  1.28687836e-08 
 3.68500000e-09  1.80000000e+00  3.68500000e-09  6.20223315e-07  3.68500000e-09 -1.35282422e-08 
 3.69500000e-09  1.80000000e+00  3.69500000e-09  3.45445044e-07  3.69500000e-09  1.29077566e-08 
 3.70500000e-09  1.80000000e+00  3.70500000e-09  6.19147294e-07  3.70500000e-09 -1.35666779e-08 
 3.71500000e-09  1.80000000e+00  3.71500000e-09  3.46226544e-07  3.71500000e-09  1.29456590e-08 
 3.72500000e-09  1.80000000e+00  3.72500000e-09  6.18077637e-07  3.72500000e-09 -1.36040508e-08 
 3.73500000e-09  1.80000000e+00  3.73500000e-09  3.47003408e-07  3.73500000e-09  1.29825061e-08 
 3.74500000e-09  1.80000000e+00  3.74500000e-09  6.17014308e-07  3.74500000e-09 -1.36403760e-08 
 3.75500000e-09  1.80000000e+00  3.75500000e-09  3.47775665e-07  3.75500000e-09  1.30183133e-08 
 3.76500000e-09  1.80000000e+00  3.76500000e-09  6.15957268e-07  3.76500000e-09 -1.36756688e-08 
 3.77500000e-09  1.80000000e+00  3.77500000e-09  3.48543344e-07  3.77500000e-09  1.30530954e-08 
 3.78500000e-09  1.80000000e+00  3.78500000e-09  6.14906481e-07  3.78500000e-09 -1.37099440e-08 
 3.79500000e-09  1.80000000e+00  3.79500000e-09  3.49306471e-07  3.79500000e-09  1.30868674e-08 
 3.80500000e-09  1.80000000e+00  3.80500000e-09  6.13861908e-07  3.80500000e-09 -1.37432163e-08 
 3.81500000e-09  1.80000000e+00  3.81500000e-09  3.50065075e-07  3.81500000e-09  1.31196437e-08 
 3.82500000e-09  1.80000000e+00  3.82500000e-09  6.12823515e-07  3.82500000e-09 -1.37755003e-08 
 3.83500000e-09  1.80000000e+00  3.83500000e-09  3.50819184e-07  3.83500000e-09  1.31514390e-08 
 3.84500000e-09  1.80000000e+00  3.84500000e-09  6.11791263e-07  3.84500000e-09 -1.38068103e-08 
 3.85500000e-09  1.80000000e+00  3.85500000e-09  3.51568824e-07  3.85500000e-09  1.31822672e-08 
 3.86500000e-09  1.80000000e+00  3.86500000e-09  6.10765117e-07  3.86500000e-09 -1.38371604e-08 
 3.87500000e-09  1.80000000e+00  3.87500000e-09  3.52314023e-07  3.87500000e-09  1.32121426e-08 
 3.88500000e-09  1.80000000e+00  3.88500000e-09  6.09745040e-07  3.88500000e-09 -1.38665645e-08 
 3.89500000e-09  1.80000000e+00  3.89500000e-09  3.53054808e-07  3.89500000e-09  1.32410789e-08 
 3.90500000e-09  1.80000000e+00  3.90500000e-09  6.08730997e-07  3.90500000e-09 -1.38950364e-08 
 3.91500000e-09  1.80000000e+00  3.91500000e-09  3.53791205e-07  3.91500000e-09  1.32690899e-08 
 3.92500000e-09  1.80000000e+00  3.92500000e-09  6.07722952e-07  3.92500000e-09 -1.39225898e-08 
 3.93500000e-09  1.80000000e+00  3.93500000e-09  3.54523243e-07  3.93500000e-09  1.32961890e-08 
 3.94500000e-09  1.80000000e+00  3.94500000e-09  6.06720870e-07  3.94500000e-09 -1.39492379e-08 
 3.95500000e-09  1.80000000e+00  3.95500000e-09  3.55250946e-07  3.95500000e-09  1.33223896e-08 
 3.96500000e-09  1.80000000e+00  3.96500000e-09  6.05724716e-07  3.96500000e-09 -1.39749941e-08 
 3.97500000e-09  1.80000000e+00  3.97500000e-09  3.55974341e-07  3.97500000e-09  1.33477047e-08 
 3.98500000e-09  1.80000000e+00  3.98500000e-09  6.04734454e-07  3.98500000e-09 -1.39998714e-08 
 3.99500000e-09  1.80000000e+00  3.99500000e-09  3.56693455e-07  3.99500000e-09  1.33721473e-08 
 4.00500000e-09  1.80000000e+00  4.00500000e-09  6.03750049e-07  4.00500000e-09 -1.40238826e-08 
 4.01500000e-09  1.80000000e+00  4.01500000e-09  3.57408313e-07  4.01500000e-09  1.33957303e-08 
 4.02500000e-09  1.80000000e+00  4.02500000e-09  6.02771468e-07  4.02500000e-09 -1.40470404e-08 
 4.03500000e-09  1.80000000e+00  4.03500000e-09  3.58118941e-07  4.03500000e-09  1.34184662e-08 
 4.04500000e-09  1.80000000e+00  4.04500000e-09  6.01798676e-07  4.04500000e-09 -1.40693575e-08 
 4.05500000e-09  1.80000000e+00  4.05500000e-09  3.58825364e-07  4.05500000e-09  1.34403675e-08 
 4.06500000e-09  1.80000000e+00  4.06500000e-09  6.00831639e-07  4.06500000e-09 -1.40908461e-08 
 4.07500000e-09  1.80000000e+00  4.07500000e-09  3.59527609e-07  4.07500000e-09  1.34614465e-08 
 4.08500000e-09  1.80000000e+00  4.08500000e-09  5.99870323e-07  4.08500000e-09 -1.41115185e-08 
 4.09500000e-09  1.80000000e+00  4.09500000e-09  3.60225700e-07  4.09500000e-09  1.34817152e-08 
 4.10500000e-09  1.80000000e+00  4.10500000e-09  5.98914695e-07  4.10500000e-09 -1.41313866e-08 
 4.11500000e-09  1.80000000e+00  4.11500000e-09  3.60919663e-07  4.11500000e-09  1.35011858e-08 
 4.12500000e-09  1.80000000e+00  4.12500000e-09  5.97964721e-07  4.12500000e-09 -1.41504625e-08 
 4.13500000e-09  1.80000000e+00  4.13500000e-09  3.61609522e-07  4.13500000e-09  1.35198699e-08 
 4.14500000e-09  1.80000000e+00  4.14500000e-09  5.97020367e-07  4.14500000e-09 -1.41687578e-08 
 4.15500000e-09  1.80000000e+00  4.15500000e-09  3.62295302e-07  4.15500000e-09  1.35377793e-08 
 4.16500000e-09  1.80000000e+00  4.16500000e-09  5.96081601e-07  4.16500000e-09 -1.41862840e-08 
 4.17500000e-09  1.80000000e+00  4.17500000e-09  3.62977027e-07  4.17500000e-09  1.35549253e-08 
 4.18500000e-09  1.80000000e+00  4.18500000e-09  5.95148391e-07  4.18500000e-09 -1.42030527e-08 
 4.19500000e-09  1.80000000e+00  4.19500000e-09  3.63654723e-07  4.19500000e-09  1.35713194e-08 
 4.20500000e-09  1.80000000e+00  4.20500000e-09  5.94220703e-07  4.20500000e-09 -1.42190750e-08 
 4.21500000e-09  1.80000000e+00  4.21500000e-09  3.64328414e-07  4.21500000e-09  1.35869728e-08 
 4.22500000e-09  1.80000000e+00  4.22500000e-09  5.93298504e-07  4.22500000e-09 -1.42343621e-08 
 4.23500000e-09  1.80000000e+00  4.23500000e-09  3.64998122e-07  4.23500000e-09  1.36018964e-08 
 4.24500000e-09  1.80000000e+00  4.24500000e-09  5.92381764e-07  4.24500000e-09 -1.42489250e-08 
 4.25500000e-09  1.80000000e+00  4.25500000e-09  3.65663874e-07  4.25500000e-09  1.36161012e-08 
 4.26500000e-09  1.80000000e+00  4.26500000e-09  5.91470450e-07  4.26500000e-09 -1.42627744e-08 
 4.27500000e-09  1.80000000e+00  4.27500000e-09  3.66325691e-07  4.27500000e-09  1.36295979e-08 
 4.28500000e-09  1.80000000e+00  4.28500000e-09  5.90564529e-07  4.28500000e-09 -1.42759210e-08 
 4.29500000e-09  1.80000000e+00  4.29500000e-09  3.66983599e-07  4.29500000e-09  1.36423971e-08 
 4.30500000e-09  1.80000000e+00  4.30500000e-09  5.89663971e-07  4.30500000e-09 -1.42883754e-08 
 4.31500000e-09  1.80000000e+00  4.31500000e-09  3.67637619e-07  4.31500000e-09  1.36545093e-08 
 4.32500000e-09  1.80000000e+00  4.32500000e-09  5.88768745e-07  4.32500000e-09 -1.43001480e-08 
 4.33500000e-09  1.80000000e+00  4.33500000e-09  3.68287777e-07  4.33500000e-09  1.36659448e-08 
 4.34500000e-09  1.80000000e+00  4.34500000e-09  5.87878818e-07  4.34500000e-09 -1.43112490e-08 
 4.35500000e-09  1.80000000e+00  4.35500000e-09  3.68934094e-07  4.35500000e-09  1.36767138e-08 
 4.36500000e-09  1.80000000e+00  4.36500000e-09  5.86994160e-07  4.36500000e-09 -1.43216885e-08 
 4.37500000e-09  1.80000000e+00  4.37500000e-09  3.69576594e-07  4.37500000e-09  1.36868264e-08 
 4.38500000e-09  1.80000000e+00  4.38500000e-09  5.86114741e-07  4.38500000e-09 -1.43314766e-08 
 4.39500000e-09  1.80000000e+00  4.39500000e-09  3.70215300e-07  4.39500000e-09  1.36962924e-08 
 4.40500000e-09  1.80000000e+00  4.40500000e-09  5.85240528e-07  4.40500000e-09 -1.43406230e-08 
 4.41500000e-09  1.80000000e+00  4.41500000e-09  3.70850235e-07  4.41500000e-09  1.37051217e-08 
 4.42500000e-09  1.80000000e+00  4.42500000e-09  5.84371494e-07  4.42500000e-09 -1.43491375e-08 
 4.43500000e-09  1.80000000e+00  4.43500000e-09  3.71481420e-07  4.43500000e-09  1.37133238e-08 
 4.44500000e-09  1.80000000e+00  4.44500000e-09  5.83507606e-07  4.44500000e-09 -1.43570297e-08 
 4.45500000e-09  1.80000000e+00  4.45500000e-09  3.72108879e-07  4.45500000e-09  1.37209085e-08 
 4.46500000e-09  1.80000000e+00  4.46500000e-09  5.82648835e-07  4.46500000e-09 -1.43643090e-08 
 4.47500000e-09  1.80000000e+00  4.47500000e-09  3.72732633e-07  4.47500000e-09  1.37278849e-08 
 4.48500000e-09  1.80000000e+00  4.48500000e-09  5.81795151e-07  4.48500000e-09 -1.43709848e-08 
 4.49500000e-09  1.80000000e+00  4.49500000e-09  3.73352706e-07  4.49500000e-09  1.37342624e-08 
 4.50500000e-09  1.80000000e+00  4.50500000e-09  5.80946524e-07  4.50500000e-09 -1.43770663e-08 
 4.51500000e-09  1.80000000e+00  4.51500000e-09  3.73969118e-07  4.51500000e-09  1.37400501e-08 
 4.52500000e-09  1.80000000e+00  4.52500000e-09  5.80102925e-07  4.52500000e-09 -1.43825625e-08 
 4.53500000e-09  1.80000000e+00  4.53500000e-09  3.74581891e-07  4.53500000e-09  1.37452571e-08 
 4.54500000e-09  1.80000000e+00  4.54500000e-09  5.79264325e-07  4.54500000e-09 -1.43874825e-08 
 4.55500000e-09  1.80000000e+00  4.55500000e-09  3.75191049e-07  4.55500000e-09  1.37498923e-08 
 4.56500000e-09  1.80000000e+00  4.56500000e-09  5.78430694e-07  4.56500000e-09 -1.43918351e-08 
 4.57500000e-09  1.80000000e+00  4.57500000e-09  3.75796610e-07  4.57500000e-09  1.37539644e-08 
 4.58500000e-09  1.80000000e+00  4.58500000e-09  5.77602004e-07  4.58500000e-09 -1.43956289e-08 
 4.59500000e-09  1.80000000e+00  4.59500000e-09  3.76398599e-07  4.59500000e-09  1.37574821e-08 
 4.60500000e-09  1.80000000e+00  4.60500000e-09  5.76778226e-07  4.60500000e-09 -1.43988726e-08 
 4.61500000e-09  1.80000000e+00  4.61500000e-09  3.76997035e-07  4.61500000e-09  1.37604540e-08 
 4.62500000e-09  1.80000000e+00  4.62500000e-09  5.75959331e-07  4.62500000e-09 -1.44015748e-08 
 4.63500000e-09  1.80000000e+00  4.63500000e-09  3.77591939e-07  4.63500000e-09  1.37628885e-08 
 4.64500000e-09  1.80000000e+00  4.64500000e-09  5.75145290e-07  4.64500000e-09 -1.44037437e-08 
 4.65500000e-09  1.80000000e+00  4.65500000e-09  3.78183334e-07  4.65500000e-09  1.37647940e-08 
 4.66500000e-09  1.80000000e+00  4.66500000e-09  5.74336077e-07  4.66500000e-09 -1.44053878e-08 
 4.67500000e-09  1.80000000e+00  4.67500000e-09  3.78771239e-07  4.67500000e-09  1.37661786e-08 
 4.68500000e-09  1.80000000e+00  4.68500000e-09  5.73531661e-07  4.68500000e-09 -1.44065149e-08 
 4.69500000e-09  1.80000000e+00  4.69500000e-09  3.79355675e-07  4.69500000e-09  1.37670504e-08 
 4.70500000e-09  1.80000000e+00  4.70500000e-09  5.72732017e-07  4.70500000e-09 -1.44071334e-08 
 4.71500000e-09  1.80000000e+00  4.71500000e-09  3.79936663e-07  4.71500000e-09  1.37674175e-08 
 4.72500000e-09  1.80000000e+00  4.72500000e-09  5.71937115e-07  4.72500000e-09 -1.44072510e-08 
 4.73500000e-09  1.80000000e+00  4.73500000e-09  3.80514223e-07  4.73500000e-09  1.37672877e-08 
 4.74500000e-09  1.80000000e+00  4.74500000e-09  5.71146929e-07  4.74500000e-09 -1.44068757e-08 
 4.75500000e-09  1.80000000e+00  4.75500000e-09  3.81088377e-07  4.75500000e-09  1.37666688e-08 
 4.76500000e-09  1.80000000e+00  4.76500000e-09  5.70361431e-07  4.76500000e-09 -1.44060151e-08 
 4.77500000e-09  1.80000000e+00  4.77500000e-09  3.81659143e-07  4.77500000e-09  1.37655685e-08 
 4.78500000e-09  1.80000000e+00  4.78500000e-09  5.69580593e-07  4.78500000e-09 -1.44046769e-08 
 4.79500000e-09  1.80000000e+00  4.79500000e-09  3.82226542e-07  4.79500000e-09  1.37639943e-08 
 4.80500000e-09  1.80000000e+00  4.80500000e-09  5.68804390e-07  4.80500000e-09 -1.44028686e-08 
 4.81500000e-09  1.80000000e+00  4.81500000e-09  3.82790594e-07  4.81500000e-09  1.37619537e-08 
 4.82500000e-09  1.80000000e+00  4.82500000e-09  5.68032793e-07  4.82500000e-09 -1.44005976e-08 
 4.83500000e-09  1.80000000e+00  4.83500000e-09  3.83351319e-07  4.83500000e-09  1.37594542e-08 
 4.84500000e-09  1.80000000e+00  4.84500000e-09  5.67265776e-07  4.84500000e-09 -1.43978713e-08 
 4.85500000e-09  1.80000000e+00  4.85500000e-09  3.83908736e-07  4.85500000e-09  1.37565029e-08 
 4.86500000e-09  1.80000000e+00  4.86500000e-09  5.66503314e-07  4.86500000e-09 -1.43946968e-08 
 4.87500000e-09  1.80000000e+00  4.87500000e-09  3.84462865e-07  4.87500000e-09  1.37531070e-08 
 4.88500000e-09  1.80000000e+00  4.88500000e-09  5.65745378e-07  4.88500000e-09 -1.43910813e-08 
 4.89500000e-09  1.80000000e+00  4.89500000e-09  3.85013726e-07  4.89500000e-09  1.37492737e-08 
 4.90500000e-09  1.80000000e+00  4.90500000e-09  5.64991944e-07  4.90500000e-09 -1.43870318e-08 
 4.91500000e-09  1.80000000e+00  4.91500000e-09  3.85561337e-07  4.91500000e-09  1.37450098e-08 
 4.92500000e-09  1.80000000e+00  4.92500000e-09  5.64242984e-07  4.92500000e-09 -1.43825553e-08 
 4.93500000e-09  1.80000000e+00  4.93500000e-09  3.86105718e-07  4.93500000e-09  1.37403223e-08 
 4.94500000e-09  1.80000000e+00  4.94500000e-09  5.63498474e-07  4.94500000e-09 -1.43776585e-08 
 4.95500000e-09  1.80000000e+00  4.95500000e-09  3.86646889e-07  4.95500000e-09  1.37352180e-08 
 4.96500000e-09  1.80000000e+00  4.96500000e-09  5.62758388e-07  4.96500000e-09 -1.43723483e-08 
 4.97500000e-09  1.80000000e+00  4.97500000e-09  3.87184867e-07  4.97500000e-09  1.37297035e-08 
 4.98500000e-09  1.80000000e+00  4.98500000e-09  5.62022698e-07  4.98500000e-09 -1.43666312e-08 
 4.99500000e-09  1.80000000e+00  4.99500000e-09  3.87719672e-07  4.99500000e-09  1.37237855e-08 
 5.00500000e-09  1.80000000e+00  5.00500000e-09  5.61291382e-07  5.00500000e-09 -1.43605140e-08 
 5.01500000e-09  1.80000000e+00  5.01500000e-09  3.88251322e-07  5.01500000e-09  1.37174705e-08 
 5.02500000e-09  1.80000000e+00  5.02500000e-09  5.60564412e-07  5.02500000e-09 -1.43540029e-08 
 5.03500000e-09  1.80000000e+00  5.03500000e-09  3.88779837e-07  5.03500000e-09  1.37107650e-08 
 5.04500000e-09  1.80000000e+00  5.04500000e-09  5.59841764e-07  5.04500000e-09 -1.43471044e-08 
 5.05500000e-09  1.80000000e+00  5.05500000e-09  3.89305234e-07  5.05500000e-09  1.37036752e-08 
 5.06500000e-09  1.80000000e+00  5.06500000e-09  5.59123414e-07  5.06500000e-09 -1.43398249e-08 
 5.07500000e-09  1.80000000e+00  5.07500000e-09  3.89827532e-07  5.07500000e-09  1.36962075e-08 
 5.08500000e-09  1.80000000e+00  5.08500000e-09  5.58409335e-07  5.08500000e-09 -1.43321705e-08 
 5.09500000e-09  1.80000000e+00  5.09500000e-09  3.90346749e-07  5.09500000e-09  1.36883680e-08 
 5.10500000e-09  1.80000000e+00  5.10500000e-09  5.57699504e-07  5.10500000e-09 -1.43241474e-08 
 5.11500000e-09  1.80000000e+00  5.11500000e-09  3.90862903e-07  5.11500000e-09  1.36801628e-08 
 5.12500000e-09  1.80000000e+00  5.12500000e-09  5.56993897e-07  5.12500000e-09 -1.43157616e-08 
 5.13500000e-09  1.80000000e+00  5.13500000e-09  3.91376013e-07  5.13500000e-09  1.36715979e-08 
 5.14500000e-09  1.80000000e+00  5.14500000e-09  5.56292487e-07  5.14500000e-09 -1.43070191e-08 
 5.15500000e-09  1.80000000e+00  5.15500000e-09  3.91886096e-07  5.15500000e-09  1.36626793e-08 
 5.16500000e-09  1.80000000e+00  5.16500000e-09  5.55595252e-07  5.16500000e-09 -1.42979258e-08 
 5.17500000e-09  1.80000000e+00  5.17500000e-09  3.92393169e-07  5.17500000e-09  1.36534128e-08 
 5.18500000e-09  1.80000000e+00  5.18500000e-09  5.54902168e-07  5.18500000e-09 -1.42884875e-08 
 5.19500000e-09  1.80000000e+00  5.19500000e-09  3.92897252e-07  5.19500000e-09  1.36438041e-08 
 5.20500000e-09  1.80000000e+00  5.20500000e-09  5.54213210e-07  5.20500000e-09 -1.42787099e-08 
 5.21500000e-09  1.80000000e+00  5.21500000e-09  3.93398360e-07  5.21500000e-09  1.36338590e-08 
 5.22500000e-09  1.80000000e+00  5.22500000e-09  5.53528355e-07  5.22500000e-09 -1.42685986e-08 
 5.23500000e-09  1.80000000e+00  5.23500000e-09  3.93896512e-07  5.23500000e-09  1.36235830e-08 
 5.24500000e-09  1.80000000e+00  5.24500000e-09  5.52847578e-07  5.24500000e-09 -1.42581593e-08 
 5.25500000e-09  1.80000000e+00  5.25500000e-09  3.94391725e-07  5.25500000e-09  1.36129818e-08 
 5.26500000e-09  1.80000000e+00  5.26500000e-09  5.52170858e-07  5.26500000e-09 -1.42473975e-08 
 5.27500000e-09  1.80000000e+00  5.27500000e-09  3.94884016e-07  5.27500000e-09  1.36020607e-08 
 5.28500000e-09  1.80000000e+00  5.28500000e-09  5.51498169e-07  5.28500000e-09 -1.42363185e-08 
 5.29500000e-09  1.80000000e+00  5.29500000e-09  3.95373402e-07  5.29500000e-09  1.35908252e-08 
 5.30500000e-09  1.80000000e+00  5.30500000e-09  5.50829489e-07  5.30500000e-09 -1.42249277e-08 
 5.31500000e-09  1.80000000e+00  5.31500000e-09  3.95859901e-07  5.31500000e-09  1.35792804e-08 
 5.32500000e-09  1.80000000e+00  5.32500000e-09  5.50164795e-07  5.32500000e-09 -1.42132304e-08 
 5.33500000e-09  1.80000000e+00  5.33500000e-09  3.96343528e-07  5.33500000e-09  1.35674319e-08 
 5.34500000e-09  1.80000000e+00  5.34500000e-09  5.49504064e-07  5.34500000e-09 -1.42012318e-08 
 5.35500000e-09  1.80000000e+00  5.35500000e-09  3.96824302e-07  5.35500000e-09  1.35552846e-08 
 5.36500000e-09  1.80000000e+00  5.36500000e-09  5.48847273e-07  5.36500000e-09 -1.41889371e-08 
 5.37500000e-09  1.80000000e+00  5.37500000e-09  3.97302239e-07  5.37500000e-09  1.35428436e-08 
 5.38500000e-09  1.80000000e+00  5.38500000e-09  5.48194400e-07  5.38500000e-09 -1.41763512e-08 
 5.39500000e-09  1.80000000e+00  5.39500000e-09  3.97777354e-07  5.39500000e-09  1.35301141e-08 
 5.40500000e-09  1.80000000e+00  5.40500000e-09  5.47545421e-07  5.40500000e-09 -1.41634792e-08 
 5.41500000e-09  1.80000000e+00  5.41500000e-09  3.98249666e-07  5.41500000e-09  1.35171009e-08 
 5.42500000e-09  1.80000000e+00  5.42500000e-09  5.46900315e-07  5.42500000e-09 -1.41503261e-08 
 5.43500000e-09  1.80000000e+00  5.43500000e-09  3.98719190e-07  5.43500000e-09  1.35038090e-08 
 5.44500000e-09  1.80000000e+00  5.44500000e-09  5.46259059e-07  5.44500000e-09 -1.41368966e-08 
 5.45500000e-09  1.80000000e+00  5.45500000e-09  3.99185942e-07  5.45500000e-09  1.34902432e-08 
 5.46500000e-09  1.80000000e+00  5.46500000e-09  5.45621632e-07  5.46500000e-09 -1.41231956e-08 
 5.47500000e-09  1.80000000e+00  5.47500000e-09  3.99649938e-07  5.47500000e-09  1.34764082e-08 
 5.48500000e-09  1.80000000e+00  5.48500000e-09  5.44988010e-07  5.48500000e-09 -1.41092277e-08 
 5.49500000e-09  1.80000000e+00  5.49500000e-09  4.00111196e-07  5.49500000e-09  1.34623087e-08 
 5.50500000e-09  1.80000000e+00  5.50500000e-09  5.44358173e-07  5.50500000e-09 -1.40949978e-08 
 5.51500000e-09  1.80000000e+00  5.51500000e-09  4.00569730e-07  5.51500000e-09  1.34479494e-08 
 5.52500000e-09  1.80000000e+00  5.52500000e-09  5.43732098e-07  5.52500000e-09 -1.40805103e-08 
 5.53500000e-09  1.80000000e+00  5.53500000e-09  4.01025556e-07  5.53500000e-09  1.34333348e-08 
 5.54500000e-09  1.80000000e+00  5.54500000e-09  5.43109765e-07  5.54500000e-09 -1.40657697e-08 
 5.55500000e-09  1.80000000e+00  5.55500000e-09  4.01478692e-07  5.55500000e-09  1.34184695e-08 
 5.56500000e-09  1.80000000e+00  5.56500000e-09  5.42491151e-07  5.56500000e-09 -1.40507807e-08 
 5.57500000e-09  1.80000000e+00  5.57500000e-09  4.01929151e-07  5.57500000e-09  1.34033578e-08 
 5.58500000e-09  1.80000000e+00  5.58500000e-09  5.41876235e-07  5.58500000e-09 -1.40355475e-08 
 5.59500000e-09  1.80000000e+00  5.59500000e-09  4.02376949e-07  5.59500000e-09  1.33880042e-08 
 5.60500000e-09  1.80000000e+00  5.60500000e-09  5.41264996e-07  5.60500000e-09 -1.40200745e-08 
 5.61500000e-09  1.80000000e+00  5.61500000e-09  4.02822103e-07  5.61500000e-09  1.33724130e-08 
 5.62500000e-09  1.80000000e+00  5.62500000e-09  5.40657413e-07  5.62500000e-09 -1.40043661e-08 
 5.63500000e-09  1.80000000e+00  5.63500000e-09  4.03264627e-07  5.63500000e-09  1.33565884e-08 
 5.64500000e-09  1.80000000e+00  5.64500000e-09  5.40053464e-07  5.64500000e-09 -1.39884263e-08 
 5.65500000e-09  1.80000000e+00  5.65500000e-09  4.03704537e-07  5.65500000e-09  1.33405347e-08 
 5.66500000e-09  1.80000000e+00  5.66500000e-09  5.39453130e-07  5.66500000e-09 -1.39722596e-08 
 5.67500000e-09  1.80000000e+00  5.67500000e-09  4.04141848e-07  5.67500000e-09  1.33242559e-08 
 5.68500000e-09  1.80000000e+00  5.68500000e-09  5.38856389e-07  5.68500000e-09 -1.39558698e-08 
 5.69500000e-09  1.80000000e+00  5.69500000e-09  4.04576576e-07  5.69500000e-09  1.33077562e-08 
 5.70500000e-09  1.80000000e+00  5.70500000e-09  5.38263220e-07  5.70500000e-09 -1.39392612e-08 
 5.71500000e-09  1.80000000e+00  5.71500000e-09  4.05008734e-07  5.71500000e-09  1.32910396e-08 
 5.72500000e-09  1.80000000e+00  5.72500000e-09  5.37673605e-07  5.72500000e-09 -1.39224377e-08 
 5.73500000e-09  1.80000000e+00  5.73500000e-09  4.05438339e-07  5.73500000e-09  1.32741101e-08 
 5.74500000e-09  1.80000000e+00  5.74500000e-09  5.37087521e-07  5.74500000e-09 -1.39054032e-08 
 5.75500000e-09  1.80000000e+00  5.75500000e-09  4.05865404e-07  5.75500000e-09  1.32569716e-08 
 5.76500000e-09  1.80000000e+00  5.76500000e-09  5.36504948e-07  5.76500000e-09 -1.38881617e-08 
 5.77500000e-09  1.80000000e+00  5.77500000e-09  4.06289945e-07  5.77500000e-09  1.32396280e-08 
 5.78500000e-09  1.80000000e+00  5.78500000e-09  5.35925867e-07  5.78500000e-09 -1.38707169e-08 
 5.79500000e-09  1.80000000e+00  5.79500000e-09  4.06711977e-07  5.79500000e-09  1.32220831e-08 
 5.80500000e-09  1.80000000e+00  5.80500000e-09  5.35350258e-07  5.80500000e-09 -1.38530727e-08 
 5.81500000e-09  1.80000000e+00  5.81500000e-09  4.07131513e-07  5.81500000e-09  1.32043406e-08 
 5.82500000e-09  1.80000000e+00  5.82500000e-09  5.34778100e-07  5.82500000e-09 -1.38352329e-08 
 5.83500000e-09  1.80000000e+00  5.83500000e-09  4.07548569e-07  5.83500000e-09  1.31864043e-08 
 5.84500000e-09  1.80000000e+00  5.84500000e-09  5.34209375e-07  5.84500000e-09 -1.38172010e-08 
 5.85500000e-09  1.80000000e+00  5.85500000e-09  4.07963158e-07  5.85500000e-09  1.31682777e-08 
 5.86500000e-09  1.80000000e+00  5.86500000e-09  5.33644061e-07  5.86500000e-09 -1.37989806e-08 
 5.87500000e-09  1.80000000e+00  5.87500000e-09  4.08375296e-07  5.87500000e-09  1.31499646e-08 
 5.88500000e-09  1.80000000e+00  5.88500000e-09  5.33082140e-07  5.88500000e-09 -1.37805756e-08 
 5.89500000e-09  1.80000000e+00  5.89500000e-09  4.08784995e-07  5.89500000e-09  1.31314685e-08 
 5.90500000e-09  1.80000000e+00  5.90500000e-09  5.32523593e-07  5.90500000e-09 -1.37619893e-08 
 5.91500000e-09  1.80000000e+00  5.91500000e-09  4.09192271e-07  5.91500000e-09  1.31127928e-08 
 5.92500000e-09  1.80000000e+00  5.92500000e-09  5.31968400e-07  5.92500000e-09 -1.37432252e-08 
 5.93500000e-09  1.80000000e+00  5.93500000e-09  4.09597138e-07  5.93500000e-09  1.30939411e-08 
 5.94500000e-09  1.80000000e+00  5.94500000e-09  5.31416542e-07  5.94500000e-09 -1.37242867e-08 
 5.95500000e-09  1.80000000e+00  5.95500000e-09  4.09999609e-07  5.95500000e-09  1.30749167e-08 
 5.96500000e-09  1.80000000e+00  5.96500000e-09  5.30868000e-07  5.96500000e-09 -1.37051772e-08 
 5.97500000e-09  1.80000000e+00  5.97500000e-09  4.10399698e-07  5.97500000e-09  1.30557231e-08 
 5.98500000e-09  1.80000000e+00  5.98500000e-09  5.30322754e-07  5.98500000e-09 -1.36859002e-08 
 5.99500000e-09  1.80000000e+00  5.99500000e-09  4.10797419e-07  5.99500000e-09  1.30363635e-08 
 6.00500000e-09  1.80000000e+00  6.00500000e-09  5.29780787e-07  6.00500000e-09 -1.36664588e-08 
 6.01500000e-09  1.80000000e+00  6.01500000e-09  4.11192786e-07  6.01500000e-09  1.30168410e-08 
 6.02500000e-09  1.80000000e+00  6.02500000e-09  5.29242079e-07  6.02500000e-09 -1.36468563e-08 
 6.03500000e-09  1.80000000e+00  6.03500000e-09  4.11585813e-07  6.03500000e-09  1.29971593e-08 
 6.04500000e-09  1.80000000e+00  6.04500000e-09  5.28706611e-07  6.04500000e-09 -1.36270959e-08 
 6.05500000e-09  1.80000000e+00  6.05500000e-09  4.11976512e-07  6.05500000e-09  1.29773211e-08 
 6.06500000e-09  1.80000000e+00  6.06500000e-09  5.28174366e-07  6.06500000e-09 -1.36071808e-08 
 6.07500000e-09  1.80000000e+00  6.07500000e-09  4.12364897e-07  6.07500000e-09  1.29573299e-08 
 6.08500000e-09  1.80000000e+00  6.08500000e-09  5.27645325e-07  6.08500000e-09 -1.35871141e-08 
 6.09500000e-09  1.80000000e+00  6.09500000e-09  4.12750983e-07  6.09500000e-09  1.29371885e-08 
 6.10000000e-09  1.80000000e+00  6.10000000e-09  5.27265237e-07  6.10000000e-09 -1.35567260e-08 
 6.10100000e-09  1.78200000e+00  6.10100000e-09 -1.34755068e-03  6.10100000e-09 -1.11617357e-05 
 6.10300000e-09  1.74600000e+00  6.10300000e-09 -3.77353841e-03  6.10300000e-09 -1.13524372e-05 
 6.10700000e-09  1.67400000e+00  6.10700000e-09 -7.38417326e-03  6.10700000e-09 -1.10426189e-05 
 6.11500000e-09  1.53000000e+00  6.11500000e-09 -1.21831932e-02  6.11500000e-09 -1.14591598e-05 
 6.12500000e-09  1.35000000e+00  6.12500000e-09 -1.72179975e-02  6.12500000e-09 -1.22844949e-05 
 6.13500000e-09  1.17000000e+00  6.13500000e-09 -2.17544236e-02  6.13500000e-09 -1.61527756e-05 
 6.14500000e-09  9.90000000e-01  6.14500000e-09 -1.96343853e-02  6.14500000e-09 -2.64611855e-05 
 6.15500000e-09  8.10000000e-01  6.15500000e-09  2.02813471e-03  6.15500000e-09 -4.57553549e-05 
 6.16500000e-09  6.30000000e-01  6.16500000e-09  6.28695961e-02  6.16500000e-09 -7.17032443e-05 
 6.17500000e-09  4.50000000e-01  6.17500000e-09  1.83538277e-01  6.17500000e-09 -1.02860705e-04 
 6.18500000e-09  2.70000000e-01  6.18500000e-09  3.66174172e-01  6.18500000e-09 -1.34782480e-04 
 6.19500000e-09  9.00000000e-02  6.19500000e-09  6.07572863e-01  6.19500000e-09 -1.63510321e-04 
 6.20000000e-09  0.00000000e+00  6.20000000e-09  7.47354365e-01  6.20000000e-09 -1.74171039e-04 
 6.20100000e-09  0.00000000e+00  6.20100000e-09  7.77796676e-01  6.20100000e-09 -1.58528465e-04 
 6.20300000e-09  0.00000000e+00  6.20300000e-09  8.37988176e-01  6.20300000e-09 -1.54835800e-04 
 6.20700000e-09  0.00000000e+00  6.20700000e-09  9.54056089e-01  6.20700000e-09 -1.47318543e-04 
 6.21500000e-09  0.00000000e+00  6.21500000e-09  1.16483042e+00  6.21500000e-09 -1.27942023e-04 
 6.22500000e-09  0.00000000e+00  6.22500000e-09  1.37560274e+00  6.22500000e-09 -9.72949864e-05 
 6.23500000e-09  0.00000000e+00  6.23500000e-09  1.52625379e+00  6.23500000e-09 -6.91895224e-05 
 6.24500000e-09  0.00000000e+00  6.24500000e-09  1.62858302e+00  6.24500000e-09 -4.60562266e-05 
 6.25500000e-09  0.00000000e+00  6.25500000e-09  1.69509192e+00  6.25500000e-09 -2.95615930e-05 
 6.26500000e-09  0.00000000e+00  6.26500000e-09  1.73681291e+00  6.26500000e-09 -1.81124489e-05 
 6.27500000e-09  0.00000000e+00  6.27500000e-09  1.76233602e+00  6.27500000e-09 -1.11329944e-05 
 6.28500000e-09  0.00000000e+00  6.28500000e-09  1.77769567e+00  6.28500000e-09 -6.49467737e-06 
 6.29500000e-09  0.00000000e+00  6.29500000e-09  1.78684376e+00  6.29500000e-09 -4.01333805e-06 
 6.30500000e-09  0.00000000e+00  6.30500000e-09  1.79226083e+00  6.30500000e-09 -2.21205091e-06 
 6.31500000e-09  0.00000000e+00  6.31500000e-09  1.79545468e+00  6.31500000e-09 -1.45891880e-06 
 6.32500000e-09  0.00000000e+00  6.32500000e-09  1.79733180e+00  6.32500000e-09 -6.99594394e-07 
 6.33500000e-09  0.00000000e+00  6.33500000e-09  1.79843452e+00  6.33500000e-09 -5.68184210e-07 
 6.34500000e-09  0.00000000e+00  6.34500000e-09  1.79908185e+00  6.34500000e-09 -1.76446252e-07 
 6.35500000e-09  0.00000000e+00  6.35500000e-09  1.79946140e+00  6.35500000e-09 -2.59831018e-07 
 6.36500000e-09  0.00000000e+00  6.36500000e-09  1.79968423e+00  6.36500000e-09  3.33753597e-09 
 6.37500000e-09  0.00000000e+00  6.37500000e-09  1.79981471e+00  6.37500000e-09 -1.53193827e-07 
 6.38500000e-09  0.00000000e+00  6.38500000e-09  1.79989145e+00  6.38500000e-09  6.47312879e-08 
 6.39500000e-09  0.00000000e+00  6.39500000e-09  1.79993623e+00  6.39500000e-09 -1.16039919e-07 
 6.40500000e-09  0.00000000e+00  6.40500000e-09  1.79996271e+00  6.40500000e-09  8.53826766e-08 
 6.41500000e-09  0.00000000e+00  6.41500000e-09  1.79997803e+00  6.41500000e-09 -1.02799795e-07 
 6.42500000e-09  0.00000000e+00  6.42500000e-09  1.79998721e+00  6.42500000e-09  9.20262755e-08 
 6.43500000e-09  0.00000000e+00  6.43500000e-09  1.79999240e+00  6.43500000e-09 -9.77915739e-08 
 6.44500000e-09  0.00000000e+00  6.44500000e-09  1.79999564e+00  6.44500000e-09  9.38593242e-08 
 6.45500000e-09  0.00000000e+00  6.45500000e-09  1.79999734e+00  6.45500000e-09 -9.56211683e-08 
 6.46500000e-09  0.00000000e+00  6.46500000e-09  1.79999854e+00  6.46500000e-09  9.40449030e-08 
 6.47500000e-09  0.00000000e+00  6.47500000e-09  1.79999904e+00  6.47500000e-09 -9.44334193e-08 
 6.48500000e-09  0.00000000e+00  6.48500000e-09  1.79999953e+00  6.48500000e-09  9.36706770e-08 
 6.49500000e-09  0.00000000e+00  6.49500000e-09  1.79999961e+00  6.49500000e-09 -9.35781663e-08 
 6.50500000e-09  0.00000000e+00  6.50500000e-09  1.79999985e+00  6.50500000e-09  9.31082238e-08 
 6.51500000e-09  0.00000000e+00  6.51500000e-09  1.79999980e+00  6.51500000e-09 -9.28717562e-08 
 6.52500000e-09  0.00000000e+00  6.52500000e-09  1.79999997e+00  6.52500000e-09  9.24889290e-08 
 6.53500000e-09  0.00000000e+00  6.53500000e-09  1.79999988e+00  6.53500000e-09 -9.22048473e-08 
 6.54500000e-09  0.00000000e+00  6.54500000e-09  1.80000001e+00  6.54500000e-09  9.18591093e-08 
 6.55500000e-09  0.00000000e+00  6.55500000e-09  1.79999991e+00  6.55500000e-09 -9.15584890e-08 
 6.56500000e-09  0.00000000e+00  6.56500000e-09  1.80000003e+00  6.56500000e-09  9.12299888e-08 
 6.57500000e-09  0.00000000e+00  6.57500000e-09  1.79999992e+00  6.57500000e-09 -9.09253641e-08 
 6.58500000e-09  0.00000000e+00  6.58500000e-09  1.80000004e+00  6.58500000e-09  9.06058621e-08 
 6.59500000e-09  0.00000000e+00  6.59500000e-09  1.79999993e+00  6.59500000e-09 -9.03029644e-08 
 6.60500000e-09  0.00000000e+00  6.60500000e-09  1.80000004e+00  6.60500000e-09  8.99895283e-08 
 6.61500000e-09  0.00000000e+00  6.61500000e-09  1.79999993e+00  6.61500000e-09 -8.96902213e-08 
 6.62500000e-09  0.00000000e+00  6.62500000e-09  1.80000004e+00  6.62500000e-09  8.93820468e-08 
 6.63500000e-09  0.00000000e+00  6.63500000e-09  1.79999993e+00  6.63500000e-09 -8.90870009e-08 
 6.64500000e-09  0.00000000e+00  6.64500000e-09  1.80000004e+00  6.64500000e-09  8.87835408e-08 
 6.65500000e-09  0.00000000e+00  6.65500000e-09  1.79999993e+00  6.65500000e-09 -8.84926075e-08 
 6.66500000e-09  0.00000000e+00  6.66500000e-09  1.80000004e+00  6.66500000e-09  8.81942809e-08 
 6.67500000e-09  0.00000000e+00  6.67500000e-09  1.79999993e+00  6.67500000e-09 -8.79078079e-08 
 6.68500000e-09  0.00000000e+00  6.68500000e-09  1.80000003e+00  6.68500000e-09  8.76140559e-08 
 6.69500000e-09  0.00000000e+00  6.69500000e-09  1.79999993e+00  6.69500000e-09 -8.73317616e-08 
 6.70500000e-09  0.00000000e+00  6.70500000e-09  1.80000003e+00  6.70500000e-09  8.70423956e-08 
 6.71500000e-09  0.00000000e+00  6.71500000e-09  1.79999993e+00  6.71500000e-09 -8.67643193e-08 
 6.72500000e-09  0.00000000e+00  6.72500000e-09  1.80000003e+00  6.72500000e-09  8.64792364e-08 
 6.73500000e-09  0.00000000e+00  6.73500000e-09  1.79999993e+00  6.73500000e-09 -8.62053500e-08 
 6.74500000e-09  0.00000000e+00  6.74500000e-09  1.80000003e+00  6.74500000e-09  8.59244755e-08 
 6.75500000e-09  0.00000000e+00  6.75500000e-09  1.79999994e+00  6.75500000e-09 -8.56547295e-08 
 6.76500000e-09  0.00000000e+00  6.76500000e-09  1.80000003e+00  6.76500000e-09  8.53779987e-08 
 6.77500000e-09  0.00000000e+00  6.77500000e-09  1.79999994e+00  6.77500000e-09 -8.51123370e-08 
 6.78500000e-09  0.00000000e+00  6.78500000e-09  1.80000003e+00  6.78500000e-09  8.48396890e-08 
 6.79500000e-09  0.00000000e+00  6.79500000e-09  1.79999994e+00  6.79500000e-09 -8.45780542e-08 
 6.80500000e-09  0.00000000e+00  6.80500000e-09  1.80000003e+00  6.80500000e-09  8.43094298e-08 
 6.81500000e-09  0.00000000e+00  6.81500000e-09  1.79999994e+00  6.81500000e-09 -8.40517644e-08 
 6.82500000e-09  0.00000000e+00  6.82500000e-09  1.80000003e+00  6.82500000e-09  8.37871057e-08 
 6.83500000e-09  0.00000000e+00  6.83500000e-09  1.79999994e+00  6.83500000e-09 -8.35333528e-08 
 6.84500000e-09  0.00000000e+00  6.84500000e-09  1.80000002e+00  6.84500000e-09  8.32726027e-08 
 6.85500000e-09  0.00000000e+00  6.85500000e-09  1.79999994e+00  6.85500000e-09 -8.30227062e-08 
 6.86500000e-09  0.00000000e+00  6.86500000e-09  1.80000002e+00  6.86500000e-09  8.27658085e-08 
 6.87500000e-09  0.00000000e+00  6.87500000e-09  1.79999994e+00  6.87500000e-09 -8.25197130e-08 
 6.88500000e-09  0.00000000e+00  6.88500000e-09  1.80000002e+00  6.88500000e-09  8.22666124e-08 
 6.89500000e-09  0.00000000e+00  6.89500000e-09  1.79999994e+00  6.89500000e-09 -8.20242631e-08 
 6.90500000e-09  0.00000000e+00  6.90500000e-09  1.80000002e+00  6.90500000e-09  8.17749051e-08 
 6.91500000e-09  0.00000000e+00  6.91500000e-09  1.79999994e+00  6.91500000e-09 -8.15362483e-08 
 6.92500000e-09  0.00000000e+00  6.92500000e-09  1.80000002e+00  6.92500000e-09  8.12905789e-08 
 6.93500000e-09  0.00000000e+00  6.93500000e-09  1.79999994e+00  6.93500000e-09 -8.10555614e-08 
 6.94500000e-09  0.00000000e+00  6.94500000e-09  1.80000002e+00  6.94500000e-09  8.08135277e-08 
 6.95500000e-09  0.00000000e+00  6.95500000e-09  1.79999994e+00  6.95500000e-09 -8.05820973e-08 
 6.96500000e-09  0.00000000e+00  6.96500000e-09  1.80000002e+00  6.96500000e-09  8.03436469e-08 
 6.97500000e-09  0.00000000e+00  6.97500000e-09  1.79999994e+00  6.97500000e-09 -8.01157520e-08 
 6.98500000e-09  0.00000000e+00  6.98500000e-09  1.80000002e+00  6.98500000e-09  7.98808333e-08 
 6.99500000e-09  0.00000000e+00  6.99500000e-09  1.79999994e+00  6.99500000e-09 -7.96564231e-08 
 7.00500000e-09  0.00000000e+00  7.00500000e-09  1.80000002e+00  7.00500000e-09  7.94249854e-08 
 7.01500000e-09  0.00000000e+00  7.01500000e-09  1.79999994e+00  7.01500000e-09 -7.92040096e-08 
 7.02500000e-09  0.00000000e+00  7.02500000e-09  1.80000001e+00  7.02500000e-09  7.89760028e-08 
 7.03500000e-09  0.00000000e+00  7.03500000e-09  1.79999994e+00  7.03500000e-09 -7.87584121e-08 
 7.04500000e-09  0.00000000e+00  7.04500000e-09  1.80000001e+00  7.04500000e-09  7.85337868e-08 
 7.05500000e-09  0.00000000e+00  7.05500000e-09  1.79999994e+00  7.05500000e-09 -7.83195326e-08 
 7.06500000e-09  0.00000000e+00  7.06500000e-09  1.80000001e+00  7.06500000e-09  7.80982401e-08 
 7.07500000e-09  0.00000000e+00  7.07500000e-09  1.79999994e+00  7.07500000e-09 -7.78872741e-08 
 7.08500000e-09  0.00000000e+00  7.08500000e-09  1.80000001e+00  7.08500000e-09  7.76692665e-08 
 7.09500000e-09  0.00000000e+00  7.09500000e-09  1.79999994e+00  7.09500000e-09 -7.74615416e-08 
 7.10500000e-09  0.00000000e+00  7.10500000e-09  1.80000001e+00  7.10500000e-09  7.72467714e-08 
 7.11500000e-09  0.00000000e+00  7.11500000e-09  1.79999994e+00  7.11500000e-09 -7.70422409e-08 
 7.12500000e-09  0.00000000e+00  7.12500000e-09  1.80000001e+00  7.12500000e-09  7.68306616e-08 
 7.13500000e-09  0.00000000e+00  7.13500000e-09  1.79999994e+00  7.13500000e-09 -7.66292795e-08 
 7.14500000e-09  0.00000000e+00  7.14500000e-09  1.80000001e+00  7.14500000e-09  7.64208451e-08 
 7.15500000e-09  0.00000000e+00  7.15500000e-09  1.79999994e+00  7.15500000e-09 -7.62225660e-08 
 7.16500000e-09  0.00000000e+00  7.16500000e-09  1.80000001e+00  7.16500000e-09  7.60172313e-08 
 7.17500000e-09  0.00000000e+00  7.17500000e-09  1.79999994e+00  7.17500000e-09 -7.58220105e-08 
 7.18500000e-09  0.00000000e+00  7.18500000e-09  1.80000001e+00  7.18500000e-09  7.56197307e-08 
 7.19500000e-09  0.00000000e+00  7.19500000e-09  1.79999994e+00  7.19500000e-09 -7.54275242e-08 
 7.20500000e-09  0.00000000e+00  7.20500000e-09  1.80000001e+00  7.20500000e-09  7.52282553e-08 
 7.21500000e-09  0.00000000e+00  7.21500000e-09  1.79999995e+00  7.21500000e-09 -7.50390196e-08 
 7.22500000e-09  0.00000000e+00  7.22500000e-09  1.80000001e+00  7.22500000e-09  7.48427183e-08 
 7.23500000e-09  0.00000000e+00  7.23500000e-09  1.79999995e+00  7.23500000e-09 -7.46564106e-08 
 7.24500000e-09  0.00000000e+00  7.24500000e-09  1.80000000e+00  7.24500000e-09  7.44630340e-08 
 7.25500000e-09  0.00000000e+00  7.25500000e-09  1.79999995e+00  7.25500000e-09 -7.42796121e-08 
 7.26500000e-09  0.00000000e+00  7.26500000e-09  1.80000000e+00  7.26500000e-09  7.40891180e-08 
 7.27500000e-09  0.00000000e+00  7.27500000e-09  1.79999995e+00  7.27500000e-09 -7.39085404e-08 
 7.28500000e-09  0.00000000e+00  7.28500000e-09  1.80000000e+00  7.28500000e-09  7.37208872e-08 
 7.29500000e-09  0.00000000e+00  7.29500000e-09  1.79999995e+00  7.29500000e-09 -7.35431128e-08 
 7.30500000e-09  0.00000000e+00  7.30500000e-09  1.80000000e+00  7.30500000e-09  7.33582596e-08 
 7.31500000e-09  0.00000000e+00  7.31500000e-09  1.79999995e+00  7.31500000e-09 -7.31832479e-08 
 7.32500000e-09  0.00000000e+00  7.32500000e-09  1.80000000e+00  7.32500000e-09  7.30011542e-08 
 7.33500000e-09  0.00000000e+00  7.33500000e-09  1.79999995e+00  7.33500000e-09 -7.28288655e-08 
 7.34500000e-09  0.00000000e+00  7.34500000e-09  1.80000000e+00  7.34500000e-09  7.26494916e-08 
 7.35500000e-09  0.00000000e+00  7.35500000e-09  1.79999995e+00  7.35500000e-09 -7.24798864e-08 
 7.36500000e-09  0.00000000e+00  7.36500000e-09  1.80000000e+00  7.36500000e-09  7.23031930e-08 
 7.37500000e-09  0.00000000e+00  7.37500000e-09  1.79999995e+00  7.37500000e-09 -7.21361869e-08 
 7.38500000e-09  0.00000000e+00  7.38500000e-09  1.80000000e+00  7.38500000e-09  7.19621136e-08 
 7.39500000e-09  0.00000000e+00  7.39500000e-09  1.79999995e+00  7.39500000e-09 -7.17976797e-08 
 7.40500000e-09  0.00000000e+00  7.40500000e-09  1.80000000e+00  7.40500000e-09  7.16261782e-08 
 7.41500000e-09  0.00000000e+00  7.41500000e-09  1.79999995e+00  7.41500000e-09 -7.14642882e-08 
 7.42500000e-09  0.00000000e+00  7.42500000e-09  1.80000000e+00  7.42500000e-09  7.12953180e-08 
 7.43500000e-09  0.00000000e+00  7.43500000e-09  1.79999995e+00  7.43500000e-09 -7.11359389e-08 
 7.44500000e-09  0.00000000e+00  7.44500000e-09  1.80000000e+00  7.44500000e-09  7.09694626e-08 
 7.45500000e-09  0.00000000e+00  7.45500000e-09  1.79999995e+00  7.45500000e-09 -7.08125600e-08 
 7.46500000e-09  0.00000000e+00  7.46500000e-09  1.80000000e+00  7.46500000e-09  7.06485417e-08 
 7.47500000e-09  0.00000000e+00  7.47500000e-09  1.79999995e+00  7.47500000e-09 -7.04940810e-08 
 7.48500000e-09  0.00000000e+00  7.48500000e-09  1.79999999e+00  7.48500000e-09  7.03324860e-08 
 7.49500000e-09  0.00000000e+00  7.49500000e-09  1.79999995e+00  7.49500000e-09 -7.01804328e-08 
 7.50500000e-09  0.00000000e+00  7.50500000e-09  1.79999999e+00  7.50500000e-09  7.00212266e-08 
 7.51500000e-09  0.00000000e+00  7.51500000e-09  1.79999995e+00  7.51500000e-09 -6.98715469e-08 
 7.52500000e-09  0.00000000e+00  7.52500000e-09  1.79999999e+00  7.52500000e-09  6.97146957e-08 
 7.53500000e-09  0.00000000e+00  7.53500000e-09  1.79999995e+00  7.53500000e-09 -6.95673559e-08 
 7.54500000e-09  0.00000000e+00  7.54500000e-09  1.79999999e+00  7.54500000e-09  6.94128264e-08 
 7.55500000e-09  0.00000000e+00  7.55500000e-09  1.79999995e+00  7.55500000e-09 -6.92677935e-08 
 7.56500000e-09  0.00000000e+00  7.56500000e-09  1.79999999e+00  7.56500000e-09  6.91155527e-08 
 7.57500000e-09  0.00000000e+00  7.57500000e-09  1.79999995e+00  7.57500000e-09 -6.89727940e-08 
 7.58500000e-09  0.00000000e+00  7.58500000e-09  1.79999999e+00  7.58500000e-09  6.88228097e-08 
 7.59500000e-09  0.00000000e+00  7.59500000e-09  1.79999995e+00  7.59500000e-09 -6.86822929e-08 
 7.60500000e-09  0.00000000e+00  7.60500000e-09  1.79999999e+00  7.60500000e-09  6.85345331e-08 
 7.61500000e-09  0.00000000e+00  7.61500000e-09  1.79999995e+00  7.61500000e-09 -6.83962265e-08 
 7.62500000e-09  0.00000000e+00  7.62500000e-09  1.79999999e+00  7.62500000e-09  6.82506598e-08 
 7.63500000e-09  0.00000000e+00  7.63500000e-09  1.79999995e+00  7.63500000e-09 -6.81145320e-08 
 7.64500000e-09  0.00000000e+00  7.64500000e-09  1.79999999e+00  7.64500000e-09  6.79711273e-08 
 7.65500000e-09  0.00000000e+00  7.65500000e-09  1.79999995e+00  7.65500000e-09 -6.78371474e-08 
 7.66500000e-09  0.00000000e+00  7.66500000e-09  1.79999999e+00  7.66500000e-09  6.76958741e-08 
 7.67500000e-09  0.00000000e+00  7.67500000e-09  1.79999995e+00  7.67500000e-09 -6.75640117e-08 
 7.68500000e-09  0.00000000e+00  7.68500000e-09  1.79999999e+00  7.68500000e-09  6.74248395e-08 
 7.69500000e-09  0.00000000e+00  7.69500000e-09  1.79999995e+00  7.69500000e-09 -6.72950647e-08 
 7.70500000e-09  0.00000000e+00  7.70500000e-09  1.79999999e+00  7.70500000e-09  6.71579638e-08 
 7.71500000e-09  0.00000000e+00  7.71500000e-09  1.79999995e+00  7.71500000e-09 -6.70302469e-08 
 7.72500000e-09  0.00000000e+00  7.72500000e-09  1.79999999e+00  7.72500000e-09  6.68951880e-08 
 7.73500000e-09  0.00000000e+00  7.73500000e-09  1.79999995e+00  7.73500000e-09 -6.67694997e-08 
 7.74500000e-09  0.00000000e+00  7.74500000e-09  1.79999999e+00  7.74500000e-09  6.66364539e-08 
 7.75500000e-09  0.00000000e+00  7.75500000e-09  1.79999995e+00  7.75500000e-09 -6.65127655e-08 
 7.76500000e-09  0.00000000e+00  7.76500000e-09  1.79999999e+00  7.76500000e-09  6.63817042e-08 
 7.77500000e-09  0.00000000e+00  7.77500000e-09  1.79999995e+00  7.77500000e-09 -6.62599872e-08 
 7.78500000e-09  0.00000000e+00  7.78500000e-09  1.79999998e+00  7.78500000e-09  6.61308823e-08 
 7.79500000e-09  0.00000000e+00  7.79500000e-09  1.79999995e+00  7.79500000e-09 -6.60111088e-08 
 7.80500000e-09  0.00000000e+00  7.80500000e-09  1.79999998e+00  7.80500000e-09  6.58839324e-08 
 7.81500000e-09  0.00000000e+00  7.81500000e-09  1.79999995e+00  7.81500000e-09 -6.57660748e-08 
 7.82500000e-09  0.00000000e+00  7.82500000e-09  1.79999998e+00  7.82500000e-09  6.56407997e-08 
 7.83500000e-09  0.00000000e+00  7.83500000e-09  1.79999995e+00  7.83500000e-09 -6.55248307e-08 
 7.84500000e-09  0.00000000e+00  7.84500000e-09  1.79999998e+00  7.84500000e-09  6.54014298e-08 
 7.85500000e-09  0.00000000e+00  7.85500000e-09  1.79999995e+00  7.85500000e-09 -6.52873225e-08 
 7.86500000e-09  0.00000000e+00  7.86500000e-09  1.79999998e+00  7.86500000e-09  6.51657692e-08 
 7.87500000e-09  0.00000000e+00  7.87500000e-09  1.79999995e+00  7.87500000e-09 -6.50534972e-08 
 7.88500000e-09  0.00000000e+00  7.88500000e-09  1.79999998e+00  7.88500000e-09  6.49337653e-08 
 7.89500000e-09  0.00000000e+00  7.89500000e-09  1.79999995e+00  7.89500000e-09 -6.48233025e-08 
 7.90500000e-09  0.00000000e+00  7.90500000e-09  1.79999998e+00  7.90500000e-09  6.47053660e-08 
 7.91500000e-09  0.00000000e+00  7.91500000e-09  1.79999995e+00  7.91500000e-09 -6.45966867e-08 
 7.92500000e-09  0.00000000e+00  7.92500000e-09  1.79999998e+00  7.92500000e-09  6.44805201e-08 
 7.93500000e-09  0.00000000e+00  7.93500000e-09  1.79999995e+00  7.93500000e-09 -6.43735989e-08 
 7.94500000e-09  0.00000000e+00  7.94500000e-09  1.79999998e+00  7.94500000e-09  6.42591771e-08 
 7.95500000e-09  0.00000000e+00  7.95500000e-09  1.79999995e+00  7.95500000e-09 -6.41539889e-08 
 7.96500000e-09  0.00000000e+00  7.96500000e-09  1.79999998e+00  7.96500000e-09  6.40412870e-08 
 7.97500000e-09  0.00000000e+00  7.97500000e-09  1.79999995e+00  7.97500000e-09 -6.39378072e-08 
 7.98500000e-09  0.00000000e+00  7.98500000e-09  1.79999998e+00  7.98500000e-09  6.38268008e-08 
 7.99500000e-09  0.00000000e+00  7.99500000e-09  1.79999995e+00  7.99500000e-09 -6.37250050e-08 
 8.00500000e-09  0.00000000e+00  8.00500000e-09  1.79999998e+00  8.00500000e-09  6.36156699e-08 
 8.01500000e-09  0.00000000e+00  8.01500000e-09  1.79999995e+00  8.01500000e-09 -6.35155341e-08 
 8.02500000e-09  0.00000000e+00  8.02500000e-09  1.79999998e+00  8.02500000e-09  6.34078466e-08 
 8.03500000e-09  0.00000000e+00  8.03500000e-09  1.79999996e+00  8.03500000e-09 -6.33093472e-08 
 8.04500000e-09  0.00000000e+00  8.04500000e-09  1.79999998e+00  8.04500000e-09  6.32032837e-08 
 8.05500000e-09  0.00000000e+00  8.05500000e-09  1.79999996e+00  8.05500000e-09 -6.31063973e-08 
 8.06500000e-09  0.00000000e+00  8.06500000e-09  1.79999998e+00  8.06500000e-09  6.30019348e-08 
 8.07500000e-09  0.00000000e+00  8.07500000e-09  1.79999996e+00  8.07500000e-09 -6.29080594e-08 
 8.08500000e-09  0.00000000e+00  8.08500000e-09  1.79999998e+00  8.08500000e-09  6.28045006e-08 
 8.09500000e-09  0.00000000e+00  8.09500000e-09  1.79999996e+00  8.09500000e-09 -6.27095468e-08 
 8.10500000e-09  0.00000000e+00  8.10500000e-09  1.79999998e+00  8.10500000e-09  6.26088679e-08 
 8.11500000e-09  0.00000000e+00  8.11500000e-09  1.79999996e+00  8.11500000e-09 -6.25176169e-08 
 8.12500000e-09  0.00000000e+00  8.12500000e-09  1.79999998e+00  8.12500000e-09  6.24174051e-08 
 8.13500000e-09  0.00000000e+00  8.13500000e-09  1.79999996e+00  8.13500000e-09 -6.23253736e-08 
 8.14500000e-09  0.00000000e+00  8.14500000e-09  1.79999998e+00  8.14500000e-09  6.22278178e-08 
 8.15500000e-09  0.00000000e+00  8.15500000e-09  1.79999996e+00  8.15500000e-09 -6.21395232e-08 
 8.16500000e-09  0.00000000e+00  8.16500000e-09  1.79999998e+00  8.16500000e-09  6.20423491e-08 
 8.17500000e-09  0.00000000e+00  8.17500000e-09  1.79999996e+00  8.17500000e-09 -6.19546283e-08 
 8.18500000e-09  0.00000000e+00  8.18500000e-09  1.79999998e+00  8.18500000e-09  6.18594016e-08 
 8.19500000e-09  0.00000000e+00  8.19500000e-09  1.79999996e+00  8.19500000e-09 -6.17728326e-08 
 8.20500000e-09  0.00000000e+00  8.20500000e-09  1.79999998e+00  8.20500000e-09  6.16792162e-08 
 8.21500000e-09  0.00000000e+00  8.21500000e-09  1.79999996e+00  8.21500000e-09 -6.15939824e-08 
 8.22500000e-09  0.00000000e+00  8.22500000e-09  1.79999998e+00  8.22500000e-09  6.15018479e-08 
 8.23500000e-09  0.00000000e+00  8.23500000e-09  1.79999996e+00  8.23500000e-09 -6.14179979e-08 
 8.24500000e-09  0.00000000e+00  8.24500000e-09  1.79999998e+00  8.24500000e-09  6.13272883e-08 
 8.25500000e-09  0.00000000e+00  8.25500000e-09  1.79999996e+00  8.25500000e-09 -6.12448257e-08 
 8.26500000e-09  0.00000000e+00  8.26500000e-09  1.79999998e+00  8.26500000e-09  6.11555084e-08 
 8.27500000e-09  0.00000000e+00  8.27500000e-09  1.79999996e+00  8.27500000e-09 -6.10744210e-08 
 8.28500000e-09  0.00000000e+00  8.28500000e-09  1.79999998e+00  8.28500000e-09  6.09864719e-08 
 8.29500000e-09  0.00000000e+00  8.29500000e-09  1.79999996e+00  8.29500000e-09 -6.09067430e-08 
 8.30500000e-09  0.00000000e+00  8.30500000e-09  1.79999998e+00  8.30500000e-09  6.08201410e-08 
 8.31500000e-09  0.00000000e+00  8.31500000e-09  1.79999996e+00  8.31500000e-09 -6.07417519e-08 
 8.32500000e-09  0.00000000e+00  8.32500000e-09  1.79999998e+00  8.32500000e-09  6.06564774e-08 
 8.33500000e-09  0.00000000e+00  8.33500000e-09  1.79999996e+00  8.33500000e-09 -6.05794091e-08 
 8.34500000e-09  0.00000000e+00  8.34500000e-09  1.79999998e+00  8.34500000e-09  6.04954428e-08 
 8.35500000e-09  0.00000000e+00  8.35500000e-09  1.79999996e+00  8.35500000e-09 -6.04196767e-08 
 8.36500000e-09  0.00000000e+00  8.36500000e-09  1.79999998e+00  8.36500000e-09  6.03369998e-08 
 8.37500000e-09  0.00000000e+00  8.37500000e-09  1.79999996e+00  8.37500000e-09 -6.02625172e-08 
 8.38500000e-09  0.00000000e+00  8.38500000e-09  1.79999997e+00  8.38500000e-09  6.01811112e-08 
 8.39500000e-09  0.00000000e+00  8.39500000e-09  1.79999996e+00  8.39500000e-09 -6.01078936e-08 
 8.40500000e-09  0.00000000e+00  8.40500000e-09  1.79999997e+00  8.40500000e-09  6.00277404e-08 
 8.41500000e-09  0.00000000e+00  8.41500000e-09  1.79999996e+00  8.41500000e-09 -5.99557697e-08 
 8.42500000e-09  0.00000000e+00  8.42500000e-09  1.79999997e+00  8.42500000e-09  5.98768512e-08 
 8.43500000e-09  0.00000000e+00  8.43500000e-09  1.79999996e+00  8.43500000e-09 -5.98061095e-08 
 8.44500000e-09  0.00000000e+00  8.44500000e-09  1.79999997e+00  8.44500000e-09  5.97284080e-08 
 8.45500000e-09  0.00000000e+00  8.45500000e-09  1.79999996e+00  8.45500000e-09 -5.96588777e-08 
 8.46500000e-09  0.00000000e+00  8.46500000e-09  1.79999997e+00  8.46500000e-09  5.95823757e-08 
 8.47500000e-09  0.00000000e+00  8.47500000e-09  1.79999996e+00  8.47500000e-09 -5.95140394e-08 
 8.48500000e-09  0.00000000e+00  8.48500000e-09  1.79999997e+00  8.48500000e-09  5.94387197e-08 
 8.49500000e-09  0.00000000e+00  8.49500000e-09  1.79999996e+00  8.49500000e-09 -5.93715602e-08 
 8.50500000e-09  0.00000000e+00  8.50500000e-09  1.79999997e+00  8.50500000e-09  5.92974058e-08 
 8.51500000e-09  0.00000000e+00  8.51500000e-09  1.79999996e+00  8.51500000e-09 -5.92314063e-08 
 8.52500000e-09  0.00000000e+00  8.52500000e-09  1.79999997e+00  8.52500000e-09  5.91584004e-08 
 8.53500000e-09  0.00000000e+00  8.53500000e-09  1.79999996e+00  8.53500000e-09 -5.90935440e-08 
 8.54500000e-09  0.00000000e+00  8.54500000e-09  1.79999997e+00  8.54500000e-09  5.90216702e-08 
 8.55500000e-09  0.00000000e+00  8.55500000e-09  1.79999996e+00  8.55500000e-09 -5.89579406e-08 
 8.56500000e-09  0.00000000e+00  8.56500000e-09  1.79999997e+00  8.56500000e-09  5.88871825e-08 
 8.57500000e-09  0.00000000e+00  8.57500000e-09  1.79999996e+00  8.57500000e-09 -5.88245634e-08 
 8.58500000e-09  0.00000000e+00  8.58500000e-09  1.79999997e+00  8.58500000e-09  5.87549050e-08 
 8.59500000e-09  0.00000000e+00  8.59500000e-09  1.79999996e+00  8.59500000e-09 -5.86933805e-08 
 8.60500000e-09  0.00000000e+00  8.60500000e-09  1.79999997e+00  8.60500000e-09  5.86248060e-08 
 8.61500000e-09  0.00000000e+00  8.61500000e-09  1.79999996e+00  8.61500000e-09 -5.85643602e-08 
 8.62500000e-09  0.00000000e+00  8.62500000e-09  1.79999997e+00  8.62500000e-09  5.84968539e-08 
 8.63500000e-09  0.00000000e+00  8.63500000e-09  1.79999996e+00  8.63500000e-09 -5.84374713e-08 
 8.64500000e-09  0.00000000e+00  8.64500000e-09  1.79999997e+00  8.64500000e-09  5.83710179e-08 
 8.65500000e-09  0.00000000e+00  8.65500000e-09  1.79999996e+00  8.65500000e-09 -5.83126832e-08 
 8.66500000e-09  0.00000000e+00  8.66500000e-09  1.79999997e+00  8.66500000e-09  5.82472674e-08 
 8.67500000e-09  0.00000000e+00  8.67500000e-09  1.79999996e+00  8.67500000e-09 -5.81899655e-08 
 8.68500000e-09  0.00000000e+00  8.68500000e-09  1.79999997e+00  8.68500000e-09  5.81255723e-08 
 8.69500000e-09  0.00000000e+00  8.69500000e-09  1.79999996e+00  8.69500000e-09 -5.80692883e-08 
 8.70500000e-09  0.00000000e+00  8.70500000e-09  1.79999997e+00  8.70500000e-09  5.80059031e-08 
 8.71500000e-09  0.00000000e+00  8.71500000e-09  1.79999996e+00  8.71500000e-09 -5.79506222e-08 
 8.72500000e-09  0.00000000e+00  8.72500000e-09  1.79999997e+00  8.72500000e-09  5.78882303e-08 
 8.73500000e-09  0.00000000e+00  8.73500000e-09  1.79999996e+00  8.73500000e-09 -5.78339381e-08 
 8.74500000e-09  0.00000000e+00  8.74500000e-09  1.79999997e+00  8.74500000e-09  5.77725253e-08 
 8.75500000e-09  0.00000000e+00  8.75500000e-09  1.79999996e+00  8.75500000e-09 -5.77192074e-08 
 8.76500000e-09  0.00000000e+00  8.76500000e-09  1.79999997e+00  8.76500000e-09  5.76587594e-08 
 8.77500000e-09  0.00000000e+00  8.77500000e-09  1.79999996e+00  8.77500000e-09 -5.76064019e-08 
 8.78500000e-09  0.00000000e+00  8.78500000e-09  1.79999997e+00  8.78500000e-09  5.75469048e-08 
 8.79500000e-09  0.00000000e+00  8.79500000e-09  1.79999996e+00  8.79500000e-09 -5.74954936e-08 
 8.80500000e-09  0.00000000e+00  8.80500000e-09  1.79999997e+00  8.80500000e-09  5.74369336e-08 
 8.81500000e-09  0.00000000e+00  8.81500000e-09  1.79999996e+00  8.81500000e-09 -5.73864552e-08 
 8.82500000e-09  0.00000000e+00  8.82500000e-09  1.79999997e+00  8.82500000e-09  5.73288188e-08 
 8.83500000e-09  0.00000000e+00  8.83500000e-09  1.79999996e+00  8.83500000e-09 -5.72792595e-08 
 8.84500000e-09  0.00000000e+00  8.84500000e-09  1.79999997e+00  8.84500000e-09  5.72225333e-08 
 8.85500000e-09  0.00000000e+00  8.85500000e-09  1.79999996e+00  8.85500000e-09 -5.71738798e-08 
 8.86500000e-09  0.00000000e+00  8.86500000e-09  1.79999997e+00  8.86500000e-09  5.71180506e-08 
 8.87500000e-09  0.00000000e+00  8.87500000e-09  1.79999997e+00  8.87500000e-09 -5.70702900e-08 
 8.88500000e-09  0.00000000e+00  8.88500000e-09  1.79999997e+00  8.88500000e-09  5.70153448e-08 
 8.89500000e-09  0.00000000e+00  8.89500000e-09  1.79999997e+00  8.89500000e-09 -5.69684638e-08 
 8.90500000e-09  0.00000000e+00  8.90500000e-09  1.79999997e+00  8.90500000e-09  5.69143898e-08 
 8.91500000e-09  0.00000000e+00  8.91500000e-09  1.79999997e+00  8.91500000e-09 -5.68683759e-08 
 8.92500000e-09  0.00000000e+00  8.92500000e-09  1.79999997e+00  8.92500000e-09  5.68151604e-08 
 8.93500000e-09  0.00000000e+00  8.93500000e-09  1.79999997e+00  8.93500000e-09 -5.67700009e-08 
 8.94500000e-09  0.00000000e+00  8.94500000e-09  1.79999997e+00  8.94500000e-09  5.67176315e-08 
 8.95500000e-09  0.00000000e+00  8.95500000e-09  1.79999997e+00  8.95500000e-09 -5.66733140e-08 
 8.96500000e-09  0.00000000e+00  8.96500000e-09  1.79999997e+00  8.96500000e-09  5.66217784e-08 
 8.97500000e-09  0.00000000e+00  8.97500000e-09  1.79999997e+00  8.97500000e-09 -5.65782906e-08 
 8.98500000e-09  0.00000000e+00  8.98500000e-09  1.79999997e+00  8.98500000e-09  5.65275767e-08 
 8.99500000e-09  0.00000000e+00  8.99500000e-09  1.79999997e+00  8.99500000e-09 -5.64849066e-08 
 9.00500000e-09  0.00000000e+00  9.00500000e-09  1.79999997e+00  9.00500000e-09  5.64350023e-08 
 9.01500000e-09  0.00000000e+00  9.01500000e-09  1.79999997e+00  9.01500000e-09 -5.63931380e-08 
 9.02500000e-09  0.00000000e+00  9.02500000e-09  1.79999997e+00  9.02500000e-09  5.63440317e-08 
 9.03500000e-09  0.00000000e+00  9.03500000e-09  1.79999997e+00  9.03500000e-09 -5.63029615e-08 
 9.04500000e-09  0.00000000e+00  9.04500000e-09  1.79999997e+00  9.04500000e-09  5.62546414e-08 
 9.05500000e-09  0.00000000e+00  9.05500000e-09  1.79999997e+00  9.05500000e-09 -5.62143537e-08 
 9.06500000e-09  0.00000000e+00  9.06500000e-09  1.79999997e+00  9.06500000e-09  5.61668085e-08 
 9.07500000e-09  0.00000000e+00  9.07500000e-09  1.79999997e+00  9.07500000e-09 -5.61272919e-08 
 9.08500000e-09  0.00000000e+00  9.08500000e-09  1.79999997e+00  9.08500000e-09  5.60805102e-08 
 9.09500000e-09  0.00000000e+00  9.09500000e-09  1.79999997e+00  9.09500000e-09 -5.60417534e-08 
 9.10500000e-09  0.00000000e+00  9.10500000e-09  1.79999997e+00  9.10500000e-09  5.59957241e-08 
 9.11500000e-09  0.00000000e+00  9.11500000e-09  1.79999997e+00  9.11500000e-09 -5.59577161e-08 
 9.12500000e-09  0.00000000e+00  9.12500000e-09  1.79999997e+00  9.12500000e-09  5.59124283e-08 
 9.13500000e-09  0.00000000e+00  9.13500000e-09  1.79999997e+00  9.13500000e-09 -5.58751580e-08 
 9.14500000e-09  0.00000000e+00  9.14500000e-09  1.79999997e+00  9.14500000e-09  5.58306008e-08 
 9.15500000e-09  0.00000000e+00  9.15500000e-09  1.79999997e+00  9.15500000e-09 -5.57940575e-08 
 9.16500000e-09  0.00000000e+00  9.16500000e-09  1.79999997e+00  9.16500000e-09  5.57502203e-08 
 9.17500000e-09  0.00000000e+00  9.17500000e-09  1.79999997e+00  9.17500000e-09 -5.57143934e-08 
 9.18500000e-09  0.00000000e+00  9.18500000e-09  1.79999997e+00  9.18500000e-09  5.56712655e-08 
 9.19500000e-09  0.00000000e+00  9.19500000e-09  1.79999997e+00  9.19500000e-09 -5.56361446e-08 
 9.20500000e-09  0.00000000e+00  9.20500000e-09  1.79999997e+00  9.20500000e-09  5.55937158e-08 
 9.21500000e-09  0.00000000e+00  9.21500000e-09  1.79999997e+00  9.21500000e-09 -5.55592904e-08 
 9.22500000e-09  0.00000000e+00  9.22500000e-09  1.79999997e+00  9.22500000e-09  5.55175504e-08 
 9.23500000e-09  0.00000000e+00  9.23500000e-09  1.79999997e+00  9.23500000e-09 -5.54838104e-08 
 9.24500000e-09  0.00000000e+00  9.24500000e-09  1.79999997e+00  9.24500000e-09  5.54427490e-08 
 9.25500000e-09  0.00000000e+00  9.25500000e-09  1.79999997e+00  9.25500000e-09 -5.54096844e-08 
 9.26500000e-09  0.00000000e+00  9.26500000e-09  1.79999997e+00  9.26500000e-09  5.53692918e-08 
 9.27500000e-09  0.00000000e+00  9.27500000e-09  1.79999997e+00  9.27500000e-09 -5.53368926e-08 
 9.28500000e-09  0.00000000e+00  9.28500000e-09  1.79999997e+00  9.28500000e-09  5.52971589e-08 
 9.29500000e-09  0.00000000e+00  9.29500000e-09  1.79999997e+00  9.29500000e-09 -5.52654154e-08 
 9.30500000e-09  0.00000000e+00  9.30500000e-09  1.79999997e+00  9.30500000e-09  5.52263310e-08 
 9.31500000e-09  0.00000000e+00  9.31500000e-09  1.79999997e+00  9.31500000e-09 -5.51952335e-08 
 9.32500000e-09  0.00000000e+00  9.32500000e-09  1.79999996e+00  9.32500000e-09  5.51567889e-08 
 9.33500000e-09  0.00000000e+00  9.33500000e-09  1.79999997e+00  9.33500000e-09 -5.51263279e-08 
 9.34500000e-09  0.00000000e+00  9.34500000e-09  1.79999996e+00  9.34500000e-09  5.50885136e-08 
 9.35500000e-09  0.00000000e+00  9.35500000e-09  1.79999997e+00  9.35500000e-09 -5.50586799e-08 
 9.36500000e-09  0.00000000e+00  9.36500000e-09  1.79999996e+00  9.36500000e-09  5.50214866e-08 
 9.37500000e-09  0.00000000e+00  9.37500000e-09  1.79999997e+00  9.37500000e-09 -5.49922708e-08 
 9.38500000e-09  0.00000000e+00  9.38500000e-09  1.79999996e+00  9.38500000e-09  5.49556895e-08 
 9.39500000e-09  0.00000000e+00  9.39500000e-09  1.79999997e+00  9.39500000e-09 -5.49270825e-08 
 9.40500000e-09  0.00000000e+00  9.40500000e-09  1.79999996e+00  9.40500000e-09  5.48911041e-08 
 9.41500000e-09  0.00000000e+00  9.41500000e-09  1.79999997e+00  9.41500000e-09 -5.48630971e-08 
 9.42500000e-09  0.00000000e+00  9.42500000e-09  1.79999996e+00  9.42500000e-09  5.48277127e-08 
 9.43500000e-09  0.00000000e+00  9.43500000e-09  1.79999997e+00  9.43500000e-09 -5.48002966e-08 
 9.44500000e-09  0.00000000e+00  9.44500000e-09  1.79999996e+00  9.44500000e-09  5.47654975e-08 
 9.45500000e-09  0.00000000e+00  9.45500000e-09  1.79999997e+00  9.45500000e-09 -5.47386638e-08 
 9.46500000e-09  0.00000000e+00  9.46500000e-09  1.79999996e+00  9.46500000e-09  5.47044414e-08 
 9.47500000e-09  0.00000000e+00  9.47500000e-09  1.79999997e+00  9.47500000e-09 -5.46781814e-08 
 9.48500000e-09  0.00000000e+00  9.48500000e-09  1.79999996e+00  9.48500000e-09  5.46445270e-08 
 9.49500000e-09  0.00000000e+00  9.49500000e-09  1.79999997e+00  9.49500000e-09 -5.46188322e-08 
 9.50500000e-09  0.00000000e+00  9.50500000e-09  1.79999996e+00  9.50500000e-09  5.45857376e-08 
 9.51500000e-09  0.00000000e+00  9.51500000e-09  1.79999997e+00  9.51500000e-09 -5.45605997e-08 
 9.52500000e-09  0.00000000e+00  9.52500000e-09  1.79999996e+00  9.52500000e-09  5.45280565e-08 
 9.53500000e-09  0.00000000e+00  9.53500000e-09  1.79999997e+00  9.53500000e-09 -5.45034672e-08 
 9.54500000e-09  0.00000000e+00  9.54500000e-09  1.79999996e+00  9.54500000e-09  5.44714673e-08 
 9.55500000e-09  0.00000000e+00  9.55500000e-09  1.79999997e+00  9.55500000e-09 -5.44474185e-08 
 9.56500000e-09  0.00000000e+00  9.56500000e-09  1.79999996e+00  9.56500000e-09  5.44159539e-08 
 9.57500000e-09  0.00000000e+00  9.57500000e-09  1.79999997e+00  9.57500000e-09 -5.43924376e-08 
 9.58500000e-09  0.00000000e+00  9.58500000e-09  1.79999996e+00  9.58500000e-09  5.43615002e-08 
 9.59500000e-09  0.00000000e+00  9.59500000e-09  1.79999997e+00  9.59500000e-09 -5.43385085e-08 
 9.60500000e-09  0.00000000e+00  9.60500000e-09  1.79999996e+00  9.60500000e-09  5.43080907e-08 
 9.61500000e-09  0.00000000e+00  9.61500000e-09  1.79999997e+00  9.61500000e-09 -5.42856158e-08 
 9.62500000e-09  0.00000000e+00  9.62500000e-09  1.79999996e+00  9.62500000e-09  5.42557097e-08 
 9.63500000e-09  0.00000000e+00  9.63500000e-09  1.79999997e+00  9.63500000e-09 -5.42337439e-08 
 9.64500000e-09  0.00000000e+00  9.64500000e-09  1.79999996e+00  9.64500000e-09  5.42043420e-08 
 9.65500000e-09  0.00000000e+00  9.65500000e-09  1.79999997e+00  9.65500000e-09 -5.41828777e-08 
 9.66500000e-09  0.00000000e+00  9.66500000e-09  1.79999996e+00  9.66500000e-09  5.41539725e-08 
 9.67500000e-09  0.00000000e+00  9.67500000e-09  1.79999997e+00  9.67500000e-09 -5.41330024e-08 
 9.68500000e-09  0.00000000e+00  9.68500000e-09  1.79999996e+00  9.68500000e-09  5.41045864e-08 
 9.69500000e-09  0.00000000e+00  9.69500000e-09  1.79999997e+00  9.69500000e-09 -5.40841030e-08 
 9.70500000e-09  0.00000000e+00  9.70500000e-09  1.79999996e+00  9.70500000e-09  5.40561690e-08 
 9.71500000e-09  0.00000000e+00  9.71500000e-09  1.79999997e+00  9.71500000e-09 -5.40361651e-08 
 9.72500000e-09  0.00000000e+00  9.72500000e-09  1.79999996e+00  9.72500000e-09  5.40087059e-08 
 9.73500000e-09  0.00000000e+00  9.73500000e-09  1.79999997e+00  9.73500000e-09 -5.39891743e-08 
 9.74500000e-09  0.00000000e+00  9.74500000e-09  1.79999996e+00  9.74500000e-09  5.39621828e-08 
 9.75500000e-09  0.00000000e+00  9.75500000e-09  1.79999997e+00  9.75500000e-09 -5.39431165e-08 
 9.76500000e-09  0.00000000e+00  9.76500000e-09  1.79999996e+00  9.76500000e-09  5.39165858e-08 
 9.77500000e-09  0.00000000e+00  9.77500000e-09  1.79999997e+00  9.77500000e-09 -5.38979778e-08 
 9.78500000e-09  0.00000000e+00  9.78500000e-09  1.79999996e+00  9.78500000e-09  5.38719009e-08 
 9.79500000e-09  0.00000000e+00  9.79500000e-09  1.79999997e+00  9.79500000e-09 -5.38537443e-08 
 9.80500000e-09  0.00000000e+00  9.80500000e-09  1.79999996e+00  9.80500000e-09  5.38281145e-08 
 9.81500000e-09  0.00000000e+00  9.81500000e-09  1.79999997e+00  9.81500000e-09 -5.38104027e-08 
 9.82500000e-09  0.00000000e+00  9.82500000e-09  1.79999996e+00  9.82500000e-09  5.37852132e-08 
 9.83500000e-09  0.00000000e+00  9.83500000e-09  1.79999997e+00  9.83500000e-09 -5.37679394e-08 
 9.84500000e-09  0.00000000e+00  9.84500000e-09  1.79999996e+00  9.84500000e-09  5.37431837e-08 
 9.85500000e-09  0.00000000e+00  9.85500000e-09  1.79999997e+00  9.85500000e-09 -5.37263414e-08 
 9.86500000e-09  0.00000000e+00  9.86500000e-09  1.79999996e+00  9.86500000e-09  5.37020130e-08 
 9.87500000e-09  0.00000000e+00  9.87500000e-09  1.79999997e+00  9.87500000e-09 -5.36855957e-08 
 9.88500000e-09  0.00000000e+00  9.88500000e-09  1.79999996e+00  9.88500000e-09  5.36616882e-08 
 9.89500000e-09  0.00000000e+00  9.89500000e-09  1.79999997e+00  9.89500000e-09 -5.36456895e-08 
 9.90500000e-09  0.00000000e+00  9.90500000e-09  1.79999996e+00  9.90500000e-09  5.36221965e-08 
 9.91500000e-09  0.00000000e+00  9.91500000e-09  1.79999997e+00  9.91500000e-09 -5.36066100e-08 
 9.92500000e-09  0.00000000e+00  9.92500000e-09  1.79999996e+00  9.92500000e-09  5.35835253e-08 
 9.93500000e-09  0.00000000e+00  9.93500000e-09  1.79999997e+00  9.93500000e-09 -5.35683450e-08 
 9.94500000e-09  0.00000000e+00  9.94500000e-09  1.79999996e+00  9.94500000e-09  5.35456625e-08 
 9.95500000e-09  0.00000000e+00  9.95500000e-09  1.79999997e+00  9.95500000e-09 -5.35308821e-08 
 9.96500000e-09  0.00000000e+00  9.96500000e-09  1.79999996e+00  9.96500000e-09  5.35085957e-08 
 9.97500000e-09  0.00000000e+00  9.97500000e-09  1.79999997e+00  9.97500000e-09 -5.34942093e-08 
 9.98500000e-09  0.00000000e+00  9.98500000e-09  1.79999996e+00  9.98500000e-09  5.34723130e-08 
 9.99500000e-09  0.00000000e+00  9.99500000e-09  1.79999997e+00  9.99500000e-09 -5.34583146e-08 
 1.00050000e-08  0.00000000e+00  1.00050000e-08  1.79999996e+00  1.00050000e-08  5.34368025e-08 
 1.00150000e-08  0.00000000e+00  1.00150000e-08  1.79999997e+00  1.00150000e-08 -5.34231863e-08 
 1.00250000e-08  0.00000000e+00  1.00250000e-08  1.79999996e+00  1.00250000e-08  5.34020526e-08 
 1.00350000e-08  0.00000000e+00  1.00350000e-08  1.79999997e+00  1.00350000e-08 -5.33888128e-08 
 1.00450000e-08  0.00000000e+00  1.00450000e-08  1.79999996e+00  1.00450000e-08  5.33680519e-08 
 1.00550000e-08  0.00000000e+00  1.00550000e-08  1.79999997e+00  1.00550000e-08 -5.33551827e-08 
 1.00650000e-08  0.00000000e+00  1.00650000e-08  1.79999996e+00  1.00650000e-08  5.33347888e-08 
 1.00750000e-08  0.00000000e+00  1.00750000e-08  1.79999997e+00  1.00750000e-08 -5.33222846e-08 
 1.00850000e-08  0.00000000e+00  1.00850000e-08  1.79999996e+00  1.00850000e-08  5.33022522e-08 
 1.00950000e-08  0.00000000e+00  1.00950000e-08  1.79999997e+00  1.00950000e-08 -5.32901076e-08 
 1.01050000e-08  0.00000000e+00  1.01050000e-08  1.79999996e+00  1.01050000e-08  5.32704312e-08 
 1.01150000e-08  0.00000000e+00  1.01150000e-08  1.79999997e+00  1.01150000e-08 -5.32586407e-08 
 1.01250000e-08  0.00000000e+00  1.01250000e-08  1.79999996e+00  1.01250000e-08  5.32393149e-08 
 1.01350000e-08  0.00000000e+00  1.01350000e-08  1.79999997e+00  1.01350000e-08 -5.32278730e-08 
 1.01450000e-08  0.00000000e+00  1.01450000e-08  1.79999996e+00  1.01450000e-08  5.32088925e-08 
 1.01550000e-08  0.00000000e+00  1.01550000e-08  1.79999997e+00  1.01550000e-08 -5.31977940e-08 
 1.01650000e-08  0.00000000e+00  1.01650000e-08  1.79999996e+00  1.01650000e-08  5.31791535e-08 
 1.01750000e-08  0.00000000e+00  1.01750000e-08  1.79999997e+00  1.01750000e-08 -5.31683931e-08 
 1.01850000e-08  0.00000000e+00  1.01850000e-08  1.79999996e+00  1.01850000e-08  5.31500874e-08 
 1.01950000e-08  0.00000000e+00  1.01950000e-08  1.79999997e+00  1.01950000e-08 -5.31396600e-08 
 1.02050000e-08  0.00000000e+00  1.02050000e-08  1.79999996e+00  1.02050000e-08  5.31216841e-08 
 1.02150000e-08  0.00000000e+00  1.02150000e-08  1.79999997e+00  1.02150000e-08 -5.31115845e-08 
 1.02250000e-08  0.00000000e+00  1.02250000e-08  1.79999996e+00  1.02250000e-08  5.30939333e-08 
 1.02350000e-08  0.00000000e+00  1.02350000e-08  1.79999997e+00  1.02350000e-08 -5.30841566e-08 
 1.02450000e-08  0.00000000e+00  1.02450000e-08  1.79999996e+00  1.02450000e-08  5.30668251e-08 
 1.02550000e-08  0.00000000e+00  1.02550000e-08  1.79999997e+00  1.02550000e-08 -5.30573664e-08 
 1.02650000e-08  0.00000000e+00  1.02650000e-08  1.79999996e+00  1.02650000e-08  5.30403497e-08 
 1.02750000e-08  0.00000000e+00  1.02750000e-08  1.79999997e+00  1.02750000e-08 -5.30312040e-08 
 1.02850000e-08  0.00000000e+00  1.02850000e-08  1.79999996e+00  1.02850000e-08  5.30144974e-08 
 1.02950000e-08  0.00000000e+00  1.02950000e-08  1.79999997e+00  1.02950000e-08 -5.30056600e-08 
 1.03050000e-08  0.00000000e+00  1.03050000e-08  1.79999996e+00  1.03050000e-08  5.29892586e-08 
 1.03150000e-08  0.00000000e+00  1.03150000e-08  1.79999997e+00  1.03150000e-08 -5.29807247e-08 
 1.03250000e-08  0.00000000e+00  1.03250000e-08  1.79999996e+00  1.03250000e-08  5.29646240e-08 
 1.03350000e-08  0.00000000e+00  1.03350000e-08  1.79999997e+00  1.03350000e-08 -5.29563889e-08 
 1.03450000e-08  0.00000000e+00  1.03450000e-08  1.79999996e+00  1.03450000e-08  5.29405840e-08 
 1.03550000e-08  0.00000000e+00  1.03550000e-08  1.79999997e+00  1.03550000e-08 -5.29326433e-08 
 1.03650000e-08  0.00000000e+00  1.03650000e-08  1.79999996e+00  1.03650000e-08  5.29171298e-08 
 1.03750000e-08  0.00000000e+00  1.03750000e-08  1.79999997e+00  1.03750000e-08 -5.29094787e-08 
 1.03850000e-08  0.00000000e+00  1.03850000e-08  1.79999996e+00  1.03850000e-08  5.28942522e-08 
 1.03950000e-08  0.00000000e+00  1.03950000e-08  1.79999997e+00  1.03950000e-08 -5.28868864e-08 
 1.04050000e-08  0.00000000e+00  1.04050000e-08  1.79999996e+00  1.04050000e-08  5.28719423e-08 
 1.04150000e-08  0.00000000e+00  1.04150000e-08  1.79999997e+00  1.04150000e-08 -5.28648573e-08 
 1.04250000e-08  0.00000000e+00  1.04250000e-08  1.79999996e+00  1.04250000e-08  5.28501914e-08 
 1.04350000e-08  0.00000000e+00  1.04350000e-08  1.79999997e+00  1.04350000e-08 -5.28433829e-08 
 1.04450000e-08  0.00000000e+00  1.04450000e-08  1.79999996e+00  1.04450000e-08  5.28289907e-08 
 1.04550000e-08  0.00000000e+00  1.04550000e-08  1.79999997e+00  1.04550000e-08 -5.28224544e-08 
 1.04650000e-08  0.00000000e+00  1.04650000e-08  1.79999996e+00  1.04650000e-08  5.28083319e-08 
 1.04750000e-08  0.00000000e+00  1.04750000e-08  1.79999997e+00  1.04750000e-08 -5.28020636e-08 
 1.04850000e-08  0.00000000e+00  1.04850000e-08  1.79999996e+00  1.04850000e-08  5.27882064e-08 
 1.04950000e-08  0.00000000e+00  1.04950000e-08  1.79999997e+00  1.04950000e-08 -5.27822019e-08 
 1.05050000e-08  0.00000000e+00  1.05050000e-08  1.79999996e+00  1.05050000e-08  5.27686060e-08 
 1.05150000e-08  0.00000000e+00  1.05150000e-08  1.79999997e+00  1.05150000e-08 -5.27628613e-08 
 1.05250000e-08  0.00000000e+00  1.05250000e-08  1.79999996e+00  1.05250000e-08  5.27495225e-08 
 1.05350000e-08  0.00000000e+00  1.05350000e-08  1.79999997e+00  1.05350000e-08 -5.27440335e-08 
 1.05450000e-08  0.00000000e+00  1.05450000e-08  1.79999996e+00  1.05450000e-08  5.27309480e-08 
 1.05550000e-08  0.00000000e+00  1.05550000e-08  1.79999997e+00  1.05550000e-08 -5.27257105e-08 
 1.05650000e-08  0.00000000e+00  1.05650000e-08  1.79999996e+00  1.05650000e-08  5.27128743e-08 
 1.05750000e-08  0.00000000e+00  1.05750000e-08  1.79999997e+00  1.05750000e-08 -5.27078847e-08 
 1.05850000e-08  0.00000000e+00  1.05850000e-08  1.79999996e+00  1.05850000e-08  5.26952938e-08 
 1.05950000e-08  0.00000000e+00  1.05950000e-08  1.79999997e+00  1.05950000e-08 -5.26905480e-08 
 1.06050000e-08  0.00000000e+00  1.06050000e-08  1.79999996e+00  1.06050000e-08  5.26781987e-08 
 1.06150000e-08  0.00000000e+00  1.06150000e-08  1.79999997e+00  1.06150000e-08 -5.26736929e-08 
 1.06250000e-08  0.00000000e+00  1.06250000e-08  1.79999996e+00  1.06250000e-08  5.26615813e-08 
 1.06350000e-08  0.00000000e+00  1.06350000e-08  1.79999997e+00  1.06350000e-08 -5.26573119e-08 
 1.06450000e-08  0.00000000e+00  1.06450000e-08  1.79999996e+00  1.06450000e-08  5.26454342e-08 
 1.06550000e-08  0.00000000e+00  1.06550000e-08  1.79999997e+00  1.06550000e-08 -5.26413974e-08 
 1.06650000e-08  0.00000000e+00  1.06650000e-08  1.79999996e+00  1.06650000e-08  5.26297501e-08 
 1.06750000e-08  0.00000000e+00  1.06750000e-08  1.79999997e+00  1.06750000e-08 -5.26259423e-08 
 1.06850000e-08  0.00000000e+00  1.06850000e-08  1.79999996e+00  1.06850000e-08  5.26145217e-08 
 1.06950000e-08  0.00000000e+00  1.06950000e-08  1.79999997e+00  1.06950000e-08 -5.26109391e-08 
 1.07050000e-08  0.00000000e+00  1.07050000e-08  1.79999996e+00  1.07050000e-08  5.25997416e-08 
 1.07150000e-08  0.00000000e+00  1.07150000e-08  1.79999997e+00  1.07150000e-08 -5.25963808e-08 
 1.07250000e-08  0.00000000e+00  1.07250000e-08  1.79999996e+00  1.07250000e-08  5.25854030e-08 
 1.07350000e-08  0.00000000e+00  1.07350000e-08  1.79999997e+00  1.07350000e-08 -5.25822605e-08 
 1.07450000e-08  0.00000000e+00  1.07450000e-08  1.79999996e+00  1.07450000e-08  5.25714988e-08 
 1.07550000e-08  0.00000000e+00  1.07550000e-08  1.79999997e+00  1.07550000e-08 -5.25685710e-08 
 1.07650000e-08  0.00000000e+00  1.07650000e-08  1.79999996e+00  1.07650000e-08  5.25580221e-08 
 1.07750000e-08  0.00000000e+00  1.07750000e-08  1.79999997e+00  1.07750000e-08 -5.25553057e-08 
 1.07850000e-08  0.00000000e+00  1.07850000e-08  1.79999996e+00  1.07850000e-08  5.25449661e-08 
 1.07950000e-08  0.00000000e+00  1.07950000e-08  1.79999997e+00  1.07950000e-08 -5.25424578e-08 
 1.08050000e-08  0.00000000e+00  1.08050000e-08  1.79999996e+00  1.08050000e-08  5.25323243e-08 
 1.08150000e-08  0.00000000e+00  1.08150000e-08  1.79999997e+00  1.08150000e-08 -5.25300207e-08 
 1.08250000e-08  0.00000000e+00  1.08250000e-08  1.79999996e+00  1.08250000e-08  5.25200899e-08 
 1.08350000e-08  0.00000000e+00  1.08350000e-08  1.79999997e+00  1.08350000e-08 -5.25179878e-08 
 1.08450000e-08  0.00000000e+00  1.08450000e-08  1.79999996e+00  1.08450000e-08  5.25082565e-08 
 1.08550000e-08  0.00000000e+00  1.08550000e-08  1.79999997e+00  1.08550000e-08 -5.25063527e-08 
 1.08650000e-08  0.00000000e+00  1.08650000e-08  1.79999996e+00  1.08650000e-08  5.24968178e-08 
 1.08750000e-08  0.00000000e+00  1.08750000e-08  1.79999997e+00  1.08750000e-08 -5.24951091e-08 
 1.08850000e-08  0.00000000e+00  1.08850000e-08  1.79999996e+00  1.08850000e-08  5.24857673e-08 
 1.08950000e-08  0.00000000e+00  1.08950000e-08  1.79999997e+00  1.08950000e-08 -5.24842506e-08 
 1.09050000e-08  0.00000000e+00  1.09050000e-08  1.79999996e+00  1.09050000e-08  5.24750990e-08 
 1.09150000e-08  0.00000000e+00  1.09150000e-08  1.79999997e+00  1.09150000e-08 -5.24737711e-08 
 1.09250000e-08  0.00000000e+00  1.09250000e-08  1.79999996e+00  1.09250000e-08  5.24648066e-08 
 1.09350000e-08  0.00000000e+00  1.09350000e-08  1.79999997e+00  1.09350000e-08 -5.24636646e-08 
 1.09450000e-08  0.00000000e+00  1.09450000e-08  1.79999996e+00  1.09450000e-08  5.24548841e-08 
 1.09550000e-08  0.00000000e+00  1.09550000e-08  1.79999997e+00  1.09550000e-08 -5.24539249e-08 
 1.09650000e-08  0.00000000e+00  1.09650000e-08  1.79999996e+00  1.09650000e-08  5.24453256e-08 
 1.09750000e-08  0.00000000e+00  1.09750000e-08  1.79999997e+00  1.09750000e-08 -5.24445464e-08 
 1.09850000e-08  0.00000000e+00  1.09850000e-08  1.79999996e+00  1.09850000e-08  5.24361252e-08 
 1.09950000e-08  0.00000000e+00  1.09950000e-08  1.79999997e+00  1.09950000e-08 -5.24355229e-08 
 1.10000000e-08  0.00000000e+00  1.10000000e-08  1.79999996e+00  1.10000000e-08  5.24290428e-08 
 1.10010000e-08  1.80000000e-02  1.10010000e-08  1.80235111e+00  1.10010000e-08  1.33339149e-05 
 1.10030000e-08  5.40000000e-02  1.10030000e-08  1.80681368e+00  1.10030000e-08  1.46835881e-05 
 1.10070000e-08  1.26000000e-01  1.10070000e-08  1.81451832e+00  1.10070000e-08  1.67896562e-05 
 1.10150000e-08  2.70000000e-01  1.10150000e-08  1.82667003e+00  1.10150000e-08  1.93227205e-05 
 1.10250000e-08  4.50000000e-01  1.10250000e-08  1.83889881e+00  1.10250000e-08  2.03551876e-05 
 1.10350000e-08  6.30000000e-01  1.10350000e-08  1.85052703e+00  1.10350000e-08  1.98063039e-05 
 1.10450000e-08  8.10000000e-01  1.10450000e-08  1.85436053e+00  1.10450000e-08  1.67832718e-05 
 1.10550000e-08  9.90000000e-01  1.10550000e-08  1.82447750e+00  1.10550000e-08  1.14725708e-05 
 1.10650000e-08  1.17000000e+00  1.10650000e-08  1.73035443e+00  1.10650000e-08  6.04532421e-06 
 1.10750000e-08  1.35000000e+00  1.10750000e-08  1.54909272e+00  1.10750000e-08  7.81329279e-06 
 1.10850000e-08  1.53000000e+00  1.10850000e-08  1.29067607e+00  1.10850000e-08  3.70040819e-06 
 1.10950000e-08  1.71000000e+00  1.10950000e-08  9.62399233e-01  1.10950000e-08  6.83734010e-06 
 1.11000000e-08  1.80000000e+00  1.11000000e-08  7.75358296e-01  1.11000000e-08  3.90711113e-06 
 1.11010000e-08  1.80000000e+00  1.11010000e-08  7.35875129e-01  1.11010000e-08 -5.61325615e-06 
 1.11030000e-08  1.80000000e+00  1.11030000e-08  6.57769765e-01  1.11030000e-08 -5.43380537e-06 
 1.11070000e-08  1.80000000e+00  1.11070000e-08  5.08252883e-01  1.11070000e-08 -4.72900089e-06 
 1.11150000e-08  1.80000000e+00  1.11150000e-08  2.65247265e-01  1.11150000e-08 -3.01224258e-06 
 1.11250000e-08  1.80000000e+00  1.11250000e-08  9.11529394e-02  1.11250000e-08 -1.14919533e-06 
 1.11350000e-08  1.80000000e+00  1.11350000e-08  2.60063252e-02  1.11350000e-08 -3.55002292e-07 
 1.11450000e-08  1.80000000e+00  1.11450000e-08  6.83247221e-03  1.11450000e-08 -8.32450353e-08 
 1.11550000e-08  1.80000000e+00  1.11550000e-08  1.74846270e-03  1.11550000e-08 -3.27577366e-08 
 1.11650000e-08  1.80000000e+00  1.11650000e-08  4.45054287e-04  1.11650000e-08  2.29183762e-09 
 1.11750000e-08  1.80000000e+00  1.11750000e-08  1.12825232e-04  1.11750000e-08 -1.02584925e-08 
 1.11850000e-08  1.80000000e+00  1.11850000e-08  2.93573867e-05  1.11850000e-08  7.50684833e-09 
 1.11950000e-08  1.80000000e+00  1.11950000e-08  7.58728706e-06  1.11950000e-08 -8.42624535e-09 
 1.12050000e-08  1.80000000e+00  1.12050000e-08  2.94228618e-06  1.12050000e-08  7.46762892e-09 
 1.12150000e-08  1.80000000e+00  1.12150000e-08  8.16478295e-07  1.12150000e-08 -7.94397164e-09 
 1.12250000e-08  1.80000000e+00  1.12250000e-08  1.01448534e-06  1.12250000e-08  7.09839411e-09 
 1.12350000e-08  1.80000000e+00  1.12350000e-08  2.74956674e-07  1.12350000e-08 -7.54630041e-09 
 1.12450000e-08  1.80000000e+00  1.12450000e-08  8.51474291e-07  1.12450000e-08  6.71233988e-09 
 1.12550000e-08  1.80000000e+00  1.12550000e-08  2.32744054e-07  1.12550000e-08 -7.16050660e-09 
 1.12650000e-08  1.80000000e+00  1.12650000e-08  8.37726585e-07  1.12650000e-08  6.33017608e-09 
 1.12750000e-08  1.80000000e+00  1.12750000e-08  2.31195564e-07  1.12750000e-08 -6.78102988e-09 
 1.12850000e-08  1.80000000e+00  1.12850000e-08  8.34622042e-07  1.12850000e-08  5.95360862e-09 
 1.12950000e-08  1.80000000e+00  1.12950000e-08  2.32534024e-07  1.12950000e-08 -6.40728679e-09 
 1.13050000e-08  1.80000000e+00  1.13050000e-08  8.32288376e-07  1.13050000e-08  5.58268831e-09 
 1.13150000e-08  1.80000000e+00  1.13150000e-08  2.34069040e-07  1.13150000e-08 -6.03916565e-09 
 1.13250000e-08  1.80000000e+00  1.13250000e-08  8.30022434e-07  1.13250000e-08  5.21734894e-09 
 1.13350000e-08  1.80000000e+00  1.13350000e-08  2.35609074e-07  1.13350000e-08 -5.67658906e-09 
 1.13450000e-08  1.80000000e+00  1.13450000e-08  8.27774058e-07  1.13450000e-08  4.85751686e-09 
 1.13550000e-08  1.80000000e+00  1.13550000e-08  2.37140547e-07  1.13550000e-08 -5.31948315e-09 
 1.13650000e-08  1.80000000e+00  1.13650000e-08  8.25539590e-07  1.13650000e-08  4.50311891e-09 
 1.13750000e-08  1.80000000e+00  1.13750000e-08  2.38662554e-07  1.13750000e-08 -4.96777506e-09 
 1.13850000e-08  1.80000000e+00  1.13850000e-08  8.23318691e-07  1.13850000e-08  4.15408278e-09 
 1.13950000e-08  1.80000000e+00  1.13950000e-08  2.40175093e-07  1.13950000e-08 -4.62139290e-09 
 1.14050000e-08  1.80000000e+00  1.14050000e-08  8.21111253e-07  1.14050000e-08  3.81033706e-09 
 1.14150000e-08  1.80000000e+00  1.14150000e-08  2.41678221e-07  1.14150000e-08 -4.28026586e-09 
 1.14250000e-08  1.80000000e+00  1.14250000e-08  8.18917187e-07  1.14250000e-08  3.47181123e-09 
 1.14350000e-08  1.80000000e+00  1.14350000e-08  2.43172005e-07  1.14350000e-08 -3.94432387e-09 
 1.14450000e-08  1.80000000e+00  1.14450000e-08  8.16736408e-07  1.14450000e-08  3.13843586e-09 
 1.14550000e-08  1.80000000e+00  1.14550000e-08  2.44656509e-07  1.14550000e-08 -3.61349788e-09 
 1.14650000e-08  1.80000000e+00  1.14650000e-08  8.14568830e-07  1.14650000e-08  2.81014218e-09 
 1.14750000e-08  1.80000000e+00  1.14750000e-08  2.46131794e-07  1.14750000e-08 -3.28771961e-09 
 1.14850000e-08  1.80000000e+00  1.14850000e-08  8.12414366e-07  1.14850000e-08  2.48686253e-09 
 1.14950000e-08  1.80000000e+00  1.14950000e-08  2.47597926e-07  1.14950000e-08 -2.96692175e-09 
 1.15050000e-08  1.80000000e+00  1.15050000e-08  8.10272932e-07  1.15050000e-08  2.16853000e-09 
 1.15150000e-08  1.80000000e+00  1.15150000e-08  2.49054966e-07  1.15150000e-08 -2.65103797e-09 
 1.15250000e-08  1.80000000e+00  1.15250000e-08  8.08144445e-07  1.15250000e-08  1.85507859e-09 
 1.15350000e-08  1.80000000e+00  1.15350000e-08  2.50502977e-07  1.15350000e-08 -2.34000257e-09 
 1.15450000e-08  1.80000000e+00  1.15450000e-08  8.06028821e-07  1.15450000e-08  1.54644313e-09 
 1.15550000e-08  1.80000000e+00  1.15550000e-08  2.51942019e-07  1.15550000e-08 -2.03375093e-09 
 1.15650000e-08  1.80000000e+00  1.15650000e-08  8.03925977e-07  1.15650000e-08  1.24255938e-09 
 1.15750000e-08  1.80000000e+00  1.15750000e-08  2.53372155e-07  1.15750000e-08 -1.73221909e-09 
 1.15850000e-08  1.80000000e+00  1.15850000e-08  8.01835831e-07  1.15850000e-08  9.43363792e-10 
 1.15950000e-08  1.80000000e+00  1.15950000e-08  2.54793444e-07  1.15950000e-08 -1.43534402e-09 
 1.16050000e-08  1.80000000e+00  1.16050000e-08  7.99758301e-07  1.16050000e-08  6.48793733e-10 
 1.16150000e-08  1.80000000e+00  1.16150000e-08  2.56205948e-07  1.16150000e-08 -1.14306353e-09 
 1.16250000e-08  1.80000000e+00  1.16250000e-08  7.97693307e-07  1.16250000e-08  3.58787421e-10 
 1.16350000e-08  1.80000000e+00  1.16350000e-08  2.57609724e-07  1.16350000e-08 -8.55316095e-10 
 1.16450000e-08  1.80000000e+00  1.16450000e-08  7.95640768e-07  1.16450000e-08  7.32838210e-11 
 1.16550000e-08  1.80000000e+00  1.16550000e-08  2.59004833e-07  1.16550000e-08 -5.72041177e-10 
 1.16650000e-08  1.80000000e+00  1.16650000e-08  7.93600605e-07  1.16650000e-08 -2.07777372e-10 
 1.16750000e-08  1.80000000e+00  1.16750000e-08  2.60391333e-07  1.16750000e-08 -2.93178903e-10 
 1.16850000e-08  1.80000000e+00  1.16850000e-08  7.91572737e-07  1.16850000e-08 -4.84455508e-10 
 1.16950000e-08  1.80000000e+00  1.16950000e-08  2.61769282e-07  1.16950000e-08 -1.86701728e-11 
 1.17050000e-08  1.80000000e+00  1.17050000e-08  7.89557088e-07  1.17050000e-08 -7.56809336e-10 
 1.17150000e-08  1.80000000e+00  1.17150000e-08  2.63138739e-07  1.17150000e-08  2.51543314e-10 
 1.17250000e-08  1.80000000e+00  1.17250000e-08  7.87553578e-07  1.17250000e-08 -1.02489674e-09 
 1.17350000e-08  1.80000000e+00  1.17350000e-08  2.64499760e-07  1.17350000e-08  5.17518976e-10 
 1.17450000e-08  1.80000000e+00  1.17450000e-08  7.85562130e-07  1.17450000e-08 -1.28877489e-09 
 1.17550000e-08  1.80000000e+00  1.17550000e-08  2.65852401e-07  1.17550000e-08  7.79313782e-10 
 1.17650000e-08  1.80000000e+00  1.17650000e-08  7.83582668e-07  1.17650000e-08 -1.54850023e-09 
 1.17750000e-08  1.80000000e+00  1.17750000e-08  2.67196721e-07  1.17750000e-08  1.03698367e-09 
 1.17850000e-08  1.80000000e+00  1.17850000e-08  7.81615115e-07  1.17850000e-08 -1.80412837e-09 
 1.17950000e-08  1.80000000e+00  1.17950000e-08  2.68532773e-07  1.17950000e-08  1.29058395e-09 
 1.18050000e-08  1.80000000e+00  1.18050000e-08  7.79659394e-07  1.18050000e-08 -2.05571443e-09 
 1.18150000e-08  1.80000000e+00  1.18150000e-08  2.69860615e-07  1.18150000e-08  1.54016929e-09 
 1.18250000e-08  1.80000000e+00  1.18250000e-08  7.77715433e-07  1.18250000e-08 -2.30331253e-09 
 1.18350000e-08  1.80000000e+00  1.18350000e-08  2.71180300e-07  1.18350000e-08  1.78579360e-09 
 1.18450000e-08  1.80000000e+00  1.18450000e-08  7.75783154e-07  1.18450000e-08 -2.54697626e-09 
 1.18550000e-08  1.80000000e+00  1.18550000e-08  2.72491885e-07  1.18550000e-08  2.02751000e-09 
 1.18650000e-08  1.80000000e+00  1.18650000e-08  7.73862485e-07  1.18650000e-08 -2.78675842e-09 
 1.18750000e-08  1.80000000e+00  1.18750000e-08  2.73795421e-07  1.18750000e-08  2.26537107e-09 
 1.18850000e-08  1.80000000e+00  1.18850000e-08  7.71953352e-07  1.18850000e-08 -3.02271126e-09 
 1.18950000e-08  1.80000000e+00  1.18950000e-08  2.75090965e-07  1.18950000e-08  2.49942856e-09 
 1.19050000e-08  1.80000000e+00  1.19050000e-08  7.70055681e-07  1.19050000e-08 -3.25488618e-09 
 1.19150000e-08  1.80000000e+00  1.19150000e-08  2.76378568e-07  1.19150000e-08  2.72973364e-09 
 1.19250000e-08  1.80000000e+00  1.19250000e-08  7.68169401e-07  1.19250000e-08 -3.48333403e-09 
 1.19350000e-08  1.80000000e+00  1.19350000e-08  2.77658284e-07  1.19350000e-08  2.95633683e-09 
 1.19450000e-08  1.80000000e+00  1.19450000e-08  7.66294439e-07  1.19450000e-08 -3.70810493e-09 
 1.19550000e-08  1.80000000e+00  1.19550000e-08  2.78930164e-07  1.19550000e-08  3.17928793e-09 
 1.19650000e-08  1.80000000e+00  1.19650000e-08  7.64430724e-07  1.19650000e-08 -3.92924846e-09 
 1.19750000e-08  1.80000000e+00  1.19750000e-08  2.80194263e-07  1.19750000e-08  3.39863611e-09 
 1.19850000e-08  1.80000000e+00  1.19850000e-08  7.62578185e-07  1.19850000e-08 -4.14681342e-09 
 1.19950000e-08  1.80000000e+00  1.19950000e-08  2.81450630e-07  1.19950000e-08  3.61442994e-09 
 1.20050000e-08  1.80000000e+00  1.20050000e-08  7.60736751e-07  1.20050000e-08 -4.36084795e-09 
 1.20150000e-08  1.80000000e+00  1.20150000e-08  2.82699318e-07  1.20150000e-08  3.82671720e-09 
 1.20250000e-08  1.80000000e+00  1.20250000e-08  7.58906353e-07  1.20250000e-08 -4.57139980e-09 
 1.20350000e-08  1.80000000e+00  1.20350000e-08  2.83940376e-07  1.20350000e-08  4.03554534e-09 
 1.20450000e-08  1.80000000e+00  1.20450000e-08  7.57086921e-07  1.20450000e-08 -4.77851584e-09 
 1.20550000e-08  1.80000000e+00  1.20550000e-08  2.85173857e-07  1.20550000e-08  4.24096092e-09 
 1.20650000e-08  1.80000000e+00  1.20650000e-08  7.55278386e-07  1.20650000e-08 -4.98224244e-09 
 1.20750000e-08  1.80000000e+00  1.20750000e-08  2.86399809e-07  1.20750000e-08  4.44301005e-09 
 1.20850000e-08  1.80000000e+00  1.20850000e-08  7.53480680e-07  1.20850000e-08 -5.18262536e-09 
 1.20950000e-08  1.80000000e+00  1.20950000e-08  2.87618282e-07  1.20950000e-08  4.64173818e-09 
 1.21050000e-08  1.80000000e+00  1.21050000e-08  7.51693734e-07  1.21050000e-08 -5.37970985e-09 
 1.21150000e-08  1.80000000e+00  1.21150000e-08  2.88829327e-07  1.21150000e-08  4.83719010e-09 
 1.21250000e-08  1.80000000e+00  1.21250000e-08  7.49917482e-07  1.21250000e-08 -5.57354035e-09 
 1.21350000e-08  1.80000000e+00  1.21350000e-08  2.90032991e-07  1.21350000e-08  5.02941018e-09 
 1.21450000e-08  1.80000000e+00  1.21450000e-08  7.48151856e-07  1.21450000e-08 -5.76416088e-09 
 1.21550000e-08  1.80000000e+00  1.21550000e-08  2.91229324e-07  1.21550000e-08  5.21844214e-09 
 1.21650000e-08  1.80000000e+00  1.21650000e-08  7.46396791e-07  1.21650000e-08 -5.95161494e-09 
 1.21750000e-08  1.80000000e+00  1.21750000e-08  2.92418373e-07  1.21750000e-08  5.40432902e-09 
 1.21850000e-08  1.80000000e+00  1.21850000e-08  7.44652219e-07  1.21850000e-08 -6.13594534e-09 
 1.21950000e-08  1.80000000e+00  1.21950000e-08  2.93600187e-07  1.21950000e-08  5.58711352e-09 
 1.22050000e-08  1.80000000e+00  1.22050000e-08  7.42918075e-07  1.22050000e-08 -6.31719437e-09 
 1.22150000e-08  1.80000000e+00  1.22150000e-08  2.94774812e-07  1.22150000e-08  5.76683751e-09 
 1.22250000e-08  1.80000000e+00  1.22250000e-08  7.41194294e-07  1.22250000e-08 -6.49540369e-09 
 1.22350000e-08  1.80000000e+00  1.22350000e-08  2.95942297e-07  1.22350000e-08  5.94354259e-09 
 1.22450000e-08  1.80000000e+00  1.22450000e-08  7.39480812e-07  1.22450000e-08 -6.67061466e-09 
 1.22550000e-08  1.80000000e+00  1.22550000e-08  2.97102687e-07  1.22550000e-08  6.11726968e-09 
 1.22650000e-08  1.80000000e+00  1.22650000e-08  7.37777564e-07  1.22650000e-08 -6.84286786e-09 
 1.22750000e-08  1.80000000e+00  1.22750000e-08  2.98256029e-07  1.22750000e-08  6.28805907e-09 
 1.22850000e-08  1.80000000e+00  1.22850000e-08  7.36084487e-07  1.22850000e-08 -7.01220345e-09 
 1.22950000e-08  1.80000000e+00  1.22950000e-08  2.99402370e-07  1.22950000e-08  6.45595072e-09 
 1.23050000e-08  1.80000000e+00  1.23050000e-08  7.34401518e-07  1.23050000e-08 -7.17866098e-09 
 1.23150000e-08  1.80000000e+00  1.23150000e-08  3.00541754e-07  1.23150000e-08  6.62098400e-09 
 1.23250000e-08  1.80000000e+00  1.23250000e-08  7.32728593e-07  1.23250000e-08 -7.34227960e-09 
 1.23350000e-08  1.80000000e+00  1.23350000e-08  3.01674227e-07  1.23350000e-08  6.78319772e-09 
 1.23450000e-08  1.80000000e+00  1.23450000e-08  7.31065650e-07  1.23450000e-08 -7.50309792e-09 
 1.23550000e-08  1.80000000e+00  1.23550000e-08  3.02799835e-07  1.23550000e-08  6.94263016e-09 
 1.23650000e-08  1.80000000e+00  1.23650000e-08  7.29412627e-07  1.23650000e-08 -7.66115392e-09 
 1.23750000e-08  1.80000000e+00  1.23750000e-08  3.03918622e-07  1.23750000e-08  7.09931919e-09 
 1.23850000e-08  1.80000000e+00  1.23850000e-08  7.27769463e-07  1.23850000e-08 -7.81648529e-09 
 1.23950000e-08  1.80000000e+00  1.23950000e-08  3.05030632e-07  1.23950000e-08  7.25330221e-09 
 1.24050000e-08  1.80000000e+00  1.24050000e-08  7.26136096e-07  1.24050000e-08 -7.96912908e-09 
 1.24150000e-08  1.80000000e+00  1.24150000e-08  3.06135909e-07  1.24150000e-08  7.40461595e-09 
 1.24250000e-08  1.80000000e+00  1.24250000e-08  7.24512467e-07  1.24250000e-08 -8.11912194e-09 
 1.24350000e-08  1.80000000e+00  1.24350000e-08  3.07234497e-07  1.24350000e-08  7.55329689e-09 
 1.24450000e-08  1.80000000e+00  1.24450000e-08  7.22898514e-07  1.24450000e-08 -8.26649986e-09 
 1.24550000e-08  1.80000000e+00  1.24550000e-08  3.08326439e-07  1.24550000e-08  7.69938089e-09 
 1.24650000e-08  1.80000000e+00  1.24650000e-08  7.21294178e-07  1.24650000e-08 -8.41129870e-09 
 1.24750000e-08  1.80000000e+00  1.24750000e-08  3.09411778e-07  1.24750000e-08  7.84290335e-09 
 1.24850000e-08  1.80000000e+00  1.24850000e-08  7.19699399e-07  1.24850000e-08 -8.55355353e-09 
 1.24950000e-08  1.80000000e+00  1.24950000e-08  3.10490558e-07  1.24950000e-08  7.98389924e-09 
 1.25050000e-08  1.80000000e+00  1.25050000e-08  7.18114119e-07  1.25050000e-08 -8.69329914e-09 
 1.25150000e-08  1.80000000e+00  1.25150000e-08  3.11562819e-07  1.25150000e-08  8.12240314e-09 
 1.25250000e-08  1.80000000e+00  1.25250000e-08  7.16538279e-07  1.25250000e-08 -8.83056973e-09 
 1.25350000e-08  1.80000000e+00  1.25350000e-08  3.12628605e-07  1.25350000e-08  8.25844900e-09 
 1.25450000e-08  1.80000000e+00  1.25450000e-08  7.14971821e-07  1.25450000e-08 -8.96539922e-09 
 1.25550000e-08  1.80000000e+00  1.25550000e-08  3.13687957e-07  1.25550000e-08  8.39207054e-09 
 1.25650000e-08  1.80000000e+00  1.25650000e-08  7.13414686e-07  1.25650000e-08 -9.09782101e-09 
 1.25750000e-08  1.80000000e+00  1.25750000e-08  3.14740916e-07  1.25750000e-08  8.52330076e-09 
 1.25850000e-08  1.80000000e+00  1.25850000e-08  7.11866819e-07  1.25850000e-08 -9.22786799e-09 
 1.25950000e-08  1.80000000e+00  1.25950000e-08  3.15787524e-07  1.25950000e-08  8.65217266e-09 
 1.26050000e-08  1.80000000e+00  1.26050000e-08  7.10328161e-07  1.26050000e-08 -9.35557272e-09 
 1.26150000e-08  1.80000000e+00  1.26150000e-08  3.16827822e-07  1.26150000e-08  8.77871835e-09 
 1.26250000e-08  1.80000000e+00  1.26250000e-08  7.08798655e-07  1.26250000e-08 -9.48096725e-09 
 1.26350000e-08  1.80000000e+00  1.26350000e-08  3.17861849e-07  1.26350000e-08  8.90296978e-09 
 1.26450000e-08  1.80000000e+00  1.26450000e-08  7.07278247e-07  1.26450000e-08 -9.60408341e-09 
 1.26550000e-08  1.80000000e+00  1.26550000e-08  3.18889646e-07  1.26550000e-08  9.02495839e-09 
 1.26650000e-08  1.80000000e+00  1.26650000e-08  7.05766880e-07  1.26650000e-08 -9.72495232e-09 
 1.26750000e-08  1.80000000e+00  1.26750000e-08  3.19911254e-07  1.26750000e-08  9.14471533e-09 
 1.26850000e-08  1.80000000e+00  1.26850000e-08  7.04264498e-07  1.26850000e-08 -9.84360492e-09 
 1.26950000e-08  1.80000000e+00  1.26950000e-08  3.20926711e-07  1.26950000e-08  9.26227122e-09 
 1.27050000e-08  1.80000000e+00  1.27050000e-08  7.02771047e-07  1.27050000e-08 -9.96007159e-09 
 1.27150000e-08  1.80000000e+00  1.27150000e-08  3.21936057e-07  1.27150000e-08  9.37765627e-09 
 1.27250000e-08  1.80000000e+00  1.27250000e-08  7.01286472e-07  1.27250000e-08 -1.00743824e-08 
 1.27350000e-08  1.80000000e+00  1.27350000e-08  3.22939332e-07  1.27350000e-08  9.49090036e-09 
 1.27450000e-08  1.80000000e+00  1.27450000e-08  6.99810719e-07  1.27450000e-08 -1.01865672e-08 
 1.27550000e-08  1.80000000e+00  1.27550000e-08  3.23936573e-07  1.27550000e-08  9.60203301e-09 
 1.27650000e-08  1.80000000e+00  1.27650000e-08  6.98343733e-07  1.27650000e-08 -1.02966549e-08 
 1.27750000e-08  1.80000000e+00  1.27750000e-08  3.24927819e-07  1.27750000e-08  9.71108322e-09 
 1.27850000e-08  1.80000000e+00  1.27850000e-08  6.96885461e-07  1.27850000e-08 -1.04046747e-08 
 1.27950000e-08  1.80000000e+00  1.27950000e-08  3.25913109e-07  1.27950000e-08  9.81807978e-09 
 1.28050000e-08  1.80000000e+00  1.28050000e-08  6.95435851e-07  1.28050000e-08 -1.05106551e-08 
 1.28150000e-08  1.80000000e+00  1.28150000e-08  3.26892481e-07  1.28150000e-08  9.92305094e-09 
 1.28250000e-08  1.80000000e+00  1.28250000e-08  6.93994849e-07  1.28250000e-08 -1.06146241e-08 
 1.28350000e-08  1.80000000e+00  1.28350000e-08  3.27865971e-07  1.28350000e-08  1.00260247e-08 
 1.28450000e-08  1.80000000e+00  1.28450000e-08  6.92562402e-07  1.28450000e-08 -1.07166095e-08 
 1.28550000e-08  1.80000000e+00  1.28550000e-08  3.28833618e-07  1.28550000e-08  1.01270287e-08 
 1.28650000e-08  1.80000000e+00  1.28650000e-08  6.91138458e-07  1.28650000e-08 -1.08166387e-08 
 1.28750000e-08  1.80000000e+00  1.28750000e-08  3.29795458e-07  1.28750000e-08  1.02260900e-08 
 1.28850000e-08  1.80000000e+00  1.28850000e-08  6.89722967e-07  1.28850000e-08 -1.09147389e-08 
 1.28950000e-08  1.80000000e+00  1.28950000e-08  3.30751529e-07  1.28950000e-08  1.03232357e-08 
 1.29050000e-08  1.80000000e+00  1.29050000e-08  6.88315876e-07  1.29050000e-08 -1.10109367e-08 
 1.29150000e-08  1.80000000e+00  1.29150000e-08  3.31701867e-07  1.29150000e-08  1.04184922e-08 
 1.29250000e-08  1.80000000e+00  1.29250000e-08  6.86917135e-07  1.29250000e-08 -1.11052583e-08 
 1.29350000e-08  1.80000000e+00  1.29350000e-08  3.32646507e-07  1.29350000e-08  1.05118856e-08 
 1.29450000e-08  1.80000000e+00  1.29450000e-08  6.85526692e-07  1.29450000e-08 -1.11977300e-08 
 1.29550000e-08  1.80000000e+00  1.29550000e-08  3.33585486e-07  1.29550000e-08  1.06034419e-08 
 1.29650000e-08  1.80000000e+00  1.29650000e-08  6.84144497e-07  1.29650000e-08 -1.12883772e-08 
 1.29750000e-08  1.80000000e+00  1.29750000e-08  3.34518842e-07  1.29750000e-08  1.06931865e-08 
 1.29850000e-08  1.80000000e+00  1.29850000e-08  6.82770501e-07  1.29850000e-08 -1.13772254e-08 
 1.29950000e-08  1.80000000e+00  1.29950000e-08  3.35446607e-07  1.29950000e-08  1.07811445e-08 
 1.30050000e-08  1.80000000e+00  1.30050000e-08  6.81404653e-07  1.30050000e-08 -1.14642995e-08 
 1.30150000e-08  1.80000000e+00  1.30150000e-08  3.36368818e-07  1.30150000e-08  1.08673408e-08 
 1.30250000e-08  1.80000000e+00  1.30250000e-08  6.80046905e-07  1.30250000e-08 -1.15496241e-08 
 1.30350000e-08  1.80000000e+00  1.30350000e-08  3.37285509e-07  1.30350000e-08  1.09518000e-08 
 1.30450000e-08  1.80000000e+00  1.30450000e-08  6.78697206e-07  1.30450000e-08 -1.16332237e-08 
 1.30550000e-08  1.80000000e+00  1.30550000e-08  3.38196717e-07  1.30550000e-08  1.10345461e-08 
 1.30650000e-08  1.80000000e+00  1.30650000e-08  6.77355509e-07  1.30650000e-08 -1.17151223e-08 
 1.30750000e-08  1.80000000e+00  1.30750000e-08  3.39102474e-07  1.30750000e-08  1.11156030e-08 
 1.30850000e-08  1.80000000e+00  1.30850000e-08  6.60860044e-07  1.30850000e-08 -1.17956867e-08 
 1.30950000e-08  1.80000000e+00  1.30950000e-08  3.20994877e-07  1.30950000e-08  1.11952492e-08 
 1.31050000e-08  1.80000000e+00  1.31050000e-08  6.69728329e-07  1.31050000e-08 -1.18738467e-08 
 1.31150000e-08  1.80000000e+00  1.31150000e-08  3.39544209e-07  1.31150000e-08  1.12727614e-08 
 1.31250000e-08  1.80000000e+00  1.31250000e-08  6.57929796e-07  1.31250000e-08 -1.19511842e-08 
 1.31350000e-08  1.80000000e+00  1.31350000e-08  3.22767314e-07  1.31350000e-08  1.13491277e-08 
 1.31450000e-08  1.80000000e+00  1.31450000e-08  6.67097071e-07  1.31450000e-08 -1.20261113e-08 
 1.31550000e-08  1.80000000e+00  1.31550000e-08  3.41317227e-07  1.31550000e-08  1.14234236e-08 
 1.31650000e-08  1.80000000e+00  1.31650000e-08  6.55375647e-07  1.31650000e-08 -1.21002539e-08 
 1.31750000e-08  1.80000000e+00  1.31750000e-08  3.24604006e-07  1.31750000e-08  1.14966178e-08 
 1.31850000e-08  1.80000000e+00  1.31850000e-08  6.64519210e-07  1.31850000e-08 -1.21720337e-08 
 1.31950000e-08  1.80000000e+00  1.31950000e-08  3.43075211e-07  1.31950000e-08  1.15677877e-08 
 1.32050000e-08  1.80000000e+00  1.32050000e-08  6.52853226e-07  1.32050000e-08 -1.22430698e-08 
 1.32150000e-08  1.80000000e+00  1.32150000e-08  3.26419226e-07  1.32150000e-08  1.16378980e-08 
 1.32250000e-08  1.80000000e+00  1.32250000e-08  6.61971903e-07  1.32250000e-08 -1.23117897e-08 
 1.32350000e-08  1.80000000e+00  1.32350000e-08  3.44812299e-07  1.32350000e-08  1.17060289e-08 
 1.32450000e-08  1.80000000e+00  1.32450000e-08  6.50360606e-07  1.32450000e-08 -1.23798059e-08 
 1.32550000e-08  1.80000000e+00  1.32550000e-08  3.28212856e-07  1.32550000e-08  1.17731412e-08 
 1.32650000e-08  1.80000000e+00  1.32650000e-08  6.44664524e-07  1.32650000e-08 -1.24458861e-08 
 1.32750000e-08  1.80000000e+00  1.32750000e-08  3.27986612e-07  1.32750000e-08  1.18385665e-08 
 1.32850000e-08  1.80000000e+00  1.32850000e-08  6.43160238e-07  1.32850000e-08 -1.25105669e-08 
 1.32950000e-08  1.80000000e+00  1.32950000e-08  3.28801005e-07  1.32950000e-08  1.19025315e-08 
 1.33050000e-08  1.80000000e+00  1.33050000e-08  6.41930371e-07  1.33050000e-08 -1.25738151e-08 
 1.33150000e-08  1.80000000e+00  1.33150000e-08  3.29676922e-07  1.33150000e-08  1.19650695e-08 
 1.33250000e-08  1.80000000e+00  1.33250000e-08  6.40724742e-07  1.33250000e-08 -1.26356476e-08 
 1.33350000e-08  1.80000000e+00  1.33350000e-08  3.30551860e-07  1.33350000e-08  1.20262015e-08 
 1.33450000e-08  1.80000000e+00  1.33450000e-08  6.39527334e-07  1.33450000e-08 -1.26960840e-08 
 1.33550000e-08  1.80000000e+00  1.33550000e-08  3.31421857e-07  1.33550000e-08  1.20859474e-08 
 1.33650000e-08  1.80000000e+00  1.33650000e-08  6.38337084e-07  1.33650000e-08 -1.27551441e-08 
 1.33750000e-08  1.80000000e+00  1.33750000e-08  3.32286691e-07  1.33750000e-08  1.21443267e-08 
 1.33850000e-08  1.80000000e+00  1.33850000e-08  6.37153885e-07  1.33850000e-08 -1.28128473e-08 
 1.33950000e-08  1.80000000e+00  1.33950000e-08  3.33146378e-07  1.33950000e-08  1.22013586e-08 
 1.34050000e-08  1.80000000e+00  1.34050000e-08  6.35977689e-07  1.34050000e-08 -1.28692128e-08 
 1.34150000e-08  1.80000000e+00  1.34150000e-08  3.34000948e-07  1.34150000e-08  1.22570625e-08 
 1.34250000e-08  1.80000000e+00  1.34250000e-08  6.34808454e-07  1.34250000e-08 -1.29242596e-08 
 1.34350000e-08  1.80000000e+00  1.34350000e-08  3.34850434e-07  1.34350000e-08  1.23114569e-08 
 1.34450000e-08  1.80000000e+00  1.34450000e-08  6.33646140e-07  1.34450000e-08 -1.29780063e-08 
 1.34550000e-08  1.80000000e+00  1.34550000e-08  3.35694866e-07  1.34550000e-08  1.23645605e-08 
 1.34650000e-08  1.80000000e+00  1.34650000e-08  6.32490704e-07  1.34650000e-08 -1.30304714e-08 
 1.34750000e-08  1.80000000e+00  1.34750000e-08  3.36534275e-07  1.34750000e-08  1.24163916e-08 
 1.34850000e-08  1.80000000e+00  1.34850000e-08  6.31342106e-07  1.34850000e-08 -1.30816731e-08 
 1.34950000e-08  1.80000000e+00  1.34950000e-08  3.37368694e-07  1.34950000e-08  1.24669683e-08 
 1.35050000e-08  1.80000000e+00  1.35050000e-08  6.30200304e-07  1.35050000e-08 -1.31316292e-08 
 1.35150000e-08  1.80000000e+00  1.35150000e-08  3.38198151e-07  1.35150000e-08  1.25163084e-08 
 1.35250000e-08  1.80000000e+00  1.35250000e-08  6.29065258e-07  1.35250000e-08 -1.31803576e-08 
 1.35350000e-08  1.80000000e+00  1.35350000e-08  3.39022680e-07  1.35350000e-08  1.25644295e-08 
 1.35450000e-08  1.80000000e+00  1.35450000e-08  6.27936928e-07  1.35450000e-08 -1.32278757e-08 
 1.35550000e-08  1.80000000e+00  1.35550000e-08  3.39842308e-07  1.35550000e-08  1.26113489e-08 
 1.35650000e-08  1.80000000e+00  1.35650000e-08  6.26815274e-07  1.35650000e-08 -1.32742007e-08 
 1.35750000e-08  1.80000000e+00  1.35750000e-08  3.40657067e-07  1.35750000e-08  1.26570839e-08 
 1.35850000e-08  1.80000000e+00  1.35850000e-08  6.25700256e-07  1.35850000e-08 -1.33193498e-08 
 1.35950000e-08  1.80000000e+00  1.35950000e-08  3.41466987e-07  1.35950000e-08  1.27016513e-08 
 1.36050000e-08  1.80000000e+00  1.36050000e-08  6.24591835e-07  1.36050000e-08 -1.33633397e-08 
 1.36150000e-08  1.80000000e+00  1.36150000e-08  3.42272097e-07  1.36150000e-08  1.27450678e-08 
 1.36250000e-08  1.80000000e+00  1.36250000e-08  6.23489971e-07  1.36250000e-08 -1.34061869e-08 
 1.36350000e-08  1.80000000e+00  1.36350000e-08  3.43072427e-07  1.36350000e-08  1.27873499e-08 
 1.36450000e-08  1.80000000e+00  1.36450000e-08  6.22394626e-07  1.36450000e-08 -1.34479079e-08 
 1.36550000e-08  1.80000000e+00  1.36550000e-08  3.43868006e-07  1.36550000e-08  1.28285139e-08 
 1.36650000e-08  1.80000000e+00  1.36650000e-08  6.21305759e-07  1.36650000e-08 -1.34885189e-08 
 1.36750000e-08  1.80000000e+00  1.36750000e-08  3.44658864e-07  1.36750000e-08  1.28685757e-08 
 1.36850000e-08  1.80000000e+00  1.36850000e-08  6.20223335e-07  1.36850000e-08 -1.35280356e-08 
 1.36950000e-08  1.80000000e+00  1.36950000e-08  3.45445029e-07  1.36950000e-08  1.29075513e-08 
 1.37050000e-08  1.80000000e+00  1.37050000e-08  6.19147312e-07  1.37050000e-08 -1.35664739e-08 
 1.37150000e-08  1.80000000e+00  1.37150000e-08  3.46226529e-07  1.37150000e-08  1.29454562e-08 
 1.37250000e-08  1.80000000e+00  1.37250000e-08  6.18077655e-07  1.37250000e-08 -1.36038492e-08 
 1.37350000e-08  1.80000000e+00  1.37350000e-08  3.47003394e-07  1.37350000e-08  1.29823058e-08 
 1.37450000e-08  1.80000000e+00  1.37450000e-08  6.17014325e-07  1.37450000e-08 -1.36401770e-08 
 1.37550000e-08  1.80000000e+00  1.37550000e-08  3.47775652e-07  1.37550000e-08  1.30181155e-08 
 1.37650000e-08  1.80000000e+00  1.37650000e-08  6.15957284e-07  1.37650000e-08 -1.36754722e-08 
 1.37750000e-08  1.80000000e+00  1.37750000e-08  3.48543332e-07  1.37750000e-08  1.30529001e-08 
 1.37850000e-08  1.80000000e+00  1.37850000e-08  6.14906496e-07  1.37850000e-08 -1.37097498e-08 
 1.37950000e-08  1.80000000e+00  1.37950000e-08  3.49306459e-07  1.37950000e-08  1.30866744e-08 
 1.38050000e-08  1.80000000e+00  1.38050000e-08  6.13861923e-07  1.38050000e-08 -1.37430245e-08 
 1.38150000e-08  1.80000000e+00  1.38150000e-08  3.50065064e-07  1.38150000e-08  1.31194531e-08 
 1.38250000e-08  1.80000000e+00  1.38250000e-08  6.12823529e-07  1.38250000e-08 -1.37753109e-08 
 1.38350000e-08  1.80000000e+00  1.38350000e-08  3.50819173e-07  1.38350000e-08  1.31512507e-08 
 1.38450000e-08  1.80000000e+00  1.38450000e-08  6.11791276e-07  1.38450000e-08 -1.38066232e-08 
 1.38550000e-08  1.80000000e+00  1.38550000e-08  3.51568814e-07  1.38550000e-08  1.31820813e-08 
 1.38650000e-08  1.80000000e+00  1.38650000e-08  6.10765129e-07  1.38650000e-08 -1.38369755e-08 
 1.38750000e-08  1.80000000e+00  1.38750000e-08  3.52314014e-07  1.38750000e-08  1.32119589e-08 
 1.38850000e-08  1.80000000e+00  1.38850000e-08  6.09745052e-07  1.38850000e-08 -1.38663819e-08 
 1.38950000e-08  1.80000000e+00  1.38950000e-08  3.53054799e-07  1.38950000e-08  1.32408975e-08 
 1.39050000e-08  1.80000000e+00  1.39050000e-08  6.08731008e-07  1.39050000e-08 -1.38948562e-08 
 1.39150000e-08  1.80000000e+00  1.39150000e-08  3.53791198e-07  1.39150000e-08  1.32689108e-08 
 1.39250000e-08  1.80000000e+00  1.39250000e-08  6.07722963e-07  1.39250000e-08 -1.39224117e-08 
 1.39350000e-08  1.80000000e+00  1.39350000e-08  3.54523236e-07  1.39350000e-08  1.32960121e-08 
 1.39450000e-08  1.80000000e+00  1.39450000e-08  6.06720880e-07  1.39450000e-08 -1.39490620e-08 
 1.39550000e-08  1.80000000e+00  1.39550000e-08  3.55250940e-07  1.39550000e-08  1.33222147e-08 
 1.39650000e-08  1.80000000e+00  1.39650000e-08  6.05724725e-07  1.39650000e-08 -1.39748204e-08 
 1.39750000e-08  1.80000000e+00  1.39750000e-08  3.55974336e-07  1.39750000e-08  1.33475320e-08 
 1.39850000e-08  1.80000000e+00  1.39850000e-08  6.04734462e-07  1.39850000e-08 -1.39996998e-08 
 1.39950000e-08  1.80000000e+00  1.39950000e-08  3.56693450e-07  1.39950000e-08  1.33719768e-08 
 1.40050000e-08  1.80000000e+00  1.40050000e-08  6.03750057e-07  1.40050000e-08 -1.40237130e-08 
 1.40150000e-08  1.80000000e+00  1.40150000e-08  3.57408308e-07  1.40150000e-08  1.33955618e-08 
 1.40250000e-08  1.80000000e+00  1.40250000e-08  6.02771476e-07  1.40250000e-08 -1.40468730e-08 
 1.40350000e-08  1.80000000e+00  1.40350000e-08  3.58118937e-07  1.40350000e-08  1.34182998e-08 
 1.40450000e-08  1.80000000e+00  1.40450000e-08  6.01798683e-07  1.40450000e-08 -1.40691921e-08 
 1.40550000e-08  1.80000000e+00  1.40550000e-08  3.58825361e-07  1.40550000e-08  1.34402031e-08 
 1.40650000e-08  1.80000000e+00  1.40650000e-08  6.00831646e-07  1.40650000e-08 -1.40906828e-08 
 1.40750000e-08  1.80000000e+00  1.40750000e-08  3.59527606e-07  1.40750000e-08  1.34612841e-08 
 1.40850000e-08  1.80000000e+00  1.40850000e-08  5.99870329e-07  1.40850000e-08 -1.41113571e-08 
 1.40950000e-08  1.80000000e+00  1.40950000e-08  3.60225698e-07  1.40950000e-08  1.34815549e-08 
 1.41050000e-08  1.80000000e+00  1.41050000e-08  5.98914700e-07  1.41050000e-08 -1.41312273e-08 
 1.41150000e-08  1.80000000e+00  1.41150000e-08  3.60919661e-07  1.41150000e-08  1.35010274e-08 
 1.41250000e-08  1.80000000e+00  1.41250000e-08  5.97964725e-07  1.41250000e-08 -1.41503051e-08 
 1.41350000e-08  1.80000000e+00  1.41350000e-08  3.61609521e-07  1.41350000e-08  1.35197135e-08 
 1.41450000e-08  1.80000000e+00  1.41450000e-08  5.97020371e-07  1.41450000e-08 -1.41686023e-08 
 1.41550000e-08  1.80000000e+00  1.41550000e-08  3.62295301e-07  1.41550000e-08  1.35376247e-08 
 1.41650000e-08  1.80000000e+00  1.41650000e-08  5.96081605e-07  1.41650000e-08 -1.41861305e-08 
 1.41750000e-08  1.80000000e+00  1.41750000e-08  3.62977028e-07  1.41750000e-08  1.35547727e-08 
 1.41850000e-08  1.80000000e+00  1.41850000e-08  5.95148394e-07  1.41850000e-08 -1.42029009e-08 
 1.41950000e-08  1.80000000e+00  1.41950000e-08  3.63654724e-07  1.41950000e-08  1.35711686e-08 
 1.42050000e-08  1.80000000e+00  1.42050000e-08  5.94220705e-07  1.42050000e-08 -1.42189252e-08 
 1.42150000e-08  1.80000000e+00  1.42150000e-08  3.64328415e-07  1.42150000e-08  1.35868238e-08 
 1.42250000e-08  1.80000000e+00  1.42250000e-08  5.93298506e-07  1.42250000e-08 -1.42342141e-08 
 1.42350000e-08  1.80000000e+00  1.42350000e-08  3.64998124e-07  1.42350000e-08  1.36017493e-08 
 1.42450000e-08  1.80000000e+00  1.42450000e-08  5.92381765e-07  1.42450000e-08 -1.42487787e-08 
 1.42550000e-08  1.80000000e+00  1.42550000e-08  3.65663876e-07  1.42550000e-08  1.36159558e-08 
 1.42650000e-08  1.80000000e+00  1.42650000e-08  5.91470450e-07  1.42650000e-08 -1.42626299e-08 
 1.42750000e-08  1.80000000e+00  1.42750000e-08  3.66325694e-07  1.42750000e-08  1.36294544e-08 
 1.42850000e-08  1.80000000e+00  1.42850000e-08  5.90564529e-07  1.42850000e-08 -1.42757783e-08 
 1.42950000e-08  1.80000000e+00  1.42950000e-08  3.66983602e-07  1.42950000e-08  1.36422553e-08 
 1.43050000e-08  1.80000000e+00  1.43050000e-08  5.89663971e-07  1.43050000e-08 -1.42882345e-08 
 1.43150000e-08  1.80000000e+00  1.43150000e-08  3.67637623e-07  1.43150000e-08  1.36543692e-08 
 1.43250000e-08  1.80000000e+00  1.43250000e-08  5.88768744e-07  1.43250000e-08 -1.43000088e-08 
 1.43350000e-08  1.80000000e+00  1.43350000e-08  3.68287782e-07  1.43350000e-08  1.36658065e-08 
 1.43450000e-08  1.80000000e+00  1.43450000e-08  5.87878817e-07  1.43450000e-08 -1.43111115e-08 
 1.43550000e-08  1.80000000e+00  1.43550000e-08  3.68934099e-07  1.43550000e-08  1.36765772e-08 
 1.43650000e-08  1.80000000e+00  1.43650000e-08  5.86994158e-07  1.43650000e-08 -1.43215527e-08 
 1.43750000e-08  1.80000000e+00  1.43750000e-08  3.69576600e-07  1.43750000e-08  1.36866914e-08 
 1.43850000e-08  1.80000000e+00  1.43850000e-08  5.86114738e-07  1.43850000e-08 -1.43313424e-08 
 1.43950000e-08  1.80000000e+00  1.43950000e-08  3.70215306e-07  1.43950000e-08  1.36961591e-08 
 1.44050000e-08  1.80000000e+00  1.44050000e-08  5.85240526e-07  1.44050000e-08 -1.43404904e-08 
 1.44150000e-08  1.80000000e+00  1.44150000e-08  3.70850241e-07  1.44150000e-08  1.37049900e-08 
 1.44250000e-08  1.80000000e+00  1.44250000e-08  5.84371491e-07  1.44250000e-08 -1.43490066e-08 
 1.44350000e-08  1.80000000e+00  1.44350000e-08  3.71481427e-07  1.44350000e-08  1.37131937e-08 
 1.44450000e-08  1.80000000e+00  1.44450000e-08  5.83507602e-07  1.44450000e-08 -1.43569003e-08 
 1.44550000e-08  1.80000000e+00  1.44550000e-08  3.72108886e-07  1.44550000e-08  1.37207799e-08 
 1.44650000e-08  1.80000000e+00  1.44650000e-08  5.82648830e-07  1.44650000e-08 -1.43641813e-08 
 1.44750000e-08  1.80000000e+00  1.44750000e-08  3.72732641e-07  1.44750000e-08  1.37277579e-08 
 1.44850000e-08  1.80000000e+00  1.44850000e-08  5.81795146e-07  1.44850000e-08 -1.43708586e-08 
 1.44950000e-08  1.80000000e+00  1.44950000e-08  3.73352714e-07  1.44950000e-08  1.37341369e-08 
 1.45050000e-08  1.80000000e+00  1.45050000e-08  5.80946519e-07  1.45050000e-08 -1.43769416e-08 
 1.45150000e-08  1.80000000e+00  1.45150000e-08  3.73969126e-07  1.45150000e-08  1.37399262e-08 
 1.45250000e-08  1.80000000e+00  1.45250000e-08  5.80102920e-07  1.45250000e-08 -1.43824394e-08 
 1.45350000e-08  1.80000000e+00  1.45350000e-08  3.74581900e-07  1.45350000e-08  1.37451347e-08 
 1.45450000e-08  1.80000000e+00  1.45450000e-08  5.79264319e-07  1.45450000e-08 -1.43873608e-08 
 1.45550000e-08  1.80000000e+00  1.45550000e-08  3.75191058e-07  1.45550000e-08  1.37497713e-08 
 1.45650000e-08  1.80000000e+00  1.45650000e-08  5.78430688e-07  1.45650000e-08 -1.43917148e-08 
 1.45750000e-08  1.80000000e+00  1.45750000e-08  3.75796620e-07  1.45750000e-08  1.37538449e-08 
 1.45850000e-08  1.80000000e+00  1.45850000e-08  5.77601997e-07  1.45850000e-08 -1.43955101e-08 
 1.45950000e-08  1.80000000e+00  1.45950000e-08  3.76398609e-07  1.45950000e-08  1.37573641e-08 
 1.46050000e-08  1.80000000e+00  1.46050000e-08  5.76778219e-07  1.46050000e-08 -1.43987553e-08 
 1.46150000e-08  1.80000000e+00  1.46150000e-08  3.76997045e-07  1.46150000e-08  1.37603375e-08 
 1.46250000e-08  1.80000000e+00  1.46250000e-08  5.75959323e-07  1.46250000e-08 -1.44014589e-08 
 1.46350000e-08  1.80000000e+00  1.46350000e-08  3.77591951e-07  1.46350000e-08  1.37627734e-08 
 1.46450000e-08  1.80000000e+00  1.46450000e-08  5.75145283e-07  1.46450000e-08 -1.44036292e-08 
 1.46550000e-08  1.80000000e+00  1.46550000e-08  3.78183345e-07  1.46550000e-08  1.37646802e-08 
 1.46650000e-08  1.80000000e+00  1.46650000e-08  5.74336068e-07  1.46650000e-08 -1.44052746e-08 
 1.46750000e-08  1.80000000e+00  1.46750000e-08  3.78771250e-07  1.46750000e-08  1.37660662e-08 
 1.46850000e-08  1.80000000e+00  1.46850000e-08  5.73531653e-07  1.46850000e-08 -1.44064032e-08 
 1.46950000e-08  1.80000000e+00  1.46950000e-08  3.79355687e-07  1.46950000e-08  1.37669394e-08 
 1.47050000e-08  1.80000000e+00  1.47050000e-08  5.72732008e-07  1.47050000e-08 -1.44070230e-08 
 1.47150000e-08  1.80000000e+00  1.47150000e-08  3.79936675e-07  1.47150000e-08  1.37673078e-08 
 1.47250000e-08  1.80000000e+00  1.47250000e-08  5.71937106e-07  1.47250000e-08 -1.44071420e-08 
 1.47350000e-08  1.80000000e+00  1.47350000e-08  3.80514236e-07  1.47350000e-08  1.37671793e-08 
 1.47450000e-08  1.80000000e+00  1.47450000e-08  5.71146919e-07  1.47450000e-08 -1.44067680e-08 
 1.47550000e-08  1.80000000e+00  1.47550000e-08  3.81088390e-07  1.47550000e-08  1.37665617e-08 
 1.47650000e-08  1.80000000e+00  1.47650000e-08  5.70361420e-07  1.47650000e-08 -1.44059087e-08 
 1.47750000e-08  1.80000000e+00  1.47750000e-08  3.81659156e-07  1.47750000e-08  1.37654628e-08 
 1.47850000e-08  1.80000000e+00  1.47850000e-08  5.69580583e-07  1.47850000e-08 -1.44045718e-08 
 1.47950000e-08  1.80000000e+00  1.47950000e-08  3.82226556e-07  1.47950000e-08  1.37638898e-08 
 1.48050000e-08  1.80000000e+00  1.48050000e-08  5.68804379e-07  1.48050000e-08 -1.44027648e-08 
 1.48150000e-08  1.80000000e+00  1.48150000e-08  3.82790608e-07  1.48150000e-08  1.37618505e-08 
 1.48250000e-08  1.80000000e+00  1.48250000e-08  5.68032782e-07  1.48250000e-08 -1.44004951e-08 
 1.48350000e-08  1.80000000e+00  1.48350000e-08  3.83351334e-07  1.48350000e-08  1.37593522e-08 
 1.48450000e-08  1.80000000e+00  1.48450000e-08  5.67265765e-07  1.48450000e-08 -1.43977700e-08 
 1.48550000e-08  1.80000000e+00  1.48550000e-08  3.83908751e-07  1.48550000e-08  1.37564021e-08 
 1.48650000e-08  1.80000000e+00  1.48650000e-08  5.66503302e-07  1.48650000e-08 -1.43945967e-08 
 1.48750000e-08  1.80000000e+00  1.48750000e-08  3.84462880e-07  1.48750000e-08  1.37530075e-08 
 1.48850000e-08  1.80000000e+00  1.48850000e-08  5.65745366e-07  1.48850000e-08 -1.43909824e-08 
 1.48950000e-08  1.80000000e+00  1.48950000e-08  3.85013741e-07  1.48950000e-08  1.37491754e-08 
 1.49050000e-08  1.80000000e+00  1.49050000e-08  5.64991931e-07  1.49050000e-08 -1.43869341e-08 
 1.49150000e-08  1.80000000e+00  1.49150000e-08  3.85561353e-07  1.49150000e-08  1.37449126e-08 
 1.49250000e-08  1.80000000e+00  1.49250000e-08  5.64242971e-07  1.49250000e-08 -1.43824587e-08 
 1.49350000e-08  1.80000000e+00  1.49350000e-08  3.86105735e-07  1.49350000e-08  1.37402263e-08 
 1.49450000e-08  1.80000000e+00  1.49450000e-08  5.63498461e-07  1.49450000e-08 -1.43775632e-08 
 1.49550000e-08  1.80000000e+00  1.49550000e-08  3.86646905e-07  1.49550000e-08  1.37351231e-08 
 1.49650000e-08  1.80000000e+00  1.49650000e-08  5.62758374e-07  1.49650000e-08 -1.43722540e-08 
 1.49750000e-08  1.80000000e+00  1.49750000e-08  3.87184884e-07  1.49750000e-08  1.37296098e-08 
 1.49850000e-08  1.80000000e+00  1.49850000e-08  5.62022684e-07  1.49850000e-08 -1.43665381e-08 
 1.49950000e-08  1.80000000e+00  1.49950000e-08  3.87719689e-07  1.49950000e-08  1.37236929e-08 
 1.50050000e-08  1.80000000e+00  1.50050000e-08  5.61291368e-07  1.50050000e-08 -1.43604219e-08 
 1.50150000e-08  1.80000000e+00  1.50150000e-08  3.88251340e-07  1.50150000e-08  1.37173791e-08 
 1.50250000e-08  1.80000000e+00  1.50250000e-08  5.60564398e-07  1.50250000e-08 -1.43539120e-08 
 1.50350000e-08  1.80000000e+00  1.50350000e-08  3.88779855e-07  1.50350000e-08  1.37106747e-08 
 1.50450000e-08  1.80000000e+00  1.50450000e-08  5.59841750e-07  1.50450000e-08 -1.43470146e-08 
 1.50550000e-08  1.80000000e+00  1.50550000e-08  3.89305252e-07  1.50550000e-08  1.37035860e-08 
 1.50650000e-08  1.80000000e+00  1.50650000e-08  5.59123399e-07  1.50650000e-08 -1.43397362e-08 
 1.50750000e-08  1.80000000e+00  1.50750000e-08  3.89827551e-07  1.50750000e-08  1.36961193e-08 
 1.50850000e-08  1.80000000e+00  1.50850000e-08  5.58409320e-07  1.50850000e-08 -1.43320828e-08 
 1.50950000e-08  1.80000000e+00  1.50950000e-08  3.90346768e-07  1.50950000e-08  1.36882809e-08 
 1.51050000e-08  1.80000000e+00  1.51050000e-08  5.57699489e-07  1.51050000e-08 -1.43240608e-08 
 1.51150000e-08  1.80000000e+00  1.51150000e-08  3.90862922e-07  1.51150000e-08  1.36800767e-08 
 1.51250000e-08  1.80000000e+00  1.51250000e-08  5.56993881e-07  1.51250000e-08 -1.43156760e-08 
 1.51350000e-08  1.80000000e+00  1.51350000e-08  3.91376032e-07  1.51350000e-08  1.36715129e-08 
 1.51450000e-08  1.80000000e+00  1.51450000e-08  5.56292471e-07  1.51450000e-08 -1.43069346e-08 
 1.51550000e-08  1.80000000e+00  1.51550000e-08  3.91886115e-07  1.51550000e-08  1.36625953e-08 
 1.51650000e-08  1.80000000e+00  1.51650000e-08  5.55595236e-07  1.51650000e-08 -1.42978423e-08 
 1.51750000e-08  1.80000000e+00  1.51750000e-08  3.92393189e-07  1.51750000e-08  1.36533297e-08 
 1.51850000e-08  1.80000000e+00  1.51850000e-08  5.54902152e-07  1.51850000e-08 -1.42884049e-08 
 1.51950000e-08  1.80000000e+00  1.51950000e-08  3.92897271e-07  1.51950000e-08  1.36437221e-08 
 1.52050000e-08  1.80000000e+00  1.52050000e-08  5.54213193e-07  1.52050000e-08 -1.42786284e-08 
 1.52150000e-08  1.80000000e+00  1.52150000e-08  3.93398380e-07  1.52150000e-08  1.36337779e-08 
 1.52250000e-08  1.80000000e+00  1.52250000e-08  5.53528338e-07  1.52250000e-08 -1.42685181e-08 
 1.52350000e-08  1.80000000e+00  1.52350000e-08  3.93896532e-07  1.52350000e-08  1.36235029e-08 
 1.52450000e-08  1.80000000e+00  1.52450000e-08  5.52847561e-07  1.52450000e-08 -1.42580797e-08 
 1.52550000e-08  1.80000000e+00  1.52550000e-08  3.94391745e-07  1.52550000e-08  1.36129027e-08 
 1.52650000e-08  1.80000000e+00  1.52650000e-08  5.52170840e-07  1.52650000e-08 -1.42473188e-08 
 1.52750000e-08  1.80000000e+00  1.52750000e-08  3.94884037e-07  1.52750000e-08  1.36019825e-08 
 1.52850000e-08  1.80000000e+00  1.52850000e-08  5.51498151e-07  1.52850000e-08 -1.42362408e-08 
 1.52950000e-08  1.80000000e+00  1.52950000e-08  3.95373423e-07  1.52950000e-08  1.35907479e-08 
 1.53050000e-08  1.80000000e+00  1.53050000e-08  5.50829471e-07  1.53050000e-08 -1.42248509e-08 
 1.53150000e-08  1.80000000e+00  1.53150000e-08  3.95859922e-07  1.53150000e-08  1.35792042e-08 
 1.53250000e-08  1.80000000e+00  1.53250000e-08  5.50164777e-07  1.53250000e-08 -1.42131546e-08 
 1.53350000e-08  1.80000000e+00  1.53350000e-08  3.96343550e-07  1.53350000e-08  1.35673565e-08 
 1.53450000e-08  1.80000000e+00  1.53450000e-08  5.49504045e-07  1.53450000e-08 -1.42011568e-08 
 1.53550000e-08  1.80000000e+00  1.53550000e-08  3.96824324e-07  1.53550000e-08  1.35552101e-08 
 1.53650000e-08  1.80000000e+00  1.53650000e-08  5.48847254e-07  1.53650000e-08 -1.41888630e-08 
 1.53750000e-08  1.80000000e+00  1.53750000e-08  3.97302261e-07  1.53750000e-08  1.35427700e-08 
 1.53850000e-08  1.80000000e+00  1.53850000e-08  5.48194381e-07  1.53850000e-08 -1.41762780e-08 
 1.53950000e-08  1.80000000e+00  1.53950000e-08  3.97777376e-07  1.53950000e-08  1.35300414e-08 
 1.54050000e-08  1.80000000e+00  1.54050000e-08  5.47545402e-07  1.54050000e-08 -1.41634069e-08 
 1.54150000e-08  1.80000000e+00  1.54150000e-08  3.98249688e-07  1.54150000e-08  1.35170290e-08 
 1.54250000e-08  1.80000000e+00  1.54250000e-08  5.46900296e-07  1.54250000e-08 -1.41502546e-08 
 1.54350000e-08  1.80000000e+00  1.54350000e-08  3.98719212e-07  1.54350000e-08  1.35037380e-08 
 1.54450000e-08  1.80000000e+00  1.54450000e-08  5.46259040e-07  1.54450000e-08 -1.41368260e-08 
 1.54550000e-08  1.80000000e+00  1.54550000e-08  3.99185964e-07  1.54550000e-08  1.34901730e-08 
 1.54650000e-08  1.80000000e+00  1.54650000e-08  5.45621612e-07  1.54650000e-08 -1.41231258e-08 
 1.54750000e-08  1.80000000e+00  1.54750000e-08  3.99649961e-07  1.54750000e-08  1.34763389e-08 
 1.54850000e-08  1.80000000e+00  1.54850000e-08  5.44987990e-07  1.54850000e-08 -1.41091588e-08 
 1.54950000e-08  1.80000000e+00  1.54950000e-08  4.00111219e-07  1.54950000e-08  1.34622402e-08 
 1.55050000e-08  1.80000000e+00  1.55050000e-08  5.44358153e-07  1.55050000e-08 -1.40949297e-08 
 1.55150000e-08  1.80000000e+00  1.55150000e-08  4.00569753e-07  1.55150000e-08  1.34478817e-08 
 1.55250000e-08  1.80000000e+00  1.55250000e-08  5.43732078e-07  1.55250000e-08 -1.40804429e-08 
 1.55350000e-08  1.80000000e+00  1.55350000e-08  4.01025580e-07  1.55350000e-08  1.34332680e-08 
 1.55450000e-08  1.80000000e+00  1.55450000e-08  5.43109744e-07  1.55450000e-08 -1.40657032e-08 
 1.55550000e-08  1.80000000e+00  1.55550000e-08  4.01478715e-07  1.55550000e-08  1.34184034e-08 
 1.55650000e-08  1.80000000e+00  1.55650000e-08  5.42491130e-07  1.55650000e-08 -1.40507150e-08 
 1.55750000e-08  1.80000000e+00  1.55750000e-08  4.01929174e-07  1.55750000e-08  1.34032925e-08 
 1.55850000e-08  1.80000000e+00  1.55850000e-08  5.41876214e-07  1.55850000e-08 -1.40354825e-08 
 1.55950000e-08  1.80000000e+00  1.55950000e-08  4.02376973e-07  1.55950000e-08  1.33879396e-08 
 1.56050000e-08  1.80000000e+00  1.56050000e-08  5.41264975e-07  1.56050000e-08 -1.40200103e-08 
 1.56150000e-08  1.80000000e+00  1.56150000e-08  4.02822127e-07  1.56150000e-08  1.33723492e-08 
 1.56250000e-08  1.80000000e+00  1.56250000e-08  5.40657391e-07  1.56250000e-08 -1.40043027e-08 
 1.56350000e-08  1.80000000e+00  1.56350000e-08  4.03264652e-07  1.56350000e-08  1.33565254e-08 
 1.56450000e-08  1.80000000e+00  1.56450000e-08  5.40053443e-07  1.56450000e-08 -1.39883637e-08 
 1.56550000e-08  1.80000000e+00  1.56550000e-08  4.03704562e-07  1.56550000e-08  1.33404723e-08 
 1.56650000e-08  1.80000000e+00  1.56650000e-08  5.39453108e-07  1.56650000e-08 -1.39721977e-08 
 1.56750000e-08  1.80000000e+00  1.56750000e-08  4.04141873e-07  1.56750000e-08  1.33241943e-08 
 1.56850000e-08  1.80000000e+00  1.56850000e-08  5.38856367e-07  1.56850000e-08 -1.39558087e-08 
 1.56950000e-08  1.80000000e+00  1.56950000e-08  4.04576601e-07  1.56950000e-08  1.33076954e-08 
 1.57050000e-08  1.80000000e+00  1.57050000e-08  5.38263198e-07  1.57050000e-08 -1.39392008e-08 
 1.57150000e-08  1.80000000e+00  1.57150000e-08  4.05008759e-07  1.57150000e-08  1.32909795e-08 
 1.57250000e-08  1.80000000e+00  1.57250000e-08  5.37673582e-07  1.57250000e-08 -1.39223779e-08 
 1.57350000e-08  1.80000000e+00  1.57350000e-08  4.05438364e-07  1.57350000e-08  1.32740507e-08 
 1.57450000e-08  1.80000000e+00  1.57450000e-08  5.37087498e-07  1.57450000e-08 -1.39053441e-08 
 1.57550000e-08  1.80000000e+00  1.57550000e-08  4.05865429e-07  1.57550000e-08  1.32569129e-08 
 1.57650000e-08  1.80000000e+00  1.57650000e-08  5.36504926e-07  1.57650000e-08 -1.38881033e-08 
 1.57750000e-08  1.80000000e+00  1.57750000e-08  4.06289971e-07  1.57750000e-08  1.32395700e-08 
 1.57850000e-08  1.80000000e+00  1.57850000e-08  5.35925844e-07  1.57850000e-08 -1.38706592e-08 
 1.57950000e-08  1.80000000e+00  1.57950000e-08  4.06712002e-07  1.57950000e-08  1.32220257e-08 
 1.58050000e-08  1.80000000e+00  1.58050000e-08  5.35350235e-07  1.58050000e-08 -1.38530157e-08 
 1.58150000e-08  1.80000000e+00  1.58150000e-08  4.07131539e-07  1.58150000e-08  1.32042839e-08 
 1.58250000e-08  1.80000000e+00  1.58250000e-08  5.34778077e-07  1.58250000e-08 -1.38351765e-08 
 1.58350000e-08  1.80000000e+00  1.58350000e-08  4.07548595e-07  1.58350000e-08  1.31863483e-08 
 1.58450000e-08  1.80000000e+00  1.58450000e-08  5.34209351e-07  1.58450000e-08 -1.38171453e-08 
 1.58550000e-08  1.80000000e+00  1.58550000e-08  4.07963184e-07  1.58550000e-08  1.31682224e-08 
 1.58650000e-08  1.80000000e+00  1.58650000e-08  5.33644038e-07  1.58650000e-08 -1.37989257e-08 
 1.58750000e-08  1.80000000e+00  1.58750000e-08  4.08375322e-07  1.58750000e-08  1.31499099e-08 
 1.58850000e-08  1.80000000e+00  1.58850000e-08  5.33082117e-07  1.58850000e-08 -1.37805212e-08 
 1.58950000e-08  1.80000000e+00  1.58950000e-08  4.08785021e-07  1.58950000e-08  1.31314145e-08 
 1.59050000e-08  1.80000000e+00  1.59050000e-08  5.32523570e-07  1.59050000e-08 -1.37619356e-08 
 1.59150000e-08  1.80000000e+00  1.59150000e-08  4.09192298e-07  1.59150000e-08  1.31127394e-08 
 1.59250000e-08  1.80000000e+00  1.59250000e-08  5.31968377e-07  1.59250000e-08 -1.37431720e-08 
 1.59350000e-08  1.80000000e+00  1.59350000e-08  4.09597165e-07  1.59350000e-08  1.30938883e-08 
 1.59450000e-08  1.80000000e+00  1.59450000e-08  5.31416518e-07  1.59450000e-08 -1.37242342e-08 
 1.59550000e-08  1.80000000e+00  1.59550000e-08  4.09999636e-07  1.59550000e-08  1.30748645e-08 
 1.59650000e-08  1.80000000e+00  1.59650000e-08  5.30867976e-07  1.59650000e-08 -1.37051254e-08 
 1.59750000e-08  1.80000000e+00  1.59750000e-08  4.10399725e-07  1.59750000e-08  1.30556715e-08 
 1.59850000e-08  1.80000000e+00  1.59850000e-08  5.30322730e-07  1.59850000e-08 -1.36858489e-08 
 1.59950000e-08  1.80000000e+00  1.59950000e-08  4.10797446e-07  1.59950000e-08  1.30363125e-08 
 1.60050000e-08  1.80000000e+00  1.60050000e-08  5.29780763e-07  1.60050000e-08 -1.36664081e-08 
 1.60150000e-08  1.80000000e+00  1.60150000e-08  4.11192814e-07  1.60150000e-08  1.30167907e-08 
 1.60250000e-08  1.80000000e+00  1.60250000e-08  5.29242054e-07  1.60250000e-08 -1.36468062e-08 
 1.60350000e-08  1.80000000e+00  1.60350000e-08  4.11585840e-07  1.60350000e-08  1.29971095e-08 
 1.60450000e-08  1.80000000e+00  1.60450000e-08  5.28706587e-07  1.60450000e-08 -1.36270464e-08 
 1.60550000e-08  1.80000000e+00  1.60550000e-08  4.11976539e-07  1.60550000e-08  1.29772719e-08 
 1.60650000e-08  1.80000000e+00  1.60650000e-08  5.28174342e-07  1.60650000e-08 -1.36071319e-08 
 1.60750000e-08  1.80000000e+00  1.60750000e-08  4.12364925e-07  1.60750000e-08  1.29572813e-08 
 1.60850000e-08  1.80000000e+00  1.60850000e-08  5.27645300e-07  1.60850000e-08 -1.35870658e-08 
 1.60950000e-08  1.80000000e+00  1.60950000e-08  4.12751010e-07  1.60950000e-08  1.29371405e-08 
 1.61000000e-08  1.80000000e+00  1.61000000e-08  5.27265210e-07  1.61000000e-08 -1.35566785e-08 
 1.61010000e-08  1.78200000e+00  1.61010000e-08 -1.34755068e-03  1.61010000e-08 -1.11617357e-05 
 1.61030000e-08  1.74600000e+00  1.61030000e-08 -3.77353841e-03  1.61030000e-08 -1.13524372e-05 
 1.61070000e-08  1.67400000e+00  1.61070000e-08 -7.38417326e-03  1.61070000e-08 -1.10426189e-05 
 1.61150000e-08  1.53000000e+00  1.61150000e-08 -1.21831932e-02  1.61150000e-08 -1.14591598e-05 
 1.61250000e-08  1.35000000e+00  1.61250000e-08 -1.72179975e-02  1.61250000e-08 -1.22844949e-05 
 1.61350000e-08  1.17000000e+00  1.61350000e-08 -2.17544236e-02  1.61350000e-08 -1.61527756e-05 
 1.61450000e-08  9.90000000e-01  1.61450000e-08 -1.96343853e-02  1.61450000e-08 -2.64611855e-05 
 1.61550000e-08  8.10000000e-01  1.61550000e-08  2.02813471e-03  1.61550000e-08 -4.57553549e-05 
 1.61650000e-08  6.30000000e-01  1.61650000e-08  6.28695961e-02  1.61650000e-08 -7.17032443e-05 
 1.61750000e-08  4.50000000e-01  1.61750000e-08  1.83538277e-01  1.61750000e-08 -1.02860705e-04 
 1.61850000e-08  2.70000000e-01  1.61850000e-08  3.66174172e-01  1.61850000e-08 -1.34782480e-04 
 1.61950000e-08  9.00000000e-02  1.61950000e-08  6.07572863e-01  1.61950000e-08 -1.63510321e-04 
 1.62000000e-08  0.00000000e+00  1.62000000e-08  7.47354365e-01  1.62000000e-08 -1.74171039e-04 
 1.62010000e-08  0.00000000e+00  1.62010000e-08  7.77796676e-01  1.62010000e-08 -1.58528465e-04 
 1.62030000e-08  0.00000000e+00  1.62030000e-08  8.37988176e-01  1.62030000e-08 -1.54835800e-04 
 1.62070000e-08  0.00000000e+00  1.62070000e-08  9.54056089e-01  1.62070000e-08 -1.47318543e-04 
 1.62150000e-08  0.00000000e+00  1.62150000e-08  1.16483042e+00  1.62150000e-08 -1.27942023e-04 
 1.62250000e-08  0.00000000e+00  1.62250000e-08  1.37560274e+00  1.62250000e-08 -9.72949864e-05 
 1.62350000e-08  0.00000000e+00  1.62350000e-08  1.52625379e+00  1.62350000e-08 -6.91895224e-05 
 1.62450000e-08  0.00000000e+00  1.62450000e-08  1.62858302e+00  1.62450000e-08 -4.60562266e-05 
 1.62550000e-08  0.00000000e+00  1.62550000e-08  1.69509192e+00  1.62550000e-08 -2.95615930e-05 
 1.62650000e-08  0.00000000e+00  1.62650000e-08  1.73681291e+00  1.62650000e-08 -1.81124489e-05 
 1.62750000e-08  0.00000000e+00  1.62750000e-08  1.76233602e+00  1.62750000e-08 -1.11329944e-05 
 1.62850000e-08  0.00000000e+00  1.62850000e-08  1.77769567e+00  1.62850000e-08 -6.49467737e-06 
 1.62950000e-08  0.00000000e+00  1.62950000e-08  1.78684376e+00  1.62950000e-08 -4.01333805e-06 
 1.63050000e-08  0.00000000e+00  1.63050000e-08  1.79226083e+00  1.63050000e-08 -2.21205091e-06 
 1.63150000e-08  0.00000000e+00  1.63150000e-08  1.79545468e+00  1.63150000e-08 -1.45891880e-06 
 1.63250000e-08  0.00000000e+00  1.63250000e-08  1.79733180e+00  1.63250000e-08 -6.99594394e-07 
 1.63350000e-08  0.00000000e+00  1.63350000e-08  1.79843452e+00  1.63350000e-08 -5.68184210e-07 
 1.63450000e-08  0.00000000e+00  1.63450000e-08  1.79908185e+00  1.63450000e-08 -1.76446252e-07 
 1.63550000e-08  0.00000000e+00  1.63550000e-08  1.79946140e+00  1.63550000e-08 -2.59831018e-07 
 1.63650000e-08  0.00000000e+00  1.63650000e-08  1.79968423e+00  1.63650000e-08  3.33753599e-09 
 1.63750000e-08  0.00000000e+00  1.63750000e-08  1.79981471e+00  1.63750000e-08 -1.53193827e-07 
 1.63850000e-08  0.00000000e+00  1.63850000e-08  1.79989145e+00  1.63850000e-08  6.47312879e-08 
 1.63950000e-08  0.00000000e+00  1.63950000e-08  1.79993623e+00  1.63950000e-08 -1.16039919e-07 
 1.64050000e-08  0.00000000e+00  1.64050000e-08  1.79996271e+00  1.64050000e-08  8.53826766e-08 
 1.64150000e-08  0.00000000e+00  1.64150000e-08  1.79997803e+00  1.64150000e-08 -1.02799795e-07 
 1.64250000e-08  0.00000000e+00  1.64250000e-08  1.79998721e+00  1.64250000e-08  9.20262755e-08 
 1.64350000e-08  0.00000000e+00  1.64350000e-08  1.79999240e+00  1.64350000e-08 -9.77915739e-08 
 1.64450000e-08  0.00000000e+00  1.64450000e-08  1.79999564e+00  1.64450000e-08  9.38593242e-08 
 1.64550000e-08  0.00000000e+00  1.64550000e-08  1.79999734e+00  1.64550000e-08 -9.56211683e-08 
 1.64650000e-08  0.00000000e+00  1.64650000e-08  1.79999854e+00  1.64650000e-08  9.40449030e-08 
 1.64750000e-08  0.00000000e+00  1.64750000e-08  1.79999904e+00  1.64750000e-08 -9.44334193e-08 
 1.64850000e-08  0.00000000e+00  1.64850000e-08  1.79999953e+00  1.64850000e-08  9.36706770e-08 
 1.64950000e-08  0.00000000e+00  1.64950000e-08  1.79999961e+00  1.64950000e-08 -9.35781663e-08 
 1.65050000e-08  0.00000000e+00  1.65050000e-08  1.79999985e+00  1.65050000e-08  9.31082238e-08 
 1.65150000e-08  0.00000000e+00  1.65150000e-08  1.79999980e+00  1.65150000e-08 -9.28717562e-08 
 1.65250000e-08  0.00000000e+00  1.65250000e-08  1.79999997e+00  1.65250000e-08  9.24889290e-08 
 1.65350000e-08  0.00000000e+00  1.65350000e-08  1.79999988e+00  1.65350000e-08 -9.22048473e-08 
 1.65450000e-08  0.00000000e+00  1.65450000e-08  1.80000001e+00  1.65450000e-08  9.18591093e-08 
 1.65550000e-08  0.00000000e+00  1.65550000e-08  1.79999991e+00  1.65550000e-08 -9.15584890e-08 
 1.65650000e-08  0.00000000e+00  1.65650000e-08  1.80000003e+00  1.65650000e-08  9.12299888e-08 
 1.65750000e-08  0.00000000e+00  1.65750000e-08  1.79999992e+00  1.65750000e-08 -9.09253641e-08 
 1.65850000e-08  0.00000000e+00  1.65850000e-08  1.80000004e+00  1.65850000e-08  9.06058621e-08 
 1.65950000e-08  0.00000000e+00  1.65950000e-08  1.79999993e+00  1.65950000e-08 -9.03029644e-08 
 1.66050000e-08  0.00000000e+00  1.66050000e-08  1.80000004e+00  1.66050000e-08  8.99895284e-08 
 1.66150000e-08  0.00000000e+00  1.66150000e-08  1.79999993e+00  1.66150000e-08 -8.96902213e-08 
 1.66250000e-08  0.00000000e+00  1.66250000e-08  1.80000004e+00  1.66250000e-08  8.93820468e-08 
 1.66350000e-08  0.00000000e+00  1.66350000e-08  1.79999993e+00  1.66350000e-08 -8.90870009e-08 
 1.66450000e-08  0.00000000e+00  1.66450000e-08  1.80000004e+00  1.66450000e-08  8.87835408e-08 
 1.66550000e-08  0.00000000e+00  1.66550000e-08  1.79999993e+00  1.66550000e-08 -8.84926075e-08 
 1.66650000e-08  0.00000000e+00  1.66650000e-08  1.80000004e+00  1.66650000e-08  8.81942809e-08 
 1.66750000e-08  0.00000000e+00  1.66750000e-08  1.79999993e+00  1.66750000e-08 -8.79078079e-08 
 1.66850000e-08  0.00000000e+00  1.66850000e-08  1.80000003e+00  1.66850000e-08  8.76140559e-08 
 1.66950000e-08  0.00000000e+00  1.66950000e-08  1.79999993e+00  1.66950000e-08 -8.73317616e-08 
 1.67050000e-08  0.00000000e+00  1.67050000e-08  1.80000003e+00  1.67050000e-08  8.70423956e-08 
 1.67150000e-08  0.00000000e+00  1.67150000e-08  1.79999993e+00  1.67150000e-08 -8.67643193e-08 
 1.67250000e-08  0.00000000e+00  1.67250000e-08  1.80000003e+00  1.67250000e-08  8.64792364e-08 
 1.67350000e-08  0.00000000e+00  1.67350000e-08  1.79999993e+00  1.67350000e-08 -8.62053500e-08 
 1.67450000e-08  0.00000000e+00  1.67450000e-08  1.80000003e+00  1.67450000e-08  8.59244755e-08 
 1.67550000e-08  0.00000000e+00  1.67550000e-08  1.79999994e+00  1.67550000e-08 -8.56547295e-08 
 1.67650000e-08  0.00000000e+00  1.67650000e-08  1.80000003e+00  1.67650000e-08  8.53779987e-08 
 1.67750000e-08  0.00000000e+00  1.67750000e-08  1.79999994e+00  1.67750000e-08 -8.51123370e-08 
 1.67850000e-08  0.00000000e+00  1.67850000e-08  1.80000003e+00  1.67850000e-08  8.48396890e-08 
 1.67950000e-08  0.00000000e+00  1.67950000e-08  1.79999994e+00  1.67950000e-08 -8.45780542e-08 
 1.68050000e-08  0.00000000e+00  1.68050000e-08  1.80000003e+00  1.68050000e-08  8.43094298e-08 
 1.68150000e-08  0.00000000e+00  1.68150000e-08  1.79999994e+00  1.68150000e-08 -8.40517644e-08 
 1.68250000e-08  0.00000000e+00  1.68250000e-08  1.80000003e+00  1.68250000e-08  8.37871057e-08 
 1.68350000e-08  0.00000000e+00  1.68350000e-08  1.79999994e+00  1.68350000e-08 -8.35333528e-08 
 1.68450000e-08  0.00000000e+00  1.68450000e-08  1.80000002e+00  1.68450000e-08  8.32726027e-08 
 1.68550000e-08  0.00000000e+00  1.68550000e-08  1.79999994e+00  1.68550000e-08 -8.30227062e-08 
 1.68650000e-08  0.00000000e+00  1.68650000e-08  1.80000002e+00  1.68650000e-08  8.27658085e-08 
 1.68750000e-08  0.00000000e+00  1.68750000e-08  1.79999994e+00  1.68750000e-08 -8.25197130e-08 
 1.68850000e-08  0.00000000e+00  1.68850000e-08  1.80000002e+00  1.68850000e-08  8.22666124e-08 
 1.68950000e-08  0.00000000e+00  1.68950000e-08  1.79999994e+00  1.68950000e-08 -8.20242631e-08 
 1.69050000e-08  0.00000000e+00  1.69050000e-08  1.80000002e+00  1.69050000e-08  8.17749051e-08 
 1.69150000e-08  0.00000000e+00  1.69150000e-08  1.79999994e+00  1.69150000e-08 -8.15362483e-08 
 1.69250000e-08  0.00000000e+00  1.69250000e-08  1.80000002e+00  1.69250000e-08  8.12905789e-08 
 1.69350000e-08  0.00000000e+00  1.69350000e-08  1.79999994e+00  1.69350000e-08 -8.10555614e-08 
 1.69450000e-08  0.00000000e+00  1.69450000e-08  1.80000002e+00  1.69450000e-08  8.08135277e-08 
 1.69550000e-08  0.00000000e+00  1.69550000e-08  1.79999994e+00  1.69550000e-08 -8.05820973e-08 
 1.69650000e-08  0.00000000e+00  1.69650000e-08  1.80000002e+00  1.69650000e-08  8.03436469e-08 
 1.69750000e-08  0.00000000e+00  1.69750000e-08  1.79999994e+00  1.69750000e-08 -8.01157520e-08 
 1.69850000e-08  0.00000000e+00  1.69850000e-08  1.80000002e+00  1.69850000e-08  7.98808333e-08 
 1.69950000e-08  0.00000000e+00  1.69950000e-08  1.79999994e+00  1.69950000e-08 -7.96564231e-08 
 1.70050000e-08  0.00000000e+00  1.70050000e-08  1.80000002e+00  1.70050000e-08  7.94249854e-08 
 1.70150000e-08  0.00000000e+00  1.70150000e-08  1.79999994e+00  1.70150000e-08 -7.92040096e-08 
 1.70250000e-08  0.00000000e+00  1.70250000e-08  1.80000001e+00  1.70250000e-08  7.89760028e-08 
 1.70350000e-08  0.00000000e+00  1.70350000e-08  1.79999994e+00  1.70350000e-08 -7.87584121e-08 
 1.70450000e-08  0.00000000e+00  1.70450000e-08  1.80000001e+00  1.70450000e-08  7.85337869e-08 
 1.70550000e-08  0.00000000e+00  1.70550000e-08  1.79999994e+00  1.70550000e-08 -7.83195326e-08 
 1.70650000e-08  0.00000000e+00  1.70650000e-08  1.80000001e+00  1.70650000e-08  7.80982401e-08 
 1.70750000e-08  0.00000000e+00  1.70750000e-08  1.79999994e+00  1.70750000e-08 -7.78872741e-08 
 1.70850000e-08  0.00000000e+00  1.70850000e-08  1.80000001e+00  1.70850000e-08  7.76692665e-08 
 1.70950000e-08  0.00000000e+00  1.70950000e-08  1.79999994e+00  1.70950000e-08 -7.74615416e-08 
 1.71050000e-08  0.00000000e+00  1.71050000e-08  1.80000001e+00  1.71050000e-08  7.72467714e-08 
 1.71150000e-08  0.00000000e+00  1.71150000e-08  1.79999994e+00  1.71150000e-08 -7.70422409e-08 
 1.71250000e-08  0.00000000e+00  1.71250000e-08  1.80000001e+00  1.71250000e-08  7.68306616e-08 
 1.71350000e-08  0.00000000e+00  1.71350000e-08  1.79999994e+00  1.71350000e-08 -7.66292795e-08 
 1.71450000e-08  0.00000000e+00  1.71450000e-08  1.80000001e+00  1.71450000e-08  7.64208451e-08 
 1.71550000e-08  0.00000000e+00  1.71550000e-08  1.79999994e+00  1.71550000e-08 -7.62225660e-08 
 1.71650000e-08  0.00000000e+00  1.71650000e-08  1.80000001e+00  1.71650000e-08  7.60172313e-08 
 1.71750000e-08  0.00000000e+00  1.71750000e-08  1.79999994e+00  1.71750000e-08 -7.58220105e-08 
 1.71850000e-08  0.00000000e+00  1.71850000e-08  1.80000001e+00  1.71850000e-08  7.56197307e-08 
 1.71950000e-08  0.00000000e+00  1.71950000e-08  1.79999994e+00  1.71950000e-08 -7.54275242e-08 
 1.72050000e-08  0.00000000e+00  1.72050000e-08  1.80000001e+00  1.72050000e-08  7.52282553e-08 
 1.72150000e-08  0.00000000e+00  1.72150000e-08  1.79999995e+00  1.72150000e-08 -7.50390196e-08 
 1.72250000e-08  0.00000000e+00  1.72250000e-08  1.80000001e+00  1.72250000e-08  7.48427183e-08 
 1.72350000e-08  0.00000000e+00  1.72350000e-08  1.79999995e+00  1.72350000e-08 -7.46564106e-08 
 1.72450000e-08  0.00000000e+00  1.72450000e-08  1.80000000e+00  1.72450000e-08  7.44630340e-08 
 1.72550000e-08  0.00000000e+00  1.72550000e-08  1.79999995e+00  1.72550000e-08 -7.42796121e-08 
 1.72650000e-08  0.00000000e+00  1.72650000e-08  1.80000000e+00  1.72650000e-08  7.40891180e-08 
 1.72750000e-08  0.00000000e+00  1.72750000e-08  1.79999995e+00  1.72750000e-08 -7.39085404e-08 
 1.72850000e-08  0.00000000e+00  1.72850000e-08  1.80000000e+00  1.72850000e-08  7.37208872e-08 
 1.72950000e-08  0.00000000e+00  1.72950000e-08  1.79999995e+00  1.72950000e-08 -7.35431128e-08 
 1.73050000e-08  0.00000000e+00  1.73050000e-08  1.80000000e+00  1.73050000e-08  7.33582596e-08 
 1.73150000e-08  0.00000000e+00  1.73150000e-08  1.79999995e+00  1.73150000e-08 -7.31832479e-08 
 1.73250000e-08  0.00000000e+00  1.73250000e-08  1.80000000e+00  1.73250000e-08  7.30011542e-08 
 1.73350000e-08  0.00000000e+00  1.73350000e-08  1.79999995e+00  1.73350000e-08 -7.28288655e-08 
 1.73450000e-08  0.00000000e+00  1.73450000e-08  1.80000000e+00  1.73450000e-08  7.26494916e-08 
 1.73550000e-08  0.00000000e+00  1.73550000e-08  1.79999995e+00  1.73550000e-08 -7.24798864e-08 
 1.73650000e-08  0.00000000e+00  1.73650000e-08  1.80000000e+00  1.73650000e-08  7.23031930e-08 
 1.73750000e-08  0.00000000e+00  1.73750000e-08  1.79999995e+00  1.73750000e-08 -7.21361869e-08 
 1.73850000e-08  0.00000000e+00  1.73850000e-08  1.80000000e+00  1.73850000e-08  7.19621136e-08 
 1.73950000e-08  0.00000000e+00  1.73950000e-08  1.79999995e+00  1.73950000e-08 -7.17976797e-08 
 1.74050000e-08  0.00000000e+00  1.74050000e-08  1.80000000e+00  1.74050000e-08  7.16261782e-08 
 1.74150000e-08  0.00000000e+00  1.74150000e-08  1.79999995e+00  1.74150000e-08 -7.14642882e-08 
 1.74250000e-08  0.00000000e+00  1.74250000e-08  1.80000000e+00  1.74250000e-08  7.12953180e-08 
 1.74350000e-08  0.00000000e+00  1.74350000e-08  1.79999995e+00  1.74350000e-08 -7.11359389e-08 
 1.74450000e-08  0.00000000e+00  1.74450000e-08  1.80000000e+00  1.74450000e-08  7.09694626e-08 
 1.74550000e-08  0.00000000e+00  1.74550000e-08  1.79999995e+00  1.74550000e-08 -7.08125600e-08 
 1.74650000e-08  0.00000000e+00  1.74650000e-08  1.80000000e+00  1.74650000e-08  7.06485417e-08 
 1.74750000e-08  0.00000000e+00  1.74750000e-08  1.79999995e+00  1.74750000e-08 -7.04940810e-08 
 1.74850000e-08  0.00000000e+00  1.74850000e-08  1.79999999e+00  1.74850000e-08  7.03324860e-08 
 1.74950000e-08  0.00000000e+00  1.74950000e-08  1.79999995e+00  1.74950000e-08 -7.01804328e-08 
 1.75050000e-08  0.00000000e+00  1.75050000e-08  1.79999999e+00  1.75050000e-08  7.00212266e-08 
 1.75150000e-08  0.00000000e+00  1.75150000e-08  1.79999995e+00  1.75150000e-08 -6.98715469e-08 
 1.75250000e-08  0.00000000e+00  1.75250000e-08  1.79999999e+00  1.75250000e-08  6.97146957e-08 
 1.75350000e-08  0.00000000e+00  1.75350000e-08  1.79999995e+00  1.75350000e-08 -6.95673559e-08 
 1.75450000e-08  0.00000000e+00  1.75450000e-08  1.79999999e+00  1.75450000e-08  6.94128264e-08 
 1.75550000e-08  0.00000000e+00  1.75550000e-08  1.79999995e+00  1.75550000e-08 -6.92677935e-08 
 1.75650000e-08  0.00000000e+00  1.75650000e-08  1.79999999e+00  1.75650000e-08  6.91155527e-08 
 1.75750000e-08  0.00000000e+00  1.75750000e-08  1.79999995e+00  1.75750000e-08 -6.89727940e-08 
 1.75850000e-08  0.00000000e+00  1.75850000e-08  1.79999999e+00  1.75850000e-08  6.88228097e-08 
 1.75950000e-08  0.00000000e+00  1.75950000e-08  1.79999995e+00  1.75950000e-08 -6.86822929e-08 
 1.76050000e-08  0.00000000e+00  1.76050000e-08  1.79999999e+00  1.76050000e-08  6.85345331e-08 
 1.76150000e-08  0.00000000e+00  1.76150000e-08  1.79999995e+00  1.76150000e-08 -6.83962265e-08 
 1.76250000e-08  0.00000000e+00  1.76250000e-08  1.79999999e+00  1.76250000e-08  6.82506598e-08 
 1.76350000e-08  0.00000000e+00  1.76350000e-08  1.79999995e+00  1.76350000e-08 -6.81145320e-08 
 1.76450000e-08  0.00000000e+00  1.76450000e-08  1.79999999e+00  1.76450000e-08  6.79711273e-08 
 1.76550000e-08  0.00000000e+00  1.76550000e-08  1.79999995e+00  1.76550000e-08 -6.78371474e-08 
 1.76650000e-08  0.00000000e+00  1.76650000e-08  1.79999999e+00  1.76650000e-08  6.76958741e-08 
 1.76750000e-08  0.00000000e+00  1.76750000e-08  1.79999995e+00  1.76750000e-08 -6.75640117e-08 
 1.76850000e-08  0.00000000e+00  1.76850000e-08  1.79999999e+00  1.76850000e-08  6.74248395e-08 
 1.76950000e-08  0.00000000e+00  1.76950000e-08  1.79999995e+00  1.76950000e-08 -6.72950647e-08 
 1.77050000e-08  0.00000000e+00  1.77050000e-08  1.79999999e+00  1.77050000e-08  6.71579638e-08 
 1.77150000e-08  0.00000000e+00  1.77150000e-08  1.79999995e+00  1.77150000e-08 -6.70302469e-08 
 1.77250000e-08  0.00000000e+00  1.77250000e-08  1.79999999e+00  1.77250000e-08  6.68951880e-08 
 1.77350000e-08  0.00000000e+00  1.77350000e-08  1.79999995e+00  1.77350000e-08 -6.67694997e-08 
 1.77450000e-08  0.00000000e+00  1.77450000e-08  1.79999999e+00  1.77450000e-08  6.66364539e-08 
 1.77550000e-08  0.00000000e+00  1.77550000e-08  1.79999995e+00  1.77550000e-08 -6.65127655e-08 
 1.77650000e-08  0.00000000e+00  1.77650000e-08  1.79999999e+00  1.77650000e-08  6.63817042e-08 
 1.77750000e-08  0.00000000e+00  1.77750000e-08  1.79999995e+00  1.77750000e-08 -6.62599872e-08 
 1.77850000e-08  0.00000000e+00  1.77850000e-08  1.79999998e+00  1.77850000e-08  6.61308823e-08 
 1.77950000e-08  0.00000000e+00  1.77950000e-08  1.79999995e+00  1.77950000e-08 -6.60111088e-08 
 1.78050000e-08  0.00000000e+00  1.78050000e-08  1.79999998e+00  1.78050000e-08  6.58839324e-08 
 1.78150000e-08  0.00000000e+00  1.78150000e-08  1.79999995e+00  1.78150000e-08 -6.57660748e-08 
 1.78250000e-08  0.00000000e+00  1.78250000e-08  1.79999998e+00  1.78250000e-08  6.56407997e-08 
 1.78350000e-08  0.00000000e+00  1.78350000e-08  1.79999995e+00  1.78350000e-08 -6.55248307e-08 
 1.78450000e-08  0.00000000e+00  1.78450000e-08  1.79999998e+00  1.78450000e-08  6.54014298e-08 
 1.78550000e-08  0.00000000e+00  1.78550000e-08  1.79999995e+00  1.78550000e-08 -6.52873225e-08 
 1.78650000e-08  0.00000000e+00  1.78650000e-08  1.79999998e+00  1.78650000e-08  6.51657692e-08 
 1.78750000e-08  0.00000000e+00  1.78750000e-08  1.79999995e+00  1.78750000e-08 -6.50534972e-08 
 1.78850000e-08  0.00000000e+00  1.78850000e-08  1.79999998e+00  1.78850000e-08  6.49337653e-08 
 1.78950000e-08  0.00000000e+00  1.78950000e-08  1.79999995e+00  1.78950000e-08 -6.48233025e-08 
 1.79050000e-08  0.00000000e+00  1.79050000e-08  1.79999998e+00  1.79050000e-08  6.47053660e-08 
 1.79150000e-08  0.00000000e+00  1.79150000e-08  1.79999995e+00  1.79150000e-08 -6.45966867e-08 
 1.79250000e-08  0.00000000e+00  1.79250000e-08  1.79999998e+00  1.79250000e-08  6.44805201e-08 
 1.79350000e-08  0.00000000e+00  1.79350000e-08  1.79999995e+00  1.79350000e-08 -6.43735989e-08 
 1.79450000e-08  0.00000000e+00  1.79450000e-08  1.79999998e+00  1.79450000e-08  6.42591771e-08 
 1.79550000e-08  0.00000000e+00  1.79550000e-08  1.79999995e+00  1.79550000e-08 -6.41539889e-08 
 1.79650000e-08  0.00000000e+00  1.79650000e-08  1.79999998e+00  1.79650000e-08  6.40412870e-08 
 1.79750000e-08  0.00000000e+00  1.79750000e-08  1.79999995e+00  1.79750000e-08 -6.39378072e-08 
 1.79850000e-08  0.00000000e+00  1.79850000e-08  1.79999998e+00  1.79850000e-08  6.38268008e-08 
 1.79950000e-08  0.00000000e+00  1.79950000e-08  1.79999995e+00  1.79950000e-08 -6.37250050e-08 
 1.80050000e-08  0.00000000e+00  1.80050000e-08  1.79999998e+00  1.80050000e-08  6.36156699e-08 
 1.80150000e-08  0.00000000e+00  1.80150000e-08  1.79999995e+00  1.80150000e-08 -6.35155341e-08 
 1.80250000e-08  0.00000000e+00  1.80250000e-08  1.79999998e+00  1.80250000e-08  6.34078466e-08 
 1.80350000e-08  0.00000000e+00  1.80350000e-08  1.79999996e+00  1.80350000e-08 -6.33093472e-08 
 1.80450000e-08  0.00000000e+00  1.80450000e-08  1.79999998e+00  1.80450000e-08  6.32032837e-08 
 1.80550000e-08  0.00000000e+00  1.80550000e-08  1.79999996e+00  1.80550000e-08 -6.31063973e-08 
 1.80650000e-08  0.00000000e+00  1.80650000e-08  1.79999998e+00  1.80650000e-08  6.30019348e-08 
 1.80750000e-08  0.00000000e+00  1.80750000e-08  1.79999996e+00  1.80750000e-08 -6.29080594e-08 
 1.80850000e-08  0.00000000e+00  1.80850000e-08  1.79999998e+00  1.80850000e-08  6.28045007e-08 
 1.80950000e-08  0.00000000e+00  1.80950000e-08  1.79999996e+00  1.80950000e-08 -6.27095468e-08 
 1.81050000e-08  0.00000000e+00  1.81050000e-08  1.79999998e+00  1.81050000e-08  6.26088679e-08 
 1.81150000e-08  0.00000000e+00  1.81150000e-08  1.79999996e+00  1.81150000e-08 -6.25176169e-08 
 1.81250000e-08  0.00000000e+00  1.81250000e-08  1.79999998e+00  1.81250000e-08  6.24174051e-08 
 1.81350000e-08  0.00000000e+00  1.81350000e-08  1.79999996e+00  1.81350000e-08 -6.23253736e-08 
 1.81450000e-08  0.00000000e+00  1.81450000e-08  1.79999998e+00  1.81450000e-08  6.22278178e-08 
 1.81550000e-08  0.00000000e+00  1.81550000e-08  1.79999996e+00  1.81550000e-08 -6.21395232e-08 
 1.81650000e-08  0.00000000e+00  1.81650000e-08  1.79999998e+00  1.81650000e-08  6.20423491e-08 
 1.81750000e-08  0.00000000e+00  1.81750000e-08  1.79999996e+00  1.81750000e-08 -6.19546283e-08 
 1.81850000e-08  0.00000000e+00  1.81850000e-08  1.79999998e+00  1.81850000e-08  6.18594016e-08 
 1.81950000e-08  0.00000000e+00  1.81950000e-08  1.79999996e+00  1.81950000e-08 -6.17728326e-08 
 1.82050000e-08  0.00000000e+00  1.82050000e-08  1.79999998e+00  1.82050000e-08  6.16792162e-08 
 1.82150000e-08  0.00000000e+00  1.82150000e-08  1.79999996e+00  1.82150000e-08 -6.15939824e-08 
 1.82250000e-08  0.00000000e+00  1.82250000e-08  1.79999998e+00  1.82250000e-08  6.15018479e-08 
 1.82350000e-08  0.00000000e+00  1.82350000e-08  1.79999996e+00  1.82350000e-08 -6.14179979e-08 
 1.82450000e-08  0.00000000e+00  1.82450000e-08  1.79999998e+00  1.82450000e-08  6.13272883e-08 
 1.82550000e-08  0.00000000e+00  1.82550000e-08  1.79999996e+00  1.82550000e-08 -6.12448257e-08 
 1.82650000e-08  0.00000000e+00  1.82650000e-08  1.79999998e+00  1.82650000e-08  6.11555084e-08 
 1.82750000e-08  0.00000000e+00  1.82750000e-08  1.79999996e+00  1.82750000e-08 -6.10744210e-08 
 1.82850000e-08  0.00000000e+00  1.82850000e-08  1.79999998e+00  1.82850000e-08  6.09864719e-08 
 1.82950000e-08  0.00000000e+00  1.82950000e-08  1.79999996e+00  1.82950000e-08 -6.09067430e-08 
 1.83050000e-08  0.00000000e+00  1.83050000e-08  1.79999998e+00  1.83050000e-08  6.08201410e-08 
 1.83150000e-08  0.00000000e+00  1.83150000e-08  1.79999996e+00  1.83150000e-08 -6.07417519e-08 
 1.83250000e-08  0.00000000e+00  1.83250000e-08  1.79999998e+00  1.83250000e-08  6.06564774e-08 
 1.83350000e-08  0.00000000e+00  1.83350000e-08  1.79999996e+00  1.83350000e-08 -6.05794091e-08 
 1.83450000e-08  0.00000000e+00  1.83450000e-08  1.79999998e+00  1.83450000e-08  6.04954428e-08 
 1.83550000e-08  0.00000000e+00  1.83550000e-08  1.79999996e+00  1.83550000e-08 -6.04196767e-08 
 1.83650000e-08  0.00000000e+00  1.83650000e-08  1.79999998e+00  1.83650000e-08  6.03369998e-08 
 1.83750000e-08  0.00000000e+00  1.83750000e-08  1.79999996e+00  1.83750000e-08 -6.02625172e-08 
 1.83850000e-08  0.00000000e+00  1.83850000e-08  1.79999997e+00  1.83850000e-08  6.01811112e-08 
 1.83950000e-08  0.00000000e+00  1.83950000e-08  1.79999996e+00  1.83950000e-08 -6.01078936e-08 
 1.84050000e-08  0.00000000e+00  1.84050000e-08  1.79999997e+00  1.84050000e-08  6.00277404e-08 
 1.84150000e-08  0.00000000e+00  1.84150000e-08  1.79999996e+00  1.84150000e-08 -5.99557697e-08 
 1.84250000e-08  0.00000000e+00  1.84250000e-08  1.79999997e+00  1.84250000e-08  5.98768512e-08 
 1.84350000e-08  0.00000000e+00  1.84350000e-08  1.79999996e+00  1.84350000e-08 -5.98061095e-08 
 1.84450000e-08  0.00000000e+00  1.84450000e-08  1.79999997e+00  1.84450000e-08  5.97284080e-08 
 1.84550000e-08  0.00000000e+00  1.84550000e-08  1.79999996e+00  1.84550000e-08 -5.96588777e-08 
 1.84650000e-08  0.00000000e+00  1.84650000e-08  1.79999997e+00  1.84650000e-08  5.95823757e-08 
 1.84750000e-08  0.00000000e+00  1.84750000e-08  1.79999996e+00  1.84750000e-08 -5.95140394e-08 
 1.84850000e-08  0.00000000e+00  1.84850000e-08  1.79999997e+00  1.84850000e-08  5.94387197e-08 
 1.84950000e-08  0.00000000e+00  1.84950000e-08  1.79999996e+00  1.84950000e-08 -5.93715602e-08 
 1.85050000e-08  0.00000000e+00  1.85050000e-08  1.79999997e+00  1.85050000e-08  5.92974058e-08 
 1.85150000e-08  0.00000000e+00  1.85150000e-08  1.79999996e+00  1.85150000e-08 -5.92314063e-08 
 1.85250000e-08  0.00000000e+00  1.85250000e-08  1.79999997e+00  1.85250000e-08  5.91584004e-08 
 1.85350000e-08  0.00000000e+00  1.85350000e-08  1.79999996e+00  1.85350000e-08 -5.90935440e-08 
 1.85450000e-08  0.00000000e+00  1.85450000e-08  1.79999997e+00  1.85450000e-08  5.90216702e-08 
 1.85550000e-08  0.00000000e+00  1.85550000e-08  1.79999996e+00  1.85550000e-08 -5.89579406e-08 
 1.85650000e-08  0.00000000e+00  1.85650000e-08  1.79999997e+00  1.85650000e-08  5.88871825e-08 
 1.85750000e-08  0.00000000e+00  1.85750000e-08  1.79999996e+00  1.85750000e-08 -5.88245634e-08 
 1.85850000e-08  0.00000000e+00  1.85850000e-08  1.79999997e+00  1.85850000e-08  5.87549050e-08 
 1.85950000e-08  0.00000000e+00  1.85950000e-08  1.79999996e+00  1.85950000e-08 -5.86933805e-08 
 1.86050000e-08  0.00000000e+00  1.86050000e-08  1.79999997e+00  1.86050000e-08  5.86248060e-08 
 1.86150000e-08  0.00000000e+00  1.86150000e-08  1.79999996e+00  1.86150000e-08 -5.85643602e-08 
 1.86250000e-08  0.00000000e+00  1.86250000e-08  1.79999997e+00  1.86250000e-08  5.84968539e-08 
 1.86350000e-08  0.00000000e+00  1.86350000e-08  1.79999996e+00  1.86350000e-08 -5.84374713e-08 
 1.86450000e-08  0.00000000e+00  1.86450000e-08  1.79999997e+00  1.86450000e-08  5.83710179e-08 
 1.86550000e-08  0.00000000e+00  1.86550000e-08  1.79999996e+00  1.86550000e-08 -5.83126832e-08 
 1.86650000e-08  0.00000000e+00  1.86650000e-08  1.79999997e+00  1.86650000e-08  5.82472674e-08 
 1.86750000e-08  0.00000000e+00  1.86750000e-08  1.79999996e+00  1.86750000e-08 -5.81899655e-08 
 1.86850000e-08  0.00000000e+00  1.86850000e-08  1.79999997e+00  1.86850000e-08  5.81255724e-08 
 1.86950000e-08  0.00000000e+00  1.86950000e-08  1.79999996e+00  1.86950000e-08 -5.80692883e-08 
 1.87050000e-08  0.00000000e+00  1.87050000e-08  1.79999997e+00  1.87050000e-08  5.80059031e-08 
 1.87150000e-08  0.00000000e+00  1.87150000e-08  1.79999996e+00  1.87150000e-08 -5.79506222e-08 
 1.87250000e-08  0.00000000e+00  1.87250000e-08  1.79999997e+00  1.87250000e-08  5.78882303e-08 
 1.87350000e-08  0.00000000e+00  1.87350000e-08  1.79999996e+00  1.87350000e-08 -5.78339381e-08 
 1.87450000e-08  0.00000000e+00  1.87450000e-08  1.79999997e+00  1.87450000e-08  5.77725253e-08 
 1.87550000e-08  0.00000000e+00  1.87550000e-08  1.79999996e+00  1.87550000e-08 -5.77192074e-08 
 1.87650000e-08  0.00000000e+00  1.87650000e-08  1.79999997e+00  1.87650000e-08  5.76587594e-08 
 1.87750000e-08  0.00000000e+00  1.87750000e-08  1.79999996e+00  1.87750000e-08 -5.76064019e-08 
 1.87850000e-08  0.00000000e+00  1.87850000e-08  1.79999997e+00  1.87850000e-08  5.75469048e-08 
 1.87950000e-08  0.00000000e+00  1.87950000e-08  1.79999996e+00  1.87950000e-08 -5.74954936e-08 
 1.88050000e-08  0.00000000e+00  1.88050000e-08  1.79999997e+00  1.88050000e-08  5.74369336e-08 
 1.88150000e-08  0.00000000e+00  1.88150000e-08  1.79999996e+00  1.88150000e-08 -5.73864552e-08 
 1.88250000e-08  0.00000000e+00  1.88250000e-08  1.79999997e+00  1.88250000e-08  5.73288188e-08 
 1.88350000e-08  0.00000000e+00  1.88350000e-08  1.79999996e+00  1.88350000e-08 -5.72792595e-08 
 1.88450000e-08  0.00000000e+00  1.88450000e-08  1.79999997e+00  1.88450000e-08  5.72225333e-08 
 1.88550000e-08  0.00000000e+00  1.88550000e-08  1.79999996e+00  1.88550000e-08 -5.71738798e-08 
 1.88650000e-08  0.00000000e+00  1.88650000e-08  1.79999997e+00  1.88650000e-08  5.71180506e-08 
 1.88750000e-08  0.00000000e+00  1.88750000e-08  1.79999997e+00  1.88750000e-08 -5.70702900e-08 
 1.88850000e-08  0.00000000e+00  1.88850000e-08  1.79999997e+00  1.88850000e-08  5.70153448e-08 
 1.88950000e-08  0.00000000e+00  1.88950000e-08  1.79999997e+00  1.88950000e-08 -5.69684638e-08 
 1.89050000e-08  0.00000000e+00  1.89050000e-08  1.79999997e+00  1.89050000e-08  5.69143898e-08 
 1.89150000e-08  0.00000000e+00  1.89150000e-08  1.79999997e+00  1.89150000e-08 -5.68683759e-08 
 1.89250000e-08  0.00000000e+00  1.89250000e-08  1.79999997e+00  1.89250000e-08  5.68151604e-08 
 1.89350000e-08  0.00000000e+00  1.89350000e-08  1.79999997e+00  1.89350000e-08 -5.67700009e-08 
 1.89450000e-08  0.00000000e+00  1.89450000e-08  1.79999997e+00  1.89450000e-08  5.67176315e-08 
 1.89550000e-08  0.00000000e+00  1.89550000e-08  1.79999997e+00  1.89550000e-08 -5.66733140e-08 
 1.89650000e-08  0.00000000e+00  1.89650000e-08  1.79999997e+00  1.89650000e-08  5.66217784e-08 
 1.89750000e-08  0.00000000e+00  1.89750000e-08  1.79999997e+00  1.89750000e-08 -5.65782906e-08 
 1.89850000e-08  0.00000000e+00  1.89850000e-08  1.79999997e+00  1.89850000e-08  5.65275767e-08 
 1.89950000e-08  0.00000000e+00  1.89950000e-08  1.79999997e+00  1.89950000e-08 -5.64849066e-08 
 1.90050000e-08  0.00000000e+00  1.90050000e-08  1.79999997e+00  1.90050000e-08  5.64350023e-08 
 1.90150000e-08  0.00000000e+00  1.90150000e-08  1.79999997e+00  1.90150000e-08 -5.63931380e-08 
 1.90250000e-08  0.00000000e+00  1.90250000e-08  1.79999997e+00  1.90250000e-08  5.63440317e-08 
 1.90350000e-08  0.00000000e+00  1.90350000e-08  1.79999997e+00  1.90350000e-08 -5.63029615e-08 
 1.90450000e-08  0.00000000e+00  1.90450000e-08  1.79999997e+00  1.90450000e-08  5.62546414e-08 
 1.90550000e-08  0.00000000e+00  1.90550000e-08  1.79999997e+00  1.90550000e-08 -5.62143537e-08 
 1.90650000e-08  0.00000000e+00  1.90650000e-08  1.79999997e+00  1.90650000e-08  5.61668085e-08 
 1.90750000e-08  0.00000000e+00  1.90750000e-08  1.79999997e+00  1.90750000e-08 -5.61272919e-08 
 1.90850000e-08  0.00000000e+00  1.90850000e-08  1.79999997e+00  1.90850000e-08  5.60805102e-08 
 1.90950000e-08  0.00000000e+00  1.90950000e-08  1.79999997e+00  1.90950000e-08 -5.60417534e-08 
 1.91050000e-08  0.00000000e+00  1.91050000e-08  1.79999997e+00  1.91050000e-08  5.59957242e-08 
 1.91150000e-08  0.00000000e+00  1.91150000e-08  1.79999997e+00  1.91150000e-08 -5.59577161e-08 
 1.91250000e-08  0.00000000e+00  1.91250000e-08  1.79999997e+00  1.91250000e-08  5.59124283e-08 
 1.91350000e-08  0.00000000e+00  1.91350000e-08  1.79999997e+00  1.91350000e-08 -5.58751580e-08 
 1.91450000e-08  0.00000000e+00  1.91450000e-08  1.79999997e+00  1.91450000e-08  5.58306008e-08 
 1.91550000e-08  0.00000000e+00  1.91550000e-08  1.79999997e+00  1.91550000e-08 -5.57940575e-08 
 1.91650000e-08  0.00000000e+00  1.91650000e-08  1.79999997e+00  1.91650000e-08  5.57502203e-08 
 1.91750000e-08  0.00000000e+00  1.91750000e-08  1.79999997e+00  1.91750000e-08 -5.57143934e-08 
 1.91850000e-08  0.00000000e+00  1.91850000e-08  1.79999997e+00  1.91850000e-08  5.56712655e-08 
 1.91950000e-08  0.00000000e+00  1.91950000e-08  1.79999997e+00  1.91950000e-08 -5.56361446e-08 
 1.92050000e-08  0.00000000e+00  1.92050000e-08  1.79999997e+00  1.92050000e-08  5.55937158e-08 
 1.92150000e-08  0.00000000e+00  1.92150000e-08  1.79999997e+00  1.92150000e-08 -5.55592904e-08 
 1.92250000e-08  0.00000000e+00  1.92250000e-08  1.79999997e+00  1.92250000e-08  5.55175504e-08 
 1.92350000e-08  0.00000000e+00  1.92350000e-08  1.79999997e+00  1.92350000e-08 -5.54838104e-08 
 1.92450000e-08  0.00000000e+00  1.92450000e-08  1.79999997e+00  1.92450000e-08  5.54427490e-08 
 1.92550000e-08  0.00000000e+00  1.92550000e-08  1.79999997e+00  1.92550000e-08 -5.54096844e-08 
 1.92650000e-08  0.00000000e+00  1.92650000e-08  1.79999997e+00  1.92650000e-08  5.53692918e-08 
 1.92750000e-08  0.00000000e+00  1.92750000e-08  1.79999997e+00  1.92750000e-08 -5.53368926e-08 
 1.92850000e-08  0.00000000e+00  1.92850000e-08  1.79999997e+00  1.92850000e-08  5.52971589e-08 
 1.92950000e-08  0.00000000e+00  1.92950000e-08  1.79999997e+00  1.92950000e-08 -5.52654154e-08 
 1.93050000e-08  0.00000000e+00  1.93050000e-08  1.79999997e+00  1.93050000e-08  5.52263310e-08 
 1.93150000e-08  0.00000000e+00  1.93150000e-08  1.79999997e+00  1.93150000e-08 -5.51952335e-08 
 1.93250000e-08  0.00000000e+00  1.93250000e-08  1.79999996e+00  1.93250000e-08  5.51567889e-08 
 1.93350000e-08  0.00000000e+00  1.93350000e-08  1.79999997e+00  1.93350000e-08 -5.51263279e-08 
 1.93450000e-08  0.00000000e+00  1.93450000e-08  1.79999996e+00  1.93450000e-08  5.50885136e-08 
 1.93550000e-08  0.00000000e+00  1.93550000e-08  1.79999997e+00  1.93550000e-08 -5.50586799e-08 
 1.93650000e-08  0.00000000e+00  1.93650000e-08  1.79999996e+00  1.93650000e-08  5.50214866e-08 
 1.93750000e-08  0.00000000e+00  1.93750000e-08  1.79999997e+00  1.93750000e-08 -5.49922708e-08 
 1.93850000e-08  0.00000000e+00  1.93850000e-08  1.79999996e+00  1.93850000e-08  5.49556895e-08 
 1.93950000e-08  0.00000000e+00  1.93950000e-08  1.79999997e+00  1.93950000e-08 -5.49270825e-08 
 1.94050000e-08  0.00000000e+00  1.94050000e-08  1.79999996e+00  1.94050000e-08  5.48911042e-08 
 1.94150000e-08  0.00000000e+00  1.94150000e-08  1.79999997e+00  1.94150000e-08 -5.48630971e-08 
 1.94250000e-08  0.00000000e+00  1.94250000e-08  1.79999996e+00  1.94250000e-08  5.48277127e-08 
 1.94350000e-08  0.00000000e+00  1.94350000e-08  1.79999997e+00  1.94350000e-08 -5.48002966e-08 
 1.94450000e-08  0.00000000e+00  1.94450000e-08  1.79999996e+00  1.94450000e-08  5.47654975e-08 
 1.94550000e-08  0.00000000e+00  1.94550000e-08  1.79999997e+00  1.94550000e-08 -5.47386638e-08 
 1.94650000e-08  0.00000000e+00  1.94650000e-08  1.79999996e+00  1.94650000e-08  5.47044414e-08 
 1.94750000e-08  0.00000000e+00  1.94750000e-08  1.79999997e+00  1.94750000e-08 -5.46781814e-08 
 1.94850000e-08  0.00000000e+00  1.94850000e-08  1.79999996e+00  1.94850000e-08  5.46445270e-08 
 1.94950000e-08  0.00000000e+00  1.94950000e-08  1.79999997e+00  1.94950000e-08 -5.46188322e-08 
 1.95050000e-08  0.00000000e+00  1.95050000e-08  1.79999996e+00  1.95050000e-08  5.45857376e-08 
 1.95150000e-08  0.00000000e+00  1.95150000e-08  1.79999997e+00  1.95150000e-08 -5.45605997e-08 
 1.95250000e-08  0.00000000e+00  1.95250000e-08  1.79999996e+00  1.95250000e-08  5.45280565e-08 
 1.95350000e-08  0.00000000e+00  1.95350000e-08  1.79999997e+00  1.95350000e-08 -5.45034672e-08 
 1.95450000e-08  0.00000000e+00  1.95450000e-08  1.79999996e+00  1.95450000e-08  5.44714673e-08 
 1.95550000e-08  0.00000000e+00  1.95550000e-08  1.79999997e+00  1.95550000e-08 -5.44474185e-08 
 1.95650000e-08  0.00000000e+00  1.95650000e-08  1.79999996e+00  1.95650000e-08  5.44159539e-08 
 1.95750000e-08  0.00000000e+00  1.95750000e-08  1.79999997e+00  1.95750000e-08 -5.43924376e-08 
 1.95850000e-08  0.00000000e+00  1.95850000e-08  1.79999996e+00  1.95850000e-08  5.43615002e-08 
 1.95950000e-08  0.00000000e+00  1.95950000e-08  1.79999997e+00  1.95950000e-08 -5.43385086e-08 
 1.96050000e-08  0.00000000e+00  1.96050000e-08  1.79999996e+00  1.96050000e-08  5.43080907e-08 
 1.96150000e-08  0.00000000e+00  1.96150000e-08  1.79999997e+00  1.96150000e-08 -5.42856158e-08 
 1.96250000e-08  0.00000000e+00  1.96250000e-08  1.79999996e+00  1.96250000e-08  5.42557097e-08 
 1.96350000e-08  0.00000000e+00  1.96350000e-08  1.79999997e+00  1.96350000e-08 -5.42337439e-08 
 1.96450000e-08  0.00000000e+00  1.96450000e-08  1.79999996e+00  1.96450000e-08  5.42043420e-08 
 1.96550000e-08  0.00000000e+00  1.96550000e-08  1.79999997e+00  1.96550000e-08 -5.41828777e-08 
 1.96650000e-08  0.00000000e+00  1.96650000e-08  1.79999996e+00  1.96650000e-08  5.41539725e-08 
 1.96750000e-08  0.00000000e+00  1.96750000e-08  1.79999997e+00  1.96750000e-08 -5.41330024e-08 
 1.96850000e-08  0.00000000e+00  1.96850000e-08  1.79999996e+00  1.96850000e-08  5.41045864e-08 
 1.96950000e-08  0.00000000e+00  1.96950000e-08  1.79999997e+00  1.96950000e-08 -5.40841030e-08 
 1.97050000e-08  0.00000000e+00  1.97050000e-08  1.79999996e+00  1.97050000e-08  5.40561690e-08 
 1.97150000e-08  0.00000000e+00  1.97150000e-08  1.79999997e+00  1.97150000e-08 -5.40361651e-08 
 1.97250000e-08  0.00000000e+00  1.97250000e-08  1.79999996e+00  1.97250000e-08  5.40087059e-08 
 1.97350000e-08  0.00000000e+00  1.97350000e-08  1.79999997e+00  1.97350000e-08 -5.39891743e-08 
 1.97450000e-08  0.00000000e+00  1.97450000e-08  1.79999996e+00  1.97450000e-08  5.39621828e-08 
 1.97550000e-08  0.00000000e+00  1.97550000e-08  1.79999997e+00  1.97550000e-08 -5.39431165e-08 
 1.97650000e-08  0.00000000e+00  1.97650000e-08  1.79999996e+00  1.97650000e-08  5.39165858e-08 
 1.97750000e-08  0.00000000e+00  1.97750000e-08  1.79999997e+00  1.97750000e-08 -5.38979778e-08 
 1.97850000e-08  0.00000000e+00  1.97850000e-08  1.79999996e+00  1.97850000e-08  5.38719009e-08 
 1.97950000e-08  0.00000000e+00  1.97950000e-08  1.79999997e+00  1.97950000e-08 -5.38537443e-08 
 1.98050000e-08  0.00000000e+00  1.98050000e-08  1.79999996e+00  1.98050000e-08  5.38281145e-08 
 1.98150000e-08  0.00000000e+00  1.98150000e-08  1.79999997e+00  1.98150000e-08 -5.38104027e-08 
 1.98250000e-08  0.00000000e+00  1.98250000e-08  1.79999996e+00  1.98250000e-08  5.37852133e-08 
 1.98350000e-08  0.00000000e+00  1.98350000e-08  1.79999997e+00  1.98350000e-08 -5.37679394e-08 
 1.98450000e-08  0.00000000e+00  1.98450000e-08  1.79999996e+00  1.98450000e-08  5.37431837e-08 
 1.98550000e-08  0.00000000e+00  1.98550000e-08  1.79999997e+00  1.98550000e-08 -5.37263414e-08 
 1.98650000e-08  0.00000000e+00  1.98650000e-08  1.79999996e+00  1.98650000e-08  5.37020130e-08 
 1.98750000e-08  0.00000000e+00  1.98750000e-08  1.79999997e+00  1.98750000e-08 -5.36855957e-08 
 1.98850000e-08  0.00000000e+00  1.98850000e-08  1.79999996e+00  1.98850000e-08  5.36616882e-08 
 1.98950000e-08  0.00000000e+00  1.98950000e-08  1.79999997e+00  1.98950000e-08 -5.36456895e-08 
 1.99050000e-08  0.00000000e+00  1.99050000e-08  1.79999996e+00  1.99050000e-08  5.36221965e-08 
 1.99150000e-08  0.00000000e+00  1.99150000e-08  1.79999997e+00  1.99150000e-08 -5.36066100e-08 
 1.99250000e-08  0.00000000e+00  1.99250000e-08  1.79999996e+00  1.99250000e-08  5.35835253e-08 
 1.99350000e-08  0.00000000e+00  1.99350000e-08  1.79999997e+00  1.99350000e-08 -5.35683450e-08 
 1.99450000e-08  0.00000000e+00  1.99450000e-08  1.79999996e+00  1.99450000e-08  5.35456625e-08 
 1.99550000e-08  0.00000000e+00  1.99550000e-08  1.79999997e+00  1.99550000e-08 -5.35308821e-08 
 1.99650000e-08  0.00000000e+00  1.99650000e-08  1.79999996e+00  1.99650000e-08  5.35085957e-08 
 1.99750000e-08  0.00000000e+00  1.99750000e-08  1.79999997e+00  1.99750000e-08 -5.34942093e-08 
 1.99850000e-08  0.00000000e+00  1.99850000e-08  1.79999996e+00  1.99850000e-08  5.34723130e-08 
 1.99950000e-08  0.00000000e+00  1.99950000e-08  1.79999997e+00  1.99950000e-08 -5.34583146e-08 
 2.00000000e-08  0.00000000e+00  2.00000000e-08  1.79999996e+00  2.00000000e-08  5.34259553e-08 
