 1.00000000e-08  4.99995000e-05 
 2.00000000e-08  9.99985000e-05 
 4.00000000e-08  1.99995500e-04 
 8.00000000e-08  3.99983500e-04 
 1.60000000e-07  7.99935504e-04 
 3.20000000e-07  1.59974353e-03 
 6.40000000e-07  3.19897573e-03 
 1.00000000e-06  4.99750037e-03 
 1.06400000e-06  5.31716007e-03 
 1.19200000e-06  5.95643856e-03 
 1.44800000e-06  7.23475009e-03 
 1.96000000e-06  9.79039165e-03 
 2.96000000e-06  1.47781074e-02 
 3.96000000e-06  1.97608379e-02 
 4.96000000e-06  2.47385882e-02 
 5.96000000e-06  2.97113632e-02 
 6.96000000e-06  3.46791680e-02 
 7.96000000e-06  3.96420074e-02 
 8.96000000e-06  4.45998864e-02 
 9.96000000e-06  4.95528101e-02 
 1.09600000e-05  5.45007833e-02 
 1.19600000e-05  5.94438110e-02 
 1.29600000e-05  6.43818981e-02 
 1.39600000e-05  6.93150497e-02 
 1.49600000e-05  7.42432705e-02 
 1.59600000e-05  7.91665656e-02 
 1.69600000e-05  8.40849398e-02 
 1.79600000e-05  8.89983982e-02 
 1.89600000e-05  9.39069455e-02 
 1.99600000e-05  9.88105867e-02 
 2.09600000e-05  1.03709327e-01 
 2.19600000e-05  1.08603171e-01 
 2.29600000e-05  1.13492123e-01 
 2.39600000e-05  1.18376189e-01 
 2.49600000e-05  1.23255373e-01 
 2.59600000e-05  1.28129680e-01 
 2.69600000e-05  1.32999116e-01 
 2.79600000e-05  1.37863685e-01 
 2.89600000e-05  1.42723391e-01 
 2.99600000e-05  1.47578240e-01 
 3.09600000e-05  1.52428237e-01 
 3.19600000e-05  1.57273386e-01 
 3.29600000e-05  1.62113693e-01 
 3.39600000e-05  1.66949161e-01 
 3.49600000e-05  1.71779797e-01 
 3.59600000e-05  1.76605604e-01 
 3.69600000e-05  1.81426588e-01 
 3.79600000e-05  1.86242753e-01 
 3.89600000e-05  1.91054105e-01 
 3.99600000e-05  1.95860647e-01 
 4.09600000e-05  2.00662386e-01 
 4.19600000e-05  2.05459325e-01 
 4.29600000e-05  2.10251470e-01 
 4.39600000e-05  2.15038825e-01 
 4.49600000e-05  2.19821394e-01 
 4.59600000e-05  2.24599184e-01 
 4.69600000e-05  2.29372198e-01 
 4.79600000e-05  2.34140442e-01 
 4.89600000e-05  2.38903920e-01 
 4.99600000e-05  2.43662637e-01 
 5.09600000e-05  2.48416597e-01 
 5.19600000e-05  2.53165806e-01 
 5.29600000e-05  2.57910268e-01 
 5.39600000e-05  2.62649988e-01 
 5.49600000e-05  2.67384970e-01 
 5.59600000e-05  2.72115220e-01 
 5.69600000e-05  2.76840742e-01 
 5.79600000e-05  2.81561541e-01 
 5.89600000e-05  2.86277621e-01 
 5.99600000e-05  2.90988988e-01 
 6.09600000e-05  2.95695646e-01 
 6.19600000e-05  3.00397599e-01 
 6.29600000e-05  3.05094853e-01 
 6.39600000e-05  3.09787412e-01 
 6.49600000e-05  3.14475280e-01 
 6.59600000e-05  3.19158464e-01 
 6.69600000e-05  3.23836966e-01 
 6.79600000e-05  3.28510792e-01 
 6.89600000e-05  3.33179947e-01 
 6.99600000e-05  3.37844434e-01 
 7.09600000e-05  3.42504260e-01 
 7.19600000e-05  3.47159428e-01 
 7.29600000e-05  3.51809944e-01 
 7.39600000e-05  3.56455811e-01 
 7.49600000e-05  3.61097034e-01 
 7.59600000e-05  3.65733619e-01 
 7.69600000e-05  3.70365569e-01 
 7.79600000e-05  3.74992890e-01 
 7.89600000e-05  3.79615586e-01 
 7.99600000e-05  3.84233661e-01 
 8.09600000e-05  3.88847121e-01 
 8.19600000e-05  3.93455969e-01 
 8.29600000e-05  3.98060211e-01 
 8.39600000e-05  4.02659851e-01 
 8.49600000e-05  4.07254894e-01 
 8.59600000e-05  4.11845344e-01 
 8.69600000e-05  4.16431205e-01 
 8.79600000e-05  4.21012484e-01 
 8.89600000e-05  4.25589183e-01 
 8.99600000e-05  4.30161308e-01 
 9.09600000e-05  4.34728862e-01 
 9.19600000e-05  4.39291852e-01 
 9.29600000e-05  4.43850281e-01 
 9.39600000e-05  4.48404154e-01 
 9.49600000e-05  4.52953475e-01 
 9.59600000e-05  4.57498249e-01 
 9.69600000e-05  4.62038481e-01 
 9.79600000e-05  4.66574174e-01 
 9.89600000e-05  4.71105335e-01 
 9.99600000e-05  4.75631966e-01 
 1.00960000e-04  4.80154073e-01 
 1.01960000e-04  4.84671660e-01 
 1.02960000e-04  4.89184732e-01 
 1.03960000e-04  4.93693293e-01 
 1.04960000e-04  4.98197348e-01 
 1.05960000e-04  5.02696900e-01 
 1.06960000e-04  5.07191956e-01 
 1.07960000e-04  5.11682519e-01 
 1.08960000e-04  5.16168593e-01 
 1.09960000e-04  5.20650184e-01 
 1.10960000e-04  5.25127295e-01 
 1.11960000e-04  5.29599932e-01 
 1.12960000e-04  5.34068098e-01 
 1.13960000e-04  5.38531798e-01 
 1.14960000e-04  5.42991036e-01 
 1.15960000e-04  5.47445818e-01 
 1.16960000e-04  5.51896147e-01 
 1.17960000e-04  5.56342028e-01 
 1.18960000e-04  5.60783465e-01 
 1.19960000e-04  5.65220463e-01 
 1.20960000e-04  5.69653026e-01 
 1.21960000e-04  5.74081159e-01 
 1.22960000e-04  5.78504866e-01 
 1.23960000e-04  5.82924152e-01 
 1.24960000e-04  5.87339020e-01 
 1.25960000e-04  5.91749476e-01 
 1.26960000e-04  5.96155523e-01 
 1.27960000e-04  6.00557167e-01 
 1.28960000e-04  6.04954411e-01 
 1.29960000e-04  6.09347260e-01 
 1.30960000e-04  6.13735719e-01 
 1.31960000e-04  6.18119791e-01 
 1.32960000e-04  6.22499481e-01 
 1.33960000e-04  6.26874794e-01 
 1.34960000e-04  6.31245734e-01 
 1.35960000e-04  6.35612305e-01 
 1.36960000e-04  6.39974512e-01 
 1.37960000e-04  6.44332358e-01 
 1.38960000e-04  6.48685849e-01 
 1.39960000e-04  6.53034989e-01 
 1.40960000e-04  6.57379781e-01 
 1.41960000e-04  6.61720231e-01 
 1.42960000e-04  6.66056343e-01 
 1.43960000e-04  6.70388121e-01 
 1.44960000e-04  6.74715569e-01 
 1.45960000e-04  6.79038692e-01 
 1.46960000e-04  6.83357494e-01 
 1.47960000e-04  6.87671979e-01 
 1.48960000e-04  6.91982152e-01 
 1.49960000e-04  6.96288017e-01 
 1.50960000e-04  7.00589578e-01 
 1.51960000e-04  7.04886840e-01 
 1.52960000e-04  7.09179806e-01 
 1.53960000e-04  7.13468482e-01 
 1.54960000e-04  7.17752872e-01 
 1.55960000e-04  7.22032979e-01 
 1.56960000e-04  7.26308808e-01 
 1.57960000e-04  7.30580363e-01 
 1.58960000e-04  7.34847649e-01 
 1.59960000e-04  7.39110670e-01 
 1.60960000e-04  7.43369430e-01 
 1.61960000e-04  7.47623933e-01 
 1.62960000e-04  7.51874184e-01 
 1.63960000e-04  7.56120187e-01 
 1.64960000e-04  7.60361946e-01 
 1.65960000e-04  7.64599465e-01 
 1.66960000e-04  7.68832749e-01 
 1.67960000e-04  7.73061802e-01 
 1.68960000e-04  7.77286628e-01 
 1.69960000e-04  7.81507231e-01 
 1.70960000e-04  7.85723615e-01 
 1.71960000e-04  7.89935786e-01 
 1.72960000e-04  7.94143746e-01 
 1.73960000e-04  7.98347500e-01 
 1.74960000e-04  8.02547053e-01 
 1.75960000e-04  8.06742408e-01 
 1.76960000e-04  8.10933570e-01 
 1.77960000e-04  8.15120543e-01 
 1.78960000e-04  8.19303331e-01 
 1.79960000e-04  8.23481939e-01 
 1.80960000e-04  8.27656369e-01 
 1.81960000e-04  8.31826628e-01 
 1.82960000e-04  8.35992718e-01 
 1.83960000e-04  8.40154645e-01 
 1.84960000e-04  8.44312411e-01 
 1.85960000e-04  8.48466022e-01 
 1.86960000e-04  8.52615481e-01 
 1.87960000e-04  8.56760793e-01 
 1.88960000e-04  8.60901962e-01 
 1.89960000e-04  8.65038991e-01 
 1.90960000e-04  8.69171886e-01 
 1.91960000e-04  8.73300649e-01 
 1.92960000e-04  8.77425286e-01 
 1.93960000e-04  8.81545801e-01 
 1.94960000e-04  8.85662197e-01 
 1.95960000e-04  8.89774479e-01 
 1.96960000e-04  8.93882650e-01 
 1.97960000e-04  8.97986715e-01 
 1.98960000e-04  9.02086679e-01 
 1.99960000e-04  9.06182544e-01 
 2.00960000e-04  9.10274316e-01 
 2.01960000e-04  9.14361997e-01 
 2.02960000e-04  9.18445594e-01 
 2.03960000e-04  9.22525108e-01 
 2.04960000e-04  9.26600545e-01 
 2.05960000e-04  9.30671909e-01 
 2.06960000e-04  9.34739204e-01 
 2.07960000e-04  9.38802433e-01 
 2.08960000e-04  9.42861601e-01 
 2.09960000e-04  9.46916712e-01 
 2.10960000e-04  9.50967769e-01 
 2.11960000e-04  9.55014778e-01 
 2.12960000e-04  9.59057742e-01 
 2.13960000e-04  9.63096665e-01 
 2.14960000e-04  9.67131551e-01 
 2.15960000e-04  9.71162404e-01 
 2.16960000e-04  9.75189228e-01 
 2.17960000e-04  9.79212027e-01 
 2.18960000e-04  9.83230806e-01 
 2.19960000e-04  9.87245568e-01 
 2.20960000e-04  9.91256317e-01 
 2.21960000e-04  9.95263057e-01 
 2.22960000e-04  9.99265793e-01 
 2.23960000e-04  1.00326453e+00 
 2.24960000e-04  1.00725927e+00 
 2.25960000e-04  1.01125001e+00 
 2.26960000e-04  1.01523677e+00 
 2.27960000e-04  1.01921954e+00 
 2.28960000e-04  1.02319833e+00 
 2.29960000e-04  1.02717314e+00 
 2.30960000e-04  1.03114399e+00 
 2.31960000e-04  1.03511086e+00 
 2.32960000e-04  1.03907377e+00 
 2.33960000e-04  1.04303271e+00 
 2.34960000e-04  1.04698770e+00 
 2.35960000e-04  1.05093874e+00 
 2.36960000e-04  1.05488583e+00 
 2.37960000e-04  1.05882897e+00 
 2.38960000e-04  1.06276817e+00 
 2.39960000e-04  1.06670344e+00 
 2.40960000e-04  1.07063477e+00 
 2.41960000e-04  1.07456217e+00 
 2.42960000e-04  1.07848564e+00 
 2.43960000e-04  1.08240520e+00 
 2.44960000e-04  1.08632084e+00 
 2.45960000e-04  1.09023256e+00 
 2.46960000e-04  1.09414037e+00 
 2.47960000e-04  1.09804428e+00 
 2.48960000e-04  1.10194429e+00 
 2.49960000e-04  1.10584039e+00 
 2.50960000e-04  1.10973261e+00 
 2.51960000e-04  1.11362093e+00 
 2.52960000e-04  1.11750537e+00 
 2.53960000e-04  1.12138592e+00 
 2.54960000e-04  1.12526260e+00 
 2.55960000e-04  1.12913540e+00 
 2.56960000e-04  1.13300433e+00 
 2.57960000e-04  1.13686939e+00 
 2.58960000e-04  1.14073059e+00 
 2.59960000e-04  1.14458793e+00 
 2.60960000e-04  1.14844142e+00 
 2.61960000e-04  1.15229105e+00 
 2.62960000e-04  1.15613684e+00 
 2.63960000e-04  1.15997878e+00 
 2.64960000e-04  1.16381688e+00 
 2.65960000e-04  1.16765115e+00 
 2.66960000e-04  1.17148158e+00 
 2.67960000e-04  1.17530819e+00 
 2.68960000e-04  1.17913097e+00 
 2.69960000e-04  1.18294993e+00 
 2.70960000e-04  1.18676507e+00 
 2.71960000e-04  1.19057640e+00 
 2.72960000e-04  1.19438392e+00 
 2.73960000e-04  1.19818763e+00 
 2.74960000e-04  1.20198754e+00 
 2.75960000e-04  1.20578366e+00 
 2.76960000e-04  1.20957598e+00 
 2.77960000e-04  1.21336451e+00 
 2.78960000e-04  1.21714925e+00 
 2.79960000e-04  1.22093021e+00 
 2.80960000e-04  1.22470739e+00 
 2.81960000e-04  1.22848080e+00 
 2.82960000e-04  1.23225043e+00 
 2.83960000e-04  1.23601630e+00 
 2.84960000e-04  1.23977840e+00 
 2.85960000e-04  1.24353675e+00 
 2.86960000e-04  1.24729133e+00 
 2.87960000e-04  1.25104216e+00 
 2.88960000e-04  1.25478925e+00 
 2.89960000e-04  1.25853259e+00 
 2.90960000e-04  1.26227219e+00 
 2.91960000e-04  1.26600805e+00 
 2.92960000e-04  1.26974017e+00 
 2.93960000e-04  1.27346857e+00 
 2.94960000e-04  1.27719324e+00 
 2.95960000e-04  1.28091418e+00 
 2.96960000e-04  1.28463141e+00 
 2.97960000e-04  1.28834492e+00 
 2.98960000e-04  1.29205472e+00 
 2.99960000e-04  1.29576081e+00 
 3.00960000e-04  1.29946320e+00 
 3.01960000e-04  1.30316189e+00 
 3.02960000e-04  1.30685688e+00 
 3.03960000e-04  1.31054818e+00 
 3.04960000e-04  1.31423579e+00 
 3.05960000e-04  1.31791971e+00 
 3.06960000e-04  1.32159995e+00 
 3.07960000e-04  1.32527651e+00 
 3.08960000e-04  1.32894940e+00 
 3.09960000e-04  1.33261861e+00 
 3.10960000e-04  1.33628416e+00 
 3.11960000e-04  1.33994605e+00 
 3.12960000e-04  1.34360427e+00 
 3.13960000e-04  1.34725884e+00 
 3.14960000e-04  1.35090976e+00 
 3.15960000e-04  1.35455702e+00 
 3.16960000e-04  1.35820064e+00 
 3.17960000e-04  1.36184062e+00 
 3.18960000e-04  1.36547696e+00 
 3.19960000e-04  1.36910967e+00 
 3.20960000e-04  1.37273875e+00 
 3.21960000e-04  1.37636419e+00 
 3.22960000e-04  1.37998602e+00 
 3.23960000e-04  1.38360422e+00 
 3.24960000e-04  1.38721881e+00 
 3.25960000e-04  1.39082979e+00 
 3.26960000e-04  1.39443716e+00 
 3.27960000e-04  1.39804092e+00 
 3.28960000e-04  1.40164108e+00 
 3.29960000e-04  1.40523764e+00 
 3.30960000e-04  1.40883060e+00 
 3.31960000e-04  1.41241998e+00 
 3.32960000e-04  1.41600576e+00 
 3.33960000e-04  1.41958797e+00 
 3.34960000e-04  1.42316659e+00 
 3.35960000e-04  1.42674164e+00 
 3.36960000e-04  1.43031311e+00 
 3.37960000e-04  1.43388101e+00 
 3.38960000e-04  1.43744535e+00 
 3.39960000e-04  1.44100612e+00 
 3.40960000e-04  1.44456334e+00 
 3.41960000e-04  1.44811700e+00 
 3.42960000e-04  1.45166710e+00 
 3.43960000e-04  1.45521366e+00 
 3.44960000e-04  1.45875668e+00 
 3.45960000e-04  1.46229615e+00 
 3.46960000e-04  1.46583209e+00 
 3.47960000e-04  1.46936449e+00 
 3.48960000e-04  1.47289336e+00 
 3.49960000e-04  1.47641871e+00 
 3.50960000e-04  1.47994053e+00 
 3.51960000e-04  1.48345883e+00 
 3.52960000e-04  1.48697361e+00 
 3.53960000e-04  1.49048488e+00 
 3.54960000e-04  1.49399264e+00 
 3.55960000e-04  1.49749690e+00 
 3.56960000e-04  1.50099765e+00 
 3.57960000e-04  1.50449490e+00 
 3.58960000e-04  1.50798866e+00 
 3.59960000e-04  1.51147893e+00 
 3.60960000e-04  1.51496571e+00 
 3.61960000e-04  1.51844900e+00 
 3.62960000e-04  1.52192881e+00 
 3.63960000e-04  1.52540514e+00 
 3.64960000e-04  1.52887800e+00 
 3.65960000e-04  1.53234739e+00 
 3.66960000e-04  1.53581331e+00 
 3.67960000e-04  1.53927576e+00 
 3.68960000e-04  1.54273476e+00 
 3.69960000e-04  1.54619030e+00 
 3.70960000e-04  1.54964238e+00 
 3.71960000e-04  1.55309101e+00 
 3.72960000e-04  1.55653620e+00 
 3.73960000e-04  1.55997794e+00 
 3.74960000e-04  1.56341624e+00 
 3.75960000e-04  1.56685111e+00 
 3.76960000e-04  1.57028254e+00 
 3.77960000e-04  1.57371055e+00 
 3.78960000e-04  1.57713513e+00 
 3.79960000e-04  1.58055628e+00 
 3.80960000e-04  1.58397401e+00 
 3.81960000e-04  1.58738833e+00 
 3.82960000e-04  1.59079924e+00 
 3.83960000e-04  1.59420674e+00 
 3.84960000e-04  1.59761083e+00 
 3.85960000e-04  1.60101152e+00 
 3.86960000e-04  1.60440881e+00 
 3.87960000e-04  1.60780270e+00 
 3.88960000e-04  1.61119320e+00 
 3.89960000e-04  1.61458032e+00 
 3.90960000e-04  1.61796404e+00 
 3.91960000e-04  1.62134439e+00 
 3.92960000e-04  1.62472136e+00 
 3.93960000e-04  1.62809495e+00 
 3.94960000e-04  1.63146517e+00 
 3.95960000e-04  1.63483202e+00 
 3.96960000e-04  1.63819551e+00 
 3.97960000e-04  1.64155563e+00 
 3.98960000e-04  1.64491240e+00 
 3.99960000e-04  1.64826581e+00 
 4.00960000e-04  1.65161587e+00 
 4.01960000e-04  1.65496258e+00 
 4.02960000e-04  1.65830594e+00 
 4.03960000e-04  1.66164597e+00 
 4.04960000e-04  1.66498265e+00 
 4.05960000e-04  1.66831600e+00 
 4.06960000e-04  1.67164602e+00 
 4.07960000e-04  1.67497271e+00 
 4.08960000e-04  1.67829608e+00 
 4.09960000e-04  1.68161612e+00 
 4.10960000e-04  1.68493285e+00 
 4.11960000e-04  1.68824626e+00 
 4.12960000e-04  1.69155636e+00 
 4.13960000e-04  1.69486315e+00 
 4.14960000e-04  1.69816663e+00 
 4.15960000e-04  1.70146682e+00 
 4.16960000e-04  1.70476370e+00 
 4.17960000e-04  1.70805729e+00 
 4.18960000e-04  1.71134759e+00 
 4.19960000e-04  1.71463460e+00 
 4.20960000e-04  1.71791832e+00 
 4.21960000e-04  1.72119876e+00 
 4.22960000e-04  1.72447592e+00 
 4.23960000e-04  1.72774981e+00 
 4.24960000e-04  1.73102043e+00 
 4.25960000e-04  1.73428777e+00 
 4.26960000e-04  1.73755185e+00 
 4.27960000e-04  1.74081267e+00 
 4.28960000e-04  1.74407023e+00 
 4.29960000e-04  1.74732453e+00 
 4.30960000e-04  1.75057558e+00 
 4.31960000e-04  1.75382338e+00 
 4.32960000e-04  1.75706794e+00 
 4.33960000e-04  1.76030925e+00 
 4.34960000e-04  1.76354732e+00 
 4.35960000e-04  1.76678215e+00 
 4.36960000e-04  1.77001376e+00 
 4.37960000e-04  1.77324213e+00 
 4.38960000e-04  1.77646727e+00 
 4.39960000e-04  1.77968920e+00 
 4.40960000e-04  1.78290790e+00 
 4.41960000e-04  1.78612338e+00 
 4.42960000e-04  1.78933565e+00 
 4.43960000e-04  1.79254471e+00 
 4.44960000e-04  1.79575056e+00 
 4.45960000e-04  1.79895321e+00 
 4.46960000e-04  1.80215266e+00 
 4.47960000e-04  1.80534891e+00 
 4.48960000e-04  1.80854196e+00 
 4.49960000e-04  1.81173183e+00 
 4.50960000e-04  1.81491850e+00 
 4.51960000e-04  1.81810199e+00 
 4.52960000e-04  1.82128230e+00 
 4.53960000e-04  1.82445943e+00 
 4.54960000e-04  1.82763338e+00 
 4.55960000e-04  1.83080416e+00 
 4.56960000e-04  1.83397177e+00 
 4.57960000e-04  1.83713622e+00 
 4.58960000e-04  1.84029750e+00 
 4.59960000e-04  1.84345563e+00 
 4.60960000e-04  1.84661059e+00 
 4.61960000e-04  1.84976241e+00 
 4.62960000e-04  1.85291107e+00 
 4.63960000e-04  1.85605659e+00 
 4.64960000e-04  1.85919896e+00 
 4.65960000e-04  1.86233819e+00 
 4.66960000e-04  1.86547428e+00 
 4.67960000e-04  1.86860724e+00 
 4.68960000e-04  1.87173707e+00 
 4.69960000e-04  1.87486377e+00 
 4.70960000e-04  1.87798735e+00 
 4.71960000e-04  1.88110780e+00 
 4.72960000e-04  1.88422513e+00 
 4.73960000e-04  1.88733935e+00 
 4.74960000e-04  1.89045045e+00 
 4.75960000e-04  1.89355845e+00 
 4.76960000e-04  1.89666334e+00 
 4.77960000e-04  1.89976512e+00 
 4.78960000e-04  1.90286381e+00 
 4.79960000e-04  1.90595940e+00 
 4.80960000e-04  1.90905189e+00 
 4.81960000e-04  1.91214130e+00 
 4.82960000e-04  1.91522761e+00 
 4.83960000e-04  1.91831084e+00 
 4.84960000e-04  1.92139099e+00 
 4.85960000e-04  1.92446806e+00 
 4.86960000e-04  1.92754206e+00 
 4.87960000e-04  1.93061298e+00 
 4.88960000e-04  1.93368083e+00 
 4.89960000e-04  1.93674562e+00 
 4.90960000e-04  1.93980734e+00 
 4.91960000e-04  1.94286601e+00 
 4.92960000e-04  1.94592161e+00 
 4.93960000e-04  1.94897416e+00 
 4.94960000e-04  1.95202367e+00 
 4.95960000e-04  1.95507012e+00 
 4.96960000e-04  1.95811353e+00 
 4.97960000e-04  1.96115389e+00 
 4.98960000e-04  1.96419122e+00 
 4.99960000e-04  1.96722551e+00 
 5.00960000e-04  1.97025677e+00 
 5.01960000e-04  1.97328500e+00 
 5.02960000e-04  1.97631020e+00 
 5.03960000e-04  1.97933238e+00 
 5.04960000e-04  1.98235154e+00 
 5.05960000e-04  1.98536768e+00 
 5.06960000e-04  1.98838081e+00 
 5.07960000e-04  1.99139092e+00 
 5.08960000e-04  1.99439803e+00 
 5.09960000e-04  1.99740213e+00 
 5.10960000e-04  2.00040322e+00 
 5.11960000e-04  2.00340132e+00 
 5.12960000e-04  2.00639642e+00 
 5.13960000e-04  2.00938853e+00 
 5.14960000e-04  2.01237765e+00 
 5.15960000e-04  2.01536378e+00 
 5.16960000e-04  2.01834692e+00 
 5.17960000e-04  2.02132708e+00 
 5.18960000e-04  2.02430427e+00 
 5.19960000e-04  2.02727848e+00 
 5.20960000e-04  2.03024971e+00 
 5.21960000e-04  2.03321798e+00 
 5.22960000e-04  2.03618328e+00 
 5.23960000e-04  2.03914561e+00 
 5.24960000e-04  2.04210499e+00 
 5.25960000e-04  2.04506140e+00 
 5.26960000e-04  2.04801487e+00 
 5.27960000e-04  2.05096538e+00 
 5.28960000e-04  2.05391294e+00 
 5.29960000e-04  2.05685755e+00 
 5.30960000e-04  2.05979922e+00 
 5.31960000e-04  2.06273795e+00 
 5.32960000e-04  2.06567375e+00 
 5.33960000e-04  2.06860661e+00 
 5.34960000e-04  2.07153654e+00 
 5.35960000e-04  2.07446354e+00 
 5.36960000e-04  2.07738761e+00 
 5.37960000e-04  2.08030876e+00 
 5.38960000e-04  2.08322700e+00 
 5.39960000e-04  2.08614231e+00 
 5.40960000e-04  2.08905471e+00 
 5.41960000e-04  2.09196420e+00 
 5.42960000e-04  2.09487079e+00 
 5.43960000e-04  2.09777446e+00 
 5.44960000e-04  2.10067524e+00 
 5.45960000e-04  2.10357311e+00 
 5.46960000e-04  2.10646809e+00 
 5.47960000e-04  2.10936018e+00 
 5.48960000e-04  2.11224937e+00 
 5.49960000e-04  2.11513568e+00 
 5.50960000e-04  2.11801910e+00 
 5.51960000e-04  2.12089964e+00 
 5.52960000e-04  2.12377731e+00 
 5.53960000e-04  2.12665209e+00 
 5.54960000e-04  2.12952400e+00 
 5.55960000e-04  2.13239304e+00 
 5.56960000e-04  2.13525922e+00 
 5.57960000e-04  2.13812253e+00 
 5.58960000e-04  2.14098298e+00 
 5.59960000e-04  2.14384056e+00 
 5.60960000e-04  2.14669530e+00 
 5.61960000e-04  2.14954717e+00 
 5.62960000e-04  2.15239620e+00 
 5.63960000e-04  2.15524238e+00 
 5.64960000e-04  2.15808572e+00 
 5.65960000e-04  2.16092621e+00 
 5.66960000e-04  2.16376387e+00 
 5.67960000e-04  2.16659869e+00 
 5.68960000e-04  2.16943067e+00 
 5.69960000e-04  2.17225983e+00 
 5.70960000e-04  2.17508615e+00 
 5.71960000e-04  2.17790966e+00 
 5.72960000e-04  2.18073034e+00 
 5.73960000e-04  2.18354820e+00 
 5.74960000e-04  2.18636324e+00 
 5.75960000e-04  2.18917547e+00 
 5.76960000e-04  2.19198489e+00 
 5.77960000e-04  2.19479150e+00 
 5.78960000e-04  2.19759531e+00 
 5.79960000e-04  2.20039631e+00 
 5.80960000e-04  2.20319452e+00 
 5.81960000e-04  2.20598993e+00 
 5.82960000e-04  2.20878254e+00 
 5.83960000e-04  2.21157236e+00 
 5.84960000e-04  2.21435940e+00 
 5.85960000e-04  2.21714365e+00 
 5.86960000e-04  2.21992511e+00 
 5.87960000e-04  2.22270380e+00 
 5.88960000e-04  2.22547970e+00 
 5.89960000e-04  2.22825284e+00 
 5.90960000e-04  2.23102320e+00 
 5.91960000e-04  2.23379079e+00 
 5.92960000e-04  2.23655562e+00 
 5.93960000e-04  2.23931768e+00 
 5.94960000e-04  2.24207699e+00 
 5.95960000e-04  2.24483353e+00 
 5.96960000e-04  2.24758732e+00 
 5.97960000e-04  2.25033836e+00 
 5.98960000e-04  2.25308665e+00 
 5.99960000e-04  2.25583219e+00 
 6.00960000e-04  2.25857498e+00 
 6.01960000e-04  2.26131504e+00 
 6.02960000e-04  2.26405235e+00 
 6.03960000e-04  2.26678693e+00 
 6.04960000e-04  2.26951878e+00 
 6.05960000e-04  2.27224790e+00 
 6.06960000e-04  2.27497429e+00 
 6.07960000e-04  2.27769795e+00 
 6.08960000e-04  2.28041889e+00 
 6.09960000e-04  2.28313711e+00 
 6.10960000e-04  2.28585262e+00 
 6.11960000e-04  2.28856541e+00 
 6.12960000e-04  2.29127549e+00 
 6.13960000e-04  2.29398286e+00 
 6.14960000e-04  2.29668753e+00 
 6.15960000e-04  2.29938949e+00 
 6.16960000e-04  2.30208875e+00 
 6.17960000e-04  2.30478531e+00 
 6.18960000e-04  2.30747918e+00 
 6.19960000e-04  2.31017035e+00 
 6.20960000e-04  2.31285884e+00 
 6.21960000e-04  2.31554464e+00 
 6.22960000e-04  2.31822775e+00 
 6.23960000e-04  2.32090818e+00 
 6.24960000e-04  2.32358594e+00 
 6.25960000e-04  2.32626101e+00 
 6.26960000e-04  2.32893342e+00 
 6.27960000e-04  2.33160315e+00 
 6.28960000e-04  2.33427021e+00 
 6.29960000e-04  2.33693461e+00 
 6.30960000e-04  2.33959634e+00 
 6.31960000e-04  2.34225542e+00 
 6.32960000e-04  2.34491183e+00 
 6.33960000e-04  2.34756559e+00 
 6.34960000e-04  2.35021670e+00 
 6.35960000e-04  2.35286516e+00 
 6.36960000e-04  2.35551097e+00 
 6.37960000e-04  2.35815414e+00 
 6.38960000e-04  2.36079467e+00 
 6.39960000e-04  2.36343255e+00 
 6.40960000e-04  2.36606780e+00 
 6.41960000e-04  2.36870042e+00 
 6.42960000e-04  2.37133040e+00 
 6.43960000e-04  2.37395776e+00 
 6.44960000e-04  2.37658249e+00 
 6.45960000e-04  2.37920460e+00 
 6.46960000e-04  2.38182408e+00 
 6.47960000e-04  2.38444095e+00 
 6.48960000e-04  2.38705520e+00 
 6.49960000e-04  2.38966684e+00 
 6.50960000e-04  2.39227587e+00 
 6.51960000e-04  2.39488229e+00 
 6.52960000e-04  2.39748611e+00 
 6.53960000e-04  2.40008732e+00 
 6.54960000e-04  2.40268593e+00 
 6.55960000e-04  2.40528195e+00 
 6.56960000e-04  2.40787537e+00 
 6.57960000e-04  2.41046620e+00 
 6.58960000e-04  2.41305444e+00 
 6.59960000e-04  2.41564009e+00 
 6.60960000e-04  2.41822316e+00 
 6.61960000e-04  2.42080365e+00 
 6.62960000e-04  2.42338155e+00 
 6.63960000e-04  2.42595688e+00 
 6.64960000e-04  2.42852964e+00 
 6.65960000e-04  2.43109983e+00 
 6.66960000e-04  2.43366744e+00 
 6.67960000e-04  2.43623249e+00 
 6.68960000e-04  2.43879498e+00 
 6.69960000e-04  2.44135490e+00 
 6.70960000e-04  2.44391227e+00 
 6.71960000e-04  2.44646708e+00 
 6.72960000e-04  2.44901934e+00 
 6.73960000e-04  2.45156904e+00 
 6.74960000e-04  2.45411620e+00 
 6.75960000e-04  2.45666081e+00 
 6.76960000e-04  2.45920288e+00 
 6.77960000e-04  2.46174241e+00 
 6.78960000e-04  2.46427940e+00 
 6.79960000e-04  2.46681385e+00 
 6.80960000e-04  2.46934577e+00 
 6.81960000e-04  2.47187516e+00 
 6.82960000e-04  2.47440202e+00 
 6.83960000e-04  2.47692636e+00 
 6.84960000e-04  2.47944817e+00 
 6.85960000e-04  2.48196746e+00 
 6.86960000e-04  2.48448424e+00 
 6.87960000e-04  2.48699850e+00 
 6.88960000e-04  2.48951024e+00 
 6.89960000e-04  2.49201948e+00 
 6.90960000e-04  2.49452620e+00 
 6.91960000e-04  2.49703042e+00 
 6.92960000e-04  2.49953214e+00 
 6.93960000e-04  2.50203136e+00 
 6.94960000e-04  2.50452808e+00 
 6.95960000e-04  2.50702231e+00 
 6.96960000e-04  2.50951404e+00 
 6.97960000e-04  2.51200328e+00 
 6.98960000e-04  2.51449003e+00 
 6.99960000e-04  2.51697430e+00 
 7.00960000e-04  2.51945609e+00 
 7.01960000e-04  2.52193539e+00 
 7.02960000e-04  2.52441222e+00 
 7.03960000e-04  2.52688657e+00 
 7.04960000e-04  2.52935844e+00 
 7.05960000e-04  2.53182785e+00 
 7.06960000e-04  2.53429479e+00 
 7.07960000e-04  2.53675926e+00 
 7.08960000e-04  2.53922127e+00 
 7.09960000e-04  2.54168082e+00 
 7.10960000e-04  2.54413791e+00 
 7.11960000e-04  2.54659255e+00 
 7.12960000e-04  2.54904473e+00 
 7.13960000e-04  2.55149446e+00 
 7.14960000e-04  2.55394174e+00 
 7.15960000e-04  2.55638658e+00 
 7.16960000e-04  2.55882897e+00 
 7.17960000e-04  2.56126892e+00 
 7.18960000e-04  2.56370643e+00 
 7.19960000e-04  2.56614151e+00 
 7.20960000e-04  2.56857415e+00 
 7.21960000e-04  2.57100436e+00 
 7.22960000e-04  2.57343214e+00 
 7.23960000e-04  2.57585750e+00 
 7.24960000e-04  2.57828043e+00 
 7.25960000e-04  2.58070094e+00 
 7.26960000e-04  2.58311903e+00 
 7.27960000e-04  2.58553470e+00 
 7.28960000e-04  2.58794796e+00 
 7.29960000e-04  2.59035881e+00 
 7.30960000e-04  2.59276724e+00 
 7.31960000e-04  2.59517327e+00 
 7.32960000e-04  2.59757690e+00 
 7.33960000e-04  2.59997812e+00 
 7.34960000e-04  2.60237694e+00 
 7.35960000e-04  2.60477337e+00 
 7.36960000e-04  2.60716740e+00 
 7.37960000e-04  2.60955903e+00 
 7.38960000e-04  2.61194828e+00 
 7.39960000e-04  2.61433514e+00 
 7.40960000e-04  2.61671961e+00 
 7.41960000e-04  2.61910170e+00 
 7.42960000e-04  2.62148141e+00 
 7.43960000e-04  2.62385874e+00 
 7.44960000e-04  2.62623369e+00 
 7.45960000e-04  2.62860627e+00 
 7.46960000e-04  2.63097648e+00 
 7.47960000e-04  2.63334432e+00 
 7.48960000e-04  2.63570979e+00 
 7.49960000e-04  2.63807290e+00 
 7.50960000e-04  2.64043365e+00 
 7.51960000e-04  2.64279204e+00 
 7.52960000e-04  2.64514807e+00 
 7.53960000e-04  2.64750174e+00 
 7.54960000e-04  2.64985306e+00 
 7.55960000e-04  2.65220204e+00 
 7.56960000e-04  2.65454866e+00 
 7.57960000e-04  2.65689294e+00 
 7.58960000e-04  2.65923488e+00 
 7.59960000e-04  2.66157447e+00 
 7.60960000e-04  2.66391173e+00 
 7.61960000e-04  2.66624665e+00 
 7.62960000e-04  2.66857924e+00 
 7.63960000e-04  2.67090949e+00 
 7.64960000e-04  2.67323742e+00 
 7.65960000e-04  2.67556302e+00 
 7.66960000e-04  2.67788629e+00 
 7.67960000e-04  2.68020725e+00 
 7.68960000e-04  2.68252588e+00 
 7.69960000e-04  2.68484220e+00 
 7.70960000e-04  2.68715620e+00 
 7.71960000e-04  2.68946789e+00 
 7.72960000e-04  2.69177726e+00 
 7.73960000e-04  2.69408433e+00 
 7.74960000e-04  2.69638910e+00 
 7.75960000e-04  2.69869156e+00 
 7.76960000e-04  2.70099171e+00 
 7.77960000e-04  2.70328957e+00 
 7.78960000e-04  2.70558514e+00 
 7.79960000e-04  2.70787840e+00 
 7.80960000e-04  2.71016938e+00 
 7.81960000e-04  2.71245807e+00 
 7.82960000e-04  2.71474447e+00 
 7.83960000e-04  2.71702858e+00 
 7.84960000e-04  2.71931041e+00 
 7.85960000e-04  2.72158996e+00 
 7.86960000e-04  2.72386723e+00 
 7.87960000e-04  2.72614223e+00 
 7.88960000e-04  2.72841495e+00 
 7.89960000e-04  2.73068540e+00 
 7.90960000e-04  2.73295358e+00 
 7.91960000e-04  2.73521949e+00 
 7.92960000e-04  2.73748314e+00 
 7.93960000e-04  2.73974453e+00 
 7.94960000e-04  2.74200365e+00 
 7.95960000e-04  2.74426052e+00 
 7.96960000e-04  2.74651513e+00 
 7.97960000e-04  2.74876749e+00 
 7.98960000e-04  2.75101760e+00 
 7.99960000e-04  2.75326546e+00 
 8.00960000e-04  2.75551107e+00 
 8.01960000e-04  2.75775444e+00 
 8.02960000e-04  2.75999556e+00 
 8.03960000e-04  2.76223445e+00 
 8.04960000e-04  2.76447109e+00 
 8.05960000e-04  2.76670550e+00 
 8.06960000e-04  2.76893768e+00 
 8.07960000e-04  2.77116763e+00 
 8.08960000e-04  2.77339535e+00 
 8.09960000e-04  2.77562084e+00 
 8.10960000e-04  2.77784411e+00 
 8.11960000e-04  2.78006515e+00 
 8.12960000e-04  2.78228398e+00 
 8.13960000e-04  2.78450059e+00 
 8.14960000e-04  2.78671498e+00 
 8.15960000e-04  2.78892716e+00 
 8.16960000e-04  2.79113713e+00 
 8.17960000e-04  2.79334488e+00 
 8.18960000e-04  2.79555044e+00 
 8.19960000e-04  2.79775378e+00 
 8.20960000e-04  2.79995493e+00 
 8.21960000e-04  2.80215388e+00 
 8.22960000e-04  2.80435062e+00 
 8.23960000e-04  2.80654518e+00 
 8.24960000e-04  2.80873753e+00 
 8.25960000e-04  2.81092770e+00 
 8.26960000e-04  2.81311568e+00 
 8.27960000e-04  2.81530147e+00 
 8.28960000e-04  2.81748508e+00 
 8.29960000e-04  2.81966650e+00 
 8.30960000e-04  2.82184575e+00 
 8.31960000e-04  2.82402281e+00 
 8.32960000e-04  2.82619770e+00 
 8.33960000e-04  2.82837042e+00 
 8.34960000e-04  2.83054096e+00 
 8.35960000e-04  2.83270934e+00 
 8.36960000e-04  2.83487554e+00 
 8.37960000e-04  2.83703959e+00 
 8.38960000e-04  2.83920147e+00 
 8.39960000e-04  2.84136119e+00 
 8.40960000e-04  2.84351875e+00 
 8.41960000e-04  2.84567415e+00 
 8.42960000e-04  2.84782740e+00 
 8.43960000e-04  2.84997850e+00 
 8.44960000e-04  2.85212744e+00 
 8.45960000e-04  2.85427424e+00 
 8.46960000e-04  2.85641889e+00 
 8.47960000e-04  2.85856140e+00 
 8.48960000e-04  2.86070177e+00 
 8.49960000e-04  2.86284000e+00 
 8.50960000e-04  2.86497609e+00 
 8.51960000e-04  2.86711005e+00 
 8.52960000e-04  2.86924187e+00 
 8.53960000e-04  2.87137157e+00 
 8.54960000e-04  2.87349913e+00 
 8.55960000e-04  2.87562457e+00 
 8.56960000e-04  2.87774788e+00 
 8.57960000e-04  2.87986908e+00 
 8.58960000e-04  2.88198815e+00 
 8.59960000e-04  2.88410510e+00 
 8.60960000e-04  2.88621994e+00 
 8.61960000e-04  2.88833266e+00 
 8.62960000e-04  2.89044327e+00 
 8.63960000e-04  2.89255178e+00 
 8.64960000e-04  2.89465817e+00 
 8.65960000e-04  2.89676246e+00 
 8.66960000e-04  2.89886465e+00 
 8.67960000e-04  2.90096473e+00 
 8.68960000e-04  2.90306272e+00 
 8.69960000e-04  2.90515861e+00 
 8.70960000e-04  2.90725240e+00 
 8.71960000e-04  2.90934411e+00 
 8.72960000e-04  2.91143372e+00 
 8.73960000e-04  2.91352124e+00 
 8.74960000e-04  2.91560667e+00 
 8.75960000e-04  2.91769003e+00 
 8.76960000e-04  2.91977130e+00 
 8.77960000e-04  2.92185048e+00 
 8.78960000e-04  2.92392760e+00 
 8.79960000e-04  2.92600263e+00 
 8.80960000e-04  2.92807559e+00 
 8.81960000e-04  2.93014648e+00 
 8.82960000e-04  2.93221530e+00 
 8.83960000e-04  2.93428205e+00 
 8.84960000e-04  2.93634674e+00 
 8.85960000e-04  2.93840936e+00 
 8.86960000e-04  2.94046992e+00 
 8.87960000e-04  2.94252842e+00 
 8.88960000e-04  2.94458486e+00 
 8.89960000e-04  2.94663925e+00 
 8.90960000e-04  2.94869159e+00 
 8.91960000e-04  2.95074187e+00 
 8.92960000e-04  2.95279010e+00 
 8.93960000e-04  2.95483629e+00 
 8.94960000e-04  2.95688043e+00 
 8.95960000e-04  2.95892253e+00 
 8.96960000e-04  2.96096259e+00 
 8.97960000e-04  2.96300061e+00 
 8.98960000e-04  2.96503659e+00 
 8.99960000e-04  2.96707053e+00 
 9.00960000e-04  2.96910245e+00 
 9.01960000e-04  2.97113233e+00 
 9.02960000e-04  2.97316018e+00 
 9.03960000e-04  2.97518601e+00 
 9.04960000e-04  2.97720981e+00 
 9.05960000e-04  2.97923159e+00 
 9.06960000e-04  2.98125135e+00 
 9.07960000e-04  2.98326909e+00 
 9.08960000e-04  2.98528481e+00 
 9.09960000e-04  2.98729852e+00 
 9.10960000e-04  2.98931022e+00 
 9.11960000e-04  2.99131990e+00 
 9.12960000e-04  2.99332758e+00 
 9.13960000e-04  2.99533325e+00 
 9.14960000e-04  2.99733691e+00 
 9.15960000e-04  2.99933857e+00 
 9.16960000e-04  3.00133824e+00 
 9.17960000e-04  3.00333590e+00 
 9.18960000e-04  3.00533157e+00 
 9.19960000e-04  3.00732524e+00 
 9.20960000e-04  3.00931692e+00 
 9.21960000e-04  3.01130660e+00 
 9.22960000e-04  3.01329430e+00 
 9.23960000e-04  3.01528002e+00 
 9.24960000e-04  3.01726375e+00 
 9.25960000e-04  3.01924549e+00 
 9.26960000e-04  3.02122526e+00 
 9.27960000e-04  3.02320304e+00 
 9.28960000e-04  3.02517885e+00 
 9.29960000e-04  3.02715268e+00 
 9.30960000e-04  3.02912455e+00 
 9.31960000e-04  3.03109444e+00 
 9.32960000e-04  3.03306236e+00 
 9.33960000e-04  3.03502831e+00 
 9.34960000e-04  3.03699230e+00 
 9.35960000e-04  3.03895433e+00 
 9.36960000e-04  3.04091439e+00 
 9.37960000e-04  3.04287250e+00 
 9.38960000e-04  3.04482865e+00 
 9.39960000e-04  3.04678284e+00 
 9.40960000e-04  3.04873509e+00 
 9.41960000e-04  3.05068538e+00 
 9.42960000e-04  3.05263372e+00 
 9.43960000e-04  3.05458011e+00 
 9.44960000e-04  3.05652456e+00 
 9.45960000e-04  3.05846706e+00 
 9.46960000e-04  3.06040762e+00 
 9.47960000e-04  3.06234625e+00 
 9.48960000e-04  3.06428293e+00 
 9.49960000e-04  3.06621768e+00 
 9.50960000e-04  3.06815050e+00 
 9.51960000e-04  3.07008138e+00 
 9.52960000e-04  3.07201034e+00 
 9.53960000e-04  3.07393736e+00 
 9.54960000e-04  3.07586246e+00 
 9.55960000e-04  3.07778564e+00 
 9.56960000e-04  3.07970689e+00 
 9.57960000e-04  3.08162623e+00 
 9.58960000e-04  3.08354364e+00 
 9.59960000e-04  3.08545914e+00 
 9.60960000e-04  3.08737272e+00 
 9.61960000e-04  3.08928439e+00 
 9.62960000e-04  3.09119416e+00 
 9.63960000e-04  3.09310201e+00 
 9.64960000e-04  3.09500795e+00 
 9.65960000e-04  3.09691199e+00 
 9.66960000e-04  3.09881413e+00 
 9.67960000e-04  3.10071436e+00 
 9.68960000e-04  3.10261270e+00 
 9.69960000e-04  3.10450914e+00 
 9.70960000e-04  3.10640368e+00 
 9.71960000e-04  3.10829633e+00 
 9.72960000e-04  3.11018709e+00 
 9.73960000e-04  3.11207596e+00 
 9.74960000e-04  3.11396294e+00 
 9.75960000e-04  3.11584804e+00 
 9.76960000e-04  3.11773125e+00 
 9.77960000e-04  3.11961257e+00 
 9.78960000e-04  3.12149202e+00 
 9.79960000e-04  3.12336959e+00 
 9.80960000e-04  3.12524528e+00 
 9.81960000e-04  3.12711910e+00 
 9.82960000e-04  3.12899105e+00 
 9.83960000e-04  3.13086112e+00 
 9.84960000e-04  3.13272932e+00 
 9.85960000e-04  3.13459566e+00 
 9.86960000e-04  3.13646013e+00 
 9.87960000e-04  3.13832274e+00 
 9.88960000e-04  3.14018349e+00 
 9.89960000e-04  3.14204238e+00 
 9.90960000e-04  3.14389941e+00 
 9.91960000e-04  3.14575458e+00 
 9.92960000e-04  3.14760790e+00 
 9.93960000e-04  3.14945936e+00 
 9.94960000e-04  3.15130898e+00 
 9.95960000e-04  3.15315675e+00 
 9.96960000e-04  3.15500267e+00 
 9.97960000e-04  3.15684674e+00 
 9.98960000e-04  3.15868898e+00 
 9.99960000e-04  3.16052937e+00 
 1.00096000e-03  3.16236792e+00 
 1.00196000e-03  3.16420463e+00 
 1.00296000e-03  3.16603951e+00 
 1.00396000e-03  3.16787255e+00 
 1.00496000e-03  3.16970376e+00 
 1.00596000e-03  3.17153315e+00 
 1.00696000e-03  3.17336070e+00 
 1.00796000e-03  3.17518643e+00 
 1.00896000e-03  3.17701033e+00 
 1.00996000e-03  3.17883241e+00 
 1.01096000e-03  3.18065266e+00 
 1.01196000e-03  3.18247110e+00 
 1.01296000e-03  3.18428772e+00 
 1.01396000e-03  3.18610253e+00 
 1.01496000e-03  3.18791552e+00 
 1.01596000e-03  3.18972670e+00 
 1.01696000e-03  3.19153607e+00 
 1.01796000e-03  3.19334363e+00 
 1.01896000e-03  3.19514938e+00 
 1.01996000e-03  3.19695333e+00 
 1.02096000e-03  3.19875547e+00 
 1.02196000e-03  3.20055582e+00 
 1.02296000e-03  3.20235436e+00 
 1.02396000e-03  3.20415111e+00 
 1.02496000e-03  3.20594606e+00 
 1.02596000e-03  3.20773922e+00 
 1.02696000e-03  3.20953058e+00 
 1.02796000e-03  3.21132016e+00 
 1.02896000e-03  3.21310794e+00 
 1.02996000e-03  3.21489394e+00 
 1.03096000e-03  3.21667816e+00 
 1.03196000e-03  3.21846059e+00 
 1.03296000e-03  3.22024124e+00 
 1.03396000e-03  3.22202011e+00 
 1.03496000e-03  3.22379720e+00 
 1.03596000e-03  3.22557251e+00 
 1.03696000e-03  3.22734605e+00 
 1.03796000e-03  3.22911782e+00 
 1.03896000e-03  3.23088782e+00 
 1.03996000e-03  3.23265605e+00 
 1.04096000e-03  3.23442251e+00 
 1.04196000e-03  3.23618720e+00 
 1.04296000e-03  3.23795013e+00 
 1.04396000e-03  3.23971130e+00 
 1.04496000e-03  3.24147071e+00 
 1.04596000e-03  3.24322836e+00 
 1.04696000e-03  3.24498426e+00 
 1.04796000e-03  3.24673840e+00 
 1.04896000e-03  3.24849078e+00 
 1.04996000e-03  3.25024141e+00 
 1.05096000e-03  3.25199030e+00 
 1.05196000e-03  3.25373743e+00 
 1.05296000e-03  3.25548282e+00 
 1.05396000e-03  3.25722647e+00 
 1.05496000e-03  3.25896837e+00 
 1.05596000e-03  3.26070853e+00 
 1.05696000e-03  3.26244696e+00 
 1.05796000e-03  3.26418364e+00 
 1.05896000e-03  3.26591859e+00 
 1.05996000e-03  3.26765180e+00 
 1.06096000e-03  3.26938329e+00 
 1.06196000e-03  3.27111304e+00 
 1.06296000e-03  3.27284106e+00 
 1.06396000e-03  3.27456736e+00 
 1.06496000e-03  3.27629193e+00 
 1.06596000e-03  3.27801477e+00 
 1.06696000e-03  3.27973590e+00 
 1.06796000e-03  3.28145530e+00 
 1.06896000e-03  3.28317299e+00 
 1.06996000e-03  3.28488896e+00 
 1.07096000e-03  3.28660321e+00 
 1.07196000e-03  3.28831575e+00 
 1.07296000e-03  3.29002658e+00 
 1.07396000e-03  3.29173570e+00 
 1.07496000e-03  3.29344311e+00 
 1.07596000e-03  3.29514882e+00 
 1.07696000e-03  3.29685281e+00 
 1.07796000e-03  3.29855511e+00 
 1.07896000e-03  3.30025571e+00 
 1.07996000e-03  3.30195460e+00 
 1.08096000e-03  3.30365180e+00 
 1.08196000e-03  3.30534730e+00 
 1.08296000e-03  3.30704110e+00 
 1.08396000e-03  3.30873322e+00 
 1.08496000e-03  3.31042364e+00 
 1.08596000e-03  3.31211237e+00 
 1.08696000e-03  3.31379941e+00 
 1.08796000e-03  3.31548477e+00 
 1.08896000e-03  3.31716845e+00 
 1.08996000e-03  3.31885044e+00 
 1.09096000e-03  3.32053075e+00 
 1.09196000e-03  3.32220938e+00 
 1.09296000e-03  3.32388633e+00 
 1.09396000e-03  3.32556160e+00 
 1.09496000e-03  3.32723520e+00 
 1.09596000e-03  3.32890713e+00 
 1.09696000e-03  3.33057739e+00 
 1.09796000e-03  3.33224598e+00 
 1.09896000e-03  3.33391290e+00 
 1.09996000e-03  3.33557815e+00 
 1.10096000e-03  3.33724174e+00 
 1.10196000e-03  3.33890367e+00 
 1.10296000e-03  3.34056394e+00 
 1.10396000e-03  3.34222255e+00 
 1.10496000e-03  3.34387949e+00 
 1.10596000e-03  3.34553479e+00 
 1.10696000e-03  3.34718843e+00 
 1.10796000e-03  3.34884041e+00 
 1.10896000e-03  3.35049075e+00 
 1.10996000e-03  3.35213943e+00 
 1.11096000e-03  3.35378647e+00 
 1.11196000e-03  3.35543186e+00 
 1.11296000e-03  3.35707560e+00 
 1.11396000e-03  3.35871771e+00 
 1.11496000e-03  3.36035817e+00 
 1.11596000e-03  3.36199699e+00 
 1.11696000e-03  3.36363418e+00 
 1.11796000e-03  3.36526972e+00 
 1.11896000e-03  3.36690364e+00 
 1.11996000e-03  3.36853592e+00 
 1.12096000e-03  3.37016657e+00 
 1.12196000e-03  3.37179559e+00 
 1.12296000e-03  3.37342298e+00 
 1.12396000e-03  3.37504874e+00 
 1.12496000e-03  3.37667288e+00 
 1.12596000e-03  3.37829540e+00 
 1.12696000e-03  3.37991629e+00 
 1.12796000e-03  3.38153556e+00 
 1.12896000e-03  3.38315322e+00 
 1.12996000e-03  3.38476926e+00 
 1.13096000e-03  3.38638368e+00 
 1.13196000e-03  3.38799649e+00 
 1.13296000e-03  3.38960769e+00 
 1.13396000e-03  3.39121728e+00 
 1.13496000e-03  3.39282526e+00 
 1.13596000e-03  3.39443163e+00 
 1.13696000e-03  3.39603639e+00 
 1.13796000e-03  3.39763956e+00 
 1.13896000e-03  3.39924112e+00 
 1.13996000e-03  3.40084107e+00 
 1.14096000e-03  3.40243943e+00 
 1.14196000e-03  3.40403620e+00 
 1.14296000e-03  3.40563136e+00 
 1.14396000e-03  3.40722493e+00 
 1.14496000e-03  3.40881691e+00 
 1.14596000e-03  3.41040730e+00 
 1.14696000e-03  3.41199610e+00 
 1.14796000e-03  3.41358331e+00 
 1.14896000e-03  3.41516893e+00 
 1.14996000e-03  3.41675297e+00 
 1.15096000e-03  3.41833543e+00 
 1.15196000e-03  3.41991630e+00 
 1.15296000e-03  3.42149560e+00 
 1.15396000e-03  3.42307331e+00 
 1.15496000e-03  3.42464945e+00 
 1.15596000e-03  3.42622401e+00 
 1.15696000e-03  3.42779700e+00 
 1.15796000e-03  3.42936842e+00 
 1.15896000e-03  3.43093827e+00 
 1.15996000e-03  3.43250655e+00 
 1.16096000e-03  3.43407326e+00 
 1.16196000e-03  3.43563840e+00 
 1.16296000e-03  3.43720198e+00 
 1.16396000e-03  3.43876400e+00 
 1.16496000e-03  3.44032445e+00 
 1.16596000e-03  3.44188335e+00 
 1.16696000e-03  3.44344069e+00 
 1.16796000e-03  3.44499647e+00 
 1.16896000e-03  3.44655069e+00 
 1.16996000e-03  3.44810337e+00 
 1.17096000e-03  3.44965449e+00 
 1.17196000e-03  3.45120406e+00 
 1.17296000e-03  3.45275208e+00 
 1.17396000e-03  3.45429856e+00 
 1.17496000e-03  3.45584348e+00 
 1.17596000e-03  3.45738687e+00 
 1.17696000e-03  3.45892871e+00 
 1.17796000e-03  3.46046901e+00 
 1.17896000e-03  3.46200777e+00 
 1.17996000e-03  3.46354500e+00 
 1.18096000e-03  3.46508068e+00 
 1.18196000e-03  3.46661484e+00 
 1.18296000e-03  3.46814746e+00 
 1.18396000e-03  3.46967854e+00 
 1.18496000e-03  3.47120810e+00 
 1.18596000e-03  3.47273613e+00 
 1.18696000e-03  3.47426263e+00 
 1.18796000e-03  3.47578760e+00 
 1.18896000e-03  3.47731105e+00 
 1.18996000e-03  3.47883298e+00 
 1.19096000e-03  3.48035339e+00 
 1.19196000e-03  3.48187228e+00 
 1.19296000e-03  3.48338964e+00 
 1.19396000e-03  3.48490550e+00 
 1.19496000e-03  3.48641983e+00 
 1.19596000e-03  3.48793266e+00 
 1.19696000e-03  3.48944397e+00 
 1.19796000e-03  3.49095377e+00 
 1.19896000e-03  3.49246206e+00 
 1.19996000e-03  3.49396885e+00 
 1.20096000e-03  3.49547413e+00 
 1.20196000e-03  3.49697790e+00 
 1.20296000e-03  3.49848017e+00 
 1.20396000e-03  3.49998094e+00 
 1.20496000e-03  3.50148021e+00 
 1.20596000e-03  3.50297798e+00 
 1.20696000e-03  3.50447425e+00 
 1.20796000e-03  3.50596903e+00 
 1.20896000e-03  3.50746232e+00 
 1.20996000e-03  3.50895411e+00 
 1.21096000e-03  3.51044441e+00 
 1.21196000e-03  3.51193322e+00 
 1.21296000e-03  3.51342054e+00 
 1.21396000e-03  3.51490638e+00 
 1.21496000e-03  3.51639073e+00 
 1.21596000e-03  3.51787360e+00 
 1.21696000e-03  3.51935499e+00 
 1.21796000e-03  3.52083489e+00 
 1.21896000e-03  3.52231332e+00 
 1.21996000e-03  3.52379026e+00 
 1.22096000e-03  3.52526574e+00 
 1.22196000e-03  3.52673973e+00 
 1.22296000e-03  3.52821226e+00 
 1.22396000e-03  3.52968331e+00 
 1.22496000e-03  3.53115289e+00 
 1.22596000e-03  3.53262101e+00 
 1.22696000e-03  3.53408765e+00 
 1.22796000e-03  3.53555283e+00 
 1.22896000e-03  3.53701655e+00 
 1.22996000e-03  3.53847880e+00 
 1.23096000e-03  3.53993959e+00 
 1.23196000e-03  3.54139892e+00 
 1.23296000e-03  3.54285679e+00 
 1.23396000e-03  3.54431321e+00 
 1.23496000e-03  3.54576817e+00 
 1.23596000e-03  3.54722167e+00 
 1.23696000e-03  3.54867372e+00 
 1.23796000e-03  3.55012432e+00 
 1.23896000e-03  3.55157348e+00 
 1.23996000e-03  3.55302118e+00 
 1.24096000e-03  3.55446743e+00 
 1.24196000e-03  3.55591224e+00 
 1.24296000e-03  3.55735561e+00 
 1.24396000e-03  3.55879753e+00 
 1.24496000e-03  3.56023802e+00 
 1.24596000e-03  3.56167706e+00 
 1.24696000e-03  3.56311466e+00 
 1.24796000e-03  3.56455083e+00 
 1.24896000e-03  3.56598556e+00 
 1.24996000e-03  3.56741886e+00 
 1.25096000e-03  3.56885072e+00 
 1.25196000e-03  3.57028116e+00 
 1.25296000e-03  3.57171016e+00 
 1.25396000e-03  3.57313774e+00 
 1.25496000e-03  3.57456389e+00 
 1.25596000e-03  3.57598861e+00 
 1.25696000e-03  3.57741191e+00 
 1.25796000e-03  3.57883379e+00 
 1.25896000e-03  3.58025424e+00 
 1.25996000e-03  3.58167328e+00 
 1.26096000e-03  3.58309090e+00 
 1.26196000e-03  3.58450710e+00 
 1.26296000e-03  3.58592189e+00 
 1.26396000e-03  3.58733526e+00 
 1.26496000e-03  3.58874722e+00 
 1.26596000e-03  3.59015776e+00 
 1.26696000e-03  3.59156690e+00 
 1.26796000e-03  3.59297463e+00 
 1.26896000e-03  3.59438095e+00 
 1.26996000e-03  3.59578587e+00 
 1.27096000e-03  3.59718938e+00 
 1.27196000e-03  3.59859149e+00 
 1.27296000e-03  3.59999220e+00 
 1.27396000e-03  3.60139151e+00 
 1.27496000e-03  3.60278942e+00 
 1.27596000e-03  3.60418593e+00 
 1.27696000e-03  3.60558105e+00 
 1.27796000e-03  3.60697477e+00 
 1.27896000e-03  3.60836710e+00 
 1.27996000e-03  3.60975803e+00 
 1.28096000e-03  3.61114758e+00 
 1.28196000e-03  3.61253574e+00 
 1.28296000e-03  3.61392251e+00 
 1.28396000e-03  3.61530790e+00 
 1.28496000e-03  3.61669190e+00 
 1.28596000e-03  3.61807451e+00 
 1.28696000e-03  3.61945575e+00 
 1.28796000e-03  3.62083560e+00 
 1.28896000e-03  3.62221408e+00 
 1.28996000e-03  3.62359117e+00 
 1.29096000e-03  3.62496690e+00 
 1.29196000e-03  3.62634124e+00 
 1.29296000e-03  3.62771421e+00 
 1.29396000e-03  3.62908581e+00 
 1.29496000e-03  3.63045604e+00 
 1.29596000e-03  3.63182490e+00 
 1.29696000e-03  3.63319239e+00 
 1.29796000e-03  3.63455852e+00 
 1.29896000e-03  3.63592328e+00 
 1.29996000e-03  3.63728667e+00 
 1.30096000e-03  3.63864870e+00 
 1.30196000e-03  3.64000938e+00 
 1.30296000e-03  3.64136869e+00 
 1.30396000e-03  3.64272664e+00 
 1.30496000e-03  3.64408323e+00 
 1.30596000e-03  3.64543847e+00 
 1.30696000e-03  3.64679236e+00 
 1.30796000e-03  3.64814489e+00 
 1.30896000e-03  3.64949607e+00 
 1.30996000e-03  3.65084590e+00 
 1.31096000e-03  3.65219438e+00 
 1.31196000e-03  3.65354151e+00 
 1.31296000e-03  3.65488729e+00 
 1.31396000e-03  3.65623174e+00 
 1.31496000e-03  3.65757483e+00 
 1.31596000e-03  3.65891659e+00 
 1.31696000e-03  3.66025700e+00 
 1.31796000e-03  3.66159607e+00 
 1.31896000e-03  3.66293381e+00 
 1.31996000e-03  3.66427021e+00 
 1.32096000e-03  3.66560527e+00 
 1.32196000e-03  3.66693900e+00 
 1.32296000e-03  3.66827139e+00 
 1.32396000e-03  3.66960245e+00 
 1.32496000e-03  3.67093219e+00 
 1.32596000e-03  3.67226059e+00 
 1.32696000e-03  3.67358767e+00 
 1.32796000e-03  3.67491342e+00 
 1.32896000e-03  3.67623784e+00 
 1.32996000e-03  3.67756094e+00 
 1.33096000e-03  3.67888272e+00 
 1.33196000e-03  3.68020318e+00 
 1.33296000e-03  3.68152231e+00 
 1.33396000e-03  3.68284013e+00 
 1.33496000e-03  3.68415663e+00 
 1.33596000e-03  3.68547182e+00 
 1.33696000e-03  3.68678569e+00 
 1.33796000e-03  3.68809825e+00 
 1.33896000e-03  3.68940949e+00 
 1.33996000e-03  3.69071943e+00 
 1.34096000e-03  3.69202806e+00 
 1.34196000e-03  3.69333537e+00 
 1.34296000e-03  3.69464139e+00 
 1.34396000e-03  3.69594609e+00 
 1.34496000e-03  3.69724949e+00 
 1.34596000e-03  3.69855159e+00 
 1.34696000e-03  3.69985239e+00 
 1.34796000e-03  3.70115189e+00 
 1.34896000e-03  3.70245009e+00 
 1.34996000e-03  3.70374699e+00 
 1.35096000e-03  3.70504260e+00 
 1.35196000e-03  3.70633691e+00 
 1.35296000e-03  3.70762992e+00 
 1.35396000e-03  3.70892165e+00 
 1.35496000e-03  3.71021208e+00 
 1.35596000e-03  3.71150122e+00 
 1.35696000e-03  3.71278908e+00 
 1.35796000e-03  3.71407565e+00 
 1.35896000e-03  3.71536093e+00 
 1.35996000e-03  3.71664492e+00 
 1.36096000e-03  3.71792764e+00 
 1.36196000e-03  3.71920907e+00 
 1.36296000e-03  3.72048922e+00 
 1.36396000e-03  3.72176809e+00 
 1.36496000e-03  3.72304569e+00 
 1.36596000e-03  3.72432200e+00 
 1.36696000e-03  3.72559704e+00 
 1.36796000e-03  3.72687081e+00 
 1.36896000e-03  3.72814330e+00 
 1.36996000e-03  3.72941452e+00 
 1.37096000e-03  3.73068447e+00 
 1.37196000e-03  3.73195315e+00 
 1.37296000e-03  3.73322057e+00 
 1.37396000e-03  3.73448671e+00 
 1.37496000e-03  3.73575159e+00 
 1.37596000e-03  3.73701521e+00 
 1.37696000e-03  3.73827756e+00 
 1.37796000e-03  3.73953866e+00 
 1.37896000e-03  3.74079849e+00 
 1.37996000e-03  3.74205706e+00 
 1.38096000e-03  3.74331437e+00 
 1.38196000e-03  3.74457043e+00 
 1.38296000e-03  3.74582523e+00 
 1.38396000e-03  3.74707878e+00 
 1.38496000e-03  3.74833108e+00 
 1.38596000e-03  3.74958212e+00 
 1.38696000e-03  3.75083191e+00 
 1.38796000e-03  3.75208046e+00 
 1.38896000e-03  3.75332775e+00 
 1.38996000e-03  3.75457380e+00 
 1.39096000e-03  3.75581861e+00 
 1.39196000e-03  3.75706217e+00 
 1.39296000e-03  3.75830448e+00 
 1.39396000e-03  3.75954556e+00 
 1.39496000e-03  3.76078539e+00 
 1.39596000e-03  3.76202399e+00 
 1.39696000e-03  3.76326134e+00 
 1.39796000e-03  3.76449747e+00 
 1.39896000e-03  3.76573235e+00 
 1.39996000e-03  3.76696600e+00 
 1.40096000e-03  3.76819842e+00 
 1.40196000e-03  3.76942960e+00 
 1.40296000e-03  3.77065956e+00 
 1.40396000e-03  3.77188829e+00 
 1.40496000e-03  3.77311578e+00 
 1.40596000e-03  3.77434206e+00 
 1.40696000e-03  3.77556710e+00 
 1.40796000e-03  3.77679092e+00 
 1.40896000e-03  3.77801352e+00 
 1.40996000e-03  3.77923490e+00 
 1.41096000e-03  3.78045505e+00 
 1.41196000e-03  3.78167399e+00 
 1.41296000e-03  3.78289170e+00 
 1.41396000e-03  3.78410820e+00 
 1.41496000e-03  3.78532349e+00 
 1.41596000e-03  3.78653756e+00 
 1.41696000e-03  3.78775041e+00 
 1.41796000e-03  3.78896206e+00 
 1.41896000e-03  3.79017249e+00 
 1.41996000e-03  3.79138171e+00 
 1.42096000e-03  3.79258973e+00 
 1.42196000e-03  3.79379653e+00 
 1.42296000e-03  3.79500213e+00 
 1.42396000e-03  3.79620653e+00 
 1.42496000e-03  3.79740972e+00 
 1.42596000e-03  3.79861171e+00 
 1.42696000e-03  3.79981250e+00 
 1.42796000e-03  3.80101209e+00 
 1.42896000e-03  3.80221047e+00 
 1.42996000e-03  3.80340767e+00 
 1.43096000e-03  3.80460366e+00 
 1.43196000e-03  3.80579846e+00 
 1.43296000e-03  3.80699206e+00 
 1.43396000e-03  3.80818448e+00 
 1.43496000e-03  3.80937570e+00 
 1.43596000e-03  3.81056572e+00 
 1.43696000e-03  3.81175456e+00 
 1.43796000e-03  3.81294222e+00 
 1.43896000e-03  3.81412868e+00 
 1.43996000e-03  3.81531396e+00 
 1.44096000e-03  3.81649805e+00 
 1.44196000e-03  3.81768096e+00 
 1.44296000e-03  3.81886269e+00 
 1.44396000e-03  3.82004324e+00 
 1.44496000e-03  3.82122261e+00 
 1.44596000e-03  3.82240079e+00 
 1.44696000e-03  3.82357781e+00 
 1.44796000e-03  3.82475364e+00 
 1.44896000e-03  3.82592830e+00 
 1.44996000e-03  3.82710178e+00 
 1.45096000e-03  3.82827410e+00 
 1.45196000e-03  3.82944524e+00 
 1.45296000e-03  3.83061521e+00 
 1.45396000e-03  3.83178401e+00 
 1.45496000e-03  3.83295164e+00 
 1.45596000e-03  3.83411810e+00 
 1.45696000e-03  3.83528340e+00 
 1.45796000e-03  3.83644754e+00 
 1.45896000e-03  3.83761051e+00 
 1.45996000e-03  3.83877232e+00 
 1.46096000e-03  3.83993296e+00 
 1.46196000e-03  3.84109245e+00 
 1.46296000e-03  3.84225078e+00 
 1.46396000e-03  3.84340795e+00 
 1.46496000e-03  3.84456396e+00 
 1.46596000e-03  3.84571882e+00 
 1.46696000e-03  3.84687253e+00 
 1.46796000e-03  3.84802508e+00 
 1.46896000e-03  3.84917648e+00 
 1.46996000e-03  3.85032673e+00 
 1.47096000e-03  3.85147582e+00 
 1.47196000e-03  3.85262378e+00 
 1.47296000e-03  3.85377058e+00 
 1.47396000e-03  3.85491623e+00 
 1.47496000e-03  3.85606075e+00 
 1.47596000e-03  3.85720411e+00 
 1.47696000e-03  3.85834634e+00 
 1.47796000e-03  3.85948742e+00 
 1.47896000e-03  3.86062736e+00 
 1.47996000e-03  3.86176617e+00 
 1.48096000e-03  3.86290383e+00 
 1.48196000e-03  3.86404036e+00 
 1.48296000e-03  3.86517575e+00 
 1.48396000e-03  3.86631001e+00 
 1.48496000e-03  3.86744313e+00 
 1.48596000e-03  3.86857512e+00 
 1.48696000e-03  3.86970598e+00 
 1.48796000e-03  3.87083571e+00 
 1.48896000e-03  3.87196431e+00 
 1.48996000e-03  3.87309178e+00 
 1.49096000e-03  3.87421813e+00 
 1.49196000e-03  3.87534335e+00 
 1.49296000e-03  3.87646744e+00 
 1.49396000e-03  3.87759041e+00 
 1.49496000e-03  3.87871226e+00 
 1.49596000e-03  3.87983299e+00 
 1.49696000e-03  3.88095260e+00 
 1.49796000e-03  3.88207109e+00 
 1.49896000e-03  3.88318846e+00 
 1.49996000e-03  3.88430471e+00 
 1.50096000e-03  3.88541985e+00 
 1.50196000e-03  3.88653387e+00 
 1.50296000e-03  3.88764678e+00 
 1.50396000e-03  3.88875858e+00 
 1.50496000e-03  3.88986926e+00 
 1.50596000e-03  3.89097884e+00 
 1.50696000e-03  3.89208731e+00 
 1.50796000e-03  3.89319467e+00 
 1.50896000e-03  3.89430092e+00 
 1.50996000e-03  3.89540606e+00 
 1.51096000e-03  3.89651011e+00 
 1.51196000e-03  3.89761304e+00 
 1.51296000e-03  3.89871488e+00 
 1.51396000e-03  3.89981561e+00 
 1.51496000e-03  3.90091525e+00 
 1.51596000e-03  3.90201378e+00 
 1.51696000e-03  3.90311122e+00 
 1.51796000e-03  3.90420756e+00 
 1.51896000e-03  3.90530281e+00 
 1.51996000e-03  3.90639696e+00 
 1.52096000e-03  3.90749001e+00 
 1.52196000e-03  3.90858198e+00 
 1.52296000e-03  3.90967285e+00 
 1.52396000e-03  3.91076263e+00 
 1.52496000e-03  3.91185133e+00 
 1.52596000e-03  3.91293893e+00 
 1.52696000e-03  3.91402545e+00 
 1.52796000e-03  3.91511088e+00 
 1.52896000e-03  3.91619523e+00 
 1.52996000e-03  3.91727849e+00 
 1.53096000e-03  3.91836067e+00 
 1.53196000e-03  3.91944177e+00 
 1.53296000e-03  3.92052179e+00 
 1.53396000e-03  3.92160073e+00 
 1.53496000e-03  3.92267859e+00 
 1.53596000e-03  3.92375537e+00 
 1.53696000e-03  3.92483108e+00 
 1.53796000e-03  3.92590571e+00 
 1.53896000e-03  3.92697927e+00 
 1.53996000e-03  3.92805175e+00 
 1.54096000e-03  3.92912316e+00 
 1.54196000e-03  3.93019351e+00 
 1.54296000e-03  3.93126278e+00 
 1.54396000e-03  3.93233098e+00 
 1.54496000e-03  3.93339812e+00 
 1.54596000e-03  3.93446418e+00 
 1.54696000e-03  3.93552919e+00 
 1.54796000e-03  3.93659313e+00 
 1.54896000e-03  3.93765600e+00 
 1.54996000e-03  3.93871782e+00 
 1.55096000e-03  3.93977857e+00 
 1.55196000e-03  3.94083826e+00 
 1.55296000e-03  3.94189689e+00 
 1.55396000e-03  3.94295447e+00 
 1.55496000e-03  3.94401098e+00 
 1.55596000e-03  3.94506644e+00 
 1.55696000e-03  3.94612085e+00 
 1.55796000e-03  3.94717420e+00 
 1.55896000e-03  3.94822650e+00 
 1.55996000e-03  3.94927775e+00 
 1.56096000e-03  3.95032795e+00 
 1.56196000e-03  3.95137709e+00 
 1.56296000e-03  3.95242519e+00 
 1.56396000e-03  3.95347224e+00 
 1.56496000e-03  3.95451825e+00 
 1.56596000e-03  3.95556321e+00 
 1.56696000e-03  3.95660712e+00 
 1.56796000e-03  3.95765000e+00 
 1.56896000e-03  3.95869182e+00 
 1.56996000e-03  3.95973261e+00 
 1.57096000e-03  3.96077236e+00 
 1.57196000e-03  3.96181107e+00 
 1.57296000e-03  3.96284874e+00 
 1.57396000e-03  3.96388537e+00 
 1.57496000e-03  3.96492097e+00 
 1.57596000e-03  3.96595553e+00 
 1.57696000e-03  3.96698906e+00 
 1.57796000e-03  3.96802155e+00 
 1.57896000e-03  3.96905301e+00 
 1.57996000e-03  3.97008345e+00 
 1.58096000e-03  3.97111285e+00 
 1.58196000e-03  3.97214122e+00 
 1.58296000e-03  3.97316857e+00 
 1.58396000e-03  3.97419488e+00 
 1.58496000e-03  3.97522018e+00 
 1.58596000e-03  3.97624444e+00 
 1.58696000e-03  3.97726769e+00 
 1.58796000e-03  3.97828991e+00 
 1.58896000e-03  3.97931111e+00 
 1.58996000e-03  3.98033129e+00 
 1.59096000e-03  3.98135045e+00 
 1.59196000e-03  3.98236859e+00 
 1.59296000e-03  3.98338571e+00 
 1.59396000e-03  3.98440182e+00 
 1.59496000e-03  3.98541691e+00 
 1.59596000e-03  3.98643098e+00 
 1.59696000e-03  3.98744405e+00 
 1.59796000e-03  3.98845610e+00 
 1.59896000e-03  3.98946713e+00 
 1.59996000e-03  3.99047716e+00 
 1.60096000e-03  3.99148618e+00 
 1.60196000e-03  3.99249419e+00 
 1.60296000e-03  3.99350119e+00 
 1.60396000e-03  3.99450719e+00 
 1.60496000e-03  3.99551218e+00 
 1.60596000e-03  3.99651616e+00 
 1.60696000e-03  3.99751915e+00 
 1.60796000e-03  3.99852113e+00 
 1.60896000e-03  3.99952211e+00 
 1.60996000e-03  4.00052208e+00 
 1.61096000e-03  4.00152106e+00 
 1.61196000e-03  4.00251904e+00 
 1.61296000e-03  4.00351602e+00 
 1.61396000e-03  4.00451201e+00 
 1.61496000e-03  4.00550700e+00 
 1.61596000e-03  4.00650100e+00 
 1.61696000e-03  4.00749400e+00 
 1.61796000e-03  4.00848601e+00 
 1.61896000e-03  4.00947703e+00 
 1.61996000e-03  4.01046706e+00 
 1.62096000e-03  4.01145609e+00 
 1.62196000e-03  4.01244414e+00 
 1.62296000e-03  4.01343121e+00 
 1.62396000e-03  4.01441728e+00 
 1.62496000e-03  4.01540237e+00 
 1.62596000e-03  4.01638648e+00 
 1.62696000e-03  4.01736960e+00 
 1.62796000e-03  4.01835174e+00 
 1.62896000e-03  4.01933290e+00 
 1.62996000e-03  4.02031307e+00 
 1.63096000e-03  4.02129227e+00 
 1.63196000e-03  4.02227049e+00 
 1.63296000e-03  4.02324773e+00 
 1.63396000e-03  4.02422399e+00 
 1.63496000e-03  4.02519928e+00 
 1.63596000e-03  4.02617360e+00 
 1.63696000e-03  4.02714694e+00 
 1.63796000e-03  4.02811930e+00 
 1.63896000e-03  4.02909070e+00 
 1.63996000e-03  4.03006112e+00 
 1.64096000e-03  4.03103058e+00 
 1.64196000e-03  4.03199906e+00 
 1.64296000e-03  4.03296658e+00 
 1.64396000e-03  4.03393313e+00 
 1.64496000e-03  4.03489871e+00 
 1.64596000e-03  4.03586333e+00 
 1.64696000e-03  4.03682699e+00 
 1.64796000e-03  4.03778968e+00 
 1.64896000e-03  4.03875141e+00 
 1.64996000e-03  4.03971218e+00 
 1.65096000e-03  4.04067198e+00 
 1.65196000e-03  4.04163083e+00 
 1.65296000e-03  4.04258872e+00 
 1.65396000e-03  4.04354566e+00 
 1.65496000e-03  4.04450163e+00 
 1.65596000e-03  4.04545665e+00 
 1.65696000e-03  4.04641072e+00 
 1.65796000e-03  4.04736383e+00 
 1.65896000e-03  4.04831599e+00 
 1.65996000e-03  4.04926720e+00 
 1.66096000e-03  4.05021746e+00 
 1.66196000e-03  4.05116677e+00 
 1.66296000e-03  4.05211512e+00 
 1.66396000e-03  4.05306254e+00 
 1.66496000e-03  4.05400900e+00 
 1.66596000e-03  4.05495452e+00 
 1.66696000e-03  4.05589909e+00 
 1.66796000e-03  4.05684272e+00 
 1.66896000e-03  4.05778541e+00 
 1.66996000e-03  4.05872715e+00 
 1.67096000e-03  4.05966795e+00 
 1.67196000e-03  4.06060782e+00 
 1.67296000e-03  4.06154674e+00 
 1.67396000e-03  4.06248472e+00 
 1.67496000e-03  4.06342177e+00 
 1.67596000e-03  4.06435788e+00 
 1.67696000e-03  4.06529305e+00 
 1.67796000e-03  4.06622729e+00 
 1.67896000e-03  4.06716060e+00 
 1.67996000e-03  4.06809297e+00 
 1.68096000e-03  4.06902441e+00 
 1.68196000e-03  4.06995492e+00 
 1.68296000e-03  4.07088450e+00 
 1.68396000e-03  4.07181316e+00 
 1.68496000e-03  4.07274088e+00 
 1.68596000e-03  4.07366767e+00 
 1.68696000e-03  4.07459354e+00 
 1.68796000e-03  4.07551849e+00 
 1.68896000e-03  4.07644251e+00 
 1.68996000e-03  4.07736560e+00 
 1.69096000e-03  4.07828778e+00 
 1.69196000e-03  4.07920903e+00 
 1.69296000e-03  4.08012936e+00 
 1.69396000e-03  4.08104877e+00 
 1.69496000e-03  4.08196726e+00 
 1.69596000e-03  4.08288484e+00 
 1.69696000e-03  4.08380149e+00 
 1.69796000e-03  4.08471723e+00 
 1.69896000e-03  4.08563206e+00 
 1.69996000e-03  4.08654597e+00 
 1.70096000e-03  4.08745897e+00 
 1.70196000e-03  4.08837105e+00 
 1.70296000e-03  4.08928223e+00 
 1.70396000e-03  4.09019249e+00 
 1.70496000e-03  4.09110184e+00 
 1.70596000e-03  4.09201028e+00 
 1.70696000e-03  4.09291782e+00 
 1.70796000e-03  4.09382445e+00 
 1.70896000e-03  4.09473017e+00 
 1.70996000e-03  4.09563499e+00 
 1.71096000e-03  4.09653890e+00 
 1.71196000e-03  4.09744191e+00 
 1.71296000e-03  4.09834402e+00 
 1.71396000e-03  4.09924522e+00 
 1.71496000e-03  4.10014553e+00 
 1.71596000e-03  4.10104493e+00 
 1.71696000e-03  4.10194344e+00 
 1.71796000e-03  4.10284105e+00 
 1.71896000e-03  4.10373776e+00 
 1.71996000e-03  4.10463357e+00 
 1.72096000e-03  4.10552849e+00 
 1.72196000e-03  4.10642252e+00 
 1.72296000e-03  4.10731565e+00 
 1.72396000e-03  4.10820789e+00 
 1.72496000e-03  4.10909923e+00 
 1.72596000e-03  4.10998969e+00 
 1.72696000e-03  4.11087925e+00 
 1.72796000e-03  4.11176793e+00 
 1.72896000e-03  4.11265572e+00 
 1.72996000e-03  4.11354262e+00 
 1.73096000e-03  4.11442863e+00 
 1.73196000e-03  4.11531376e+00 
 1.73296000e-03  4.11619801e+00 
 1.73396000e-03  4.11708137e+00 
 1.73496000e-03  4.11796384e+00 
 1.73596000e-03  4.11884544e+00 
 1.73696000e-03  4.11972615e+00 
 1.73796000e-03  4.12060599e+00 
 1.73896000e-03  4.12148494e+00 
 1.73996000e-03  4.12236302e+00 
 1.74096000e-03  4.12324022e+00 
 1.74196000e-03  4.12411654e+00 
 1.74296000e-03  4.12499198e+00 
 1.74396000e-03  4.12586655e+00 
 1.74496000e-03  4.12674025e+00 
 1.74596000e-03  4.12761307e+00 
 1.74696000e-03  4.12848502e+00 
 1.74796000e-03  4.12935610e+00 
 1.74896000e-03  4.13022631e+00 
 1.74996000e-03  4.13109565e+00 
 1.75096000e-03  4.13196412e+00 
 1.75196000e-03  4.13283172e+00 
 1.75296000e-03  4.13369846e+00 
 1.75396000e-03  4.13456433e+00 
 1.75496000e-03  4.13542933e+00 
 1.75596000e-03  4.13629347e+00 
 1.75696000e-03  4.13715674e+00 
 1.75796000e-03  4.13801916e+00 
 1.75896000e-03  4.13888071e+00 
 1.75996000e-03  4.13974140e+00 
 1.76096000e-03  4.14060122e+00 
 1.76196000e-03  4.14146019e+00 
 1.76296000e-03  4.14231830e+00 
 1.76396000e-03  4.14317556e+00 
 1.76496000e-03  4.14403195e+00 
 1.76596000e-03  4.14488749e+00 
 1.76696000e-03  4.14574218e+00 
 1.76796000e-03  4.14659601e+00 
 1.76896000e-03  4.14744899e+00 
 1.76996000e-03  4.14830111e+00 
 1.77096000e-03  4.14915239e+00 
 1.77196000e-03  4.15000281e+00 
 1.77296000e-03  4.15085238e+00 
 1.77396000e-03  4.15170110e+00 
 1.77496000e-03  4.15254898e+00 
 1.77596000e-03  4.15339601e+00 
 1.77696000e-03  4.15424219e+00 
 1.77796000e-03  4.15508752e+00 
 1.77896000e-03  4.15593201e+00 
 1.77996000e-03  4.15677566e+00 
 1.78096000e-03  4.15761846e+00 
 1.78196000e-03  4.15846042e+00 
 1.78296000e-03  4.15930154e+00 
 1.78396000e-03  4.16014182e+00 
 1.78496000e-03  4.16098126e+00 
 1.78596000e-03  4.16181986e+00 
 1.78696000e-03  4.16265762e+00 
 1.78796000e-03  4.16349454e+00 
 1.78896000e-03  4.16433063e+00 
 1.78996000e-03  4.16516588e+00 
 1.79096000e-03  4.16600030e+00 
 1.79196000e-03  4.16683388e+00 
 1.79296000e-03  4.16766663e+00 
 1.79396000e-03  4.16849855e+00 
 1.79496000e-03  4.16932963e+00 
 1.79596000e-03  4.17015989e+00 
 1.79696000e-03  4.17098932e+00 
 1.79796000e-03  4.17181791e+00 
 1.79896000e-03  4.17264568e+00 
 1.79996000e-03  4.17347262e+00 
 1.80096000e-03  4.17429873e+00 
 1.80196000e-03  4.17512402e+00 
 1.80296000e-03  4.17594849e+00 
 1.80396000e-03  4.17677213e+00 
 1.80496000e-03  4.17759494e+00 
 1.80596000e-03  4.17841694e+00 
 1.80696000e-03  4.17923811e+00 
 1.80796000e-03  4.18005846e+00 
 1.80896000e-03  4.18087799e+00 
 1.80996000e-03  4.18169671e+00 
 1.81096000e-03  4.18251460e+00 
 1.81196000e-03  4.18333168e+00 
 1.81296000e-03  4.18414794e+00 
 1.81396000e-03  4.18496338e+00 
 1.81496000e-03  4.18577801e+00 
 1.81596000e-03  4.18659183e+00 
 1.81696000e-03  4.18740483e+00 
 1.81796000e-03  4.18821702e+00 
 1.81896000e-03  4.18902839e+00 
 1.81996000e-03  4.18983896e+00 
 1.82096000e-03  4.19064872e+00 
 1.82196000e-03  4.19145766e+00 
 1.82296000e-03  4.19226580e+00 
 1.82396000e-03  4.19307313e+00 
 1.82496000e-03  4.19387966e+00 
 1.82596000e-03  4.19468537e+00 
 1.82696000e-03  4.19549029e+00 
 1.82796000e-03  4.19629439e+00 
 1.82896000e-03  4.19709770e+00 
 1.82996000e-03  4.19790020e+00 
 1.83096000e-03  4.19870190e+00 
 1.83196000e-03  4.19950279e+00 
 1.83296000e-03  4.20030289e+00 
 1.83396000e-03  4.20110219e+00 
 1.83496000e-03  4.20190069e+00 
 1.83596000e-03  4.20269839e+00 
 1.83696000e-03  4.20349529e+00 
 1.83796000e-03  4.20429140e+00 
 1.83896000e-03  4.20508671e+00 
 1.83996000e-03  4.20588123e+00 
 1.84096000e-03  4.20667495e+00 
 1.84196000e-03  4.20746788e+00 
 1.84296000e-03  4.20826001e+00 
 1.84396000e-03  4.20905136e+00 
 1.84496000e-03  4.20984191e+00 
 1.84596000e-03  4.21063167e+00 
 1.84696000e-03  4.21142065e+00 
 1.84796000e-03  4.21220883e+00 
 1.84896000e-03  4.21299623e+00 
 1.84996000e-03  4.21378284e+00 
 1.85096000e-03  4.21456866e+00 
 1.85196000e-03  4.21535370e+00 
 1.85296000e-03  4.21613796e+00 
 1.85396000e-03  4.21692143e+00 
 1.85496000e-03  4.21770411e+00 
 1.85596000e-03  4.21848602e+00 
 1.85696000e-03  4.21926714e+00 
 1.85796000e-03  4.22004749e+00 
 1.85896000e-03  4.22082705e+00 
 1.85996000e-03  4.22160583e+00 
 1.86096000e-03  4.22238384e+00 
 1.86196000e-03  4.22316106e+00 
 1.86296000e-03  4.22393752e+00 
 1.86396000e-03  4.22471319e+00 
 1.86496000e-03  4.22548809e+00 
 1.86596000e-03  4.22626221e+00 
 1.86696000e-03  4.22703557e+00 
 1.86796000e-03  4.22780814e+00 
 1.86896000e-03  4.22857995e+00 
 1.86996000e-03  4.22935098e+00 
 1.87096000e-03  4.23012125e+00 
 1.87196000e-03  4.23089074e+00 
 1.87296000e-03  4.23165947e+00 
 1.87396000e-03  4.23242742e+00 
 1.87496000e-03  4.23319461e+00 
 1.87596000e-03  4.23396103e+00 
 1.87696000e-03  4.23472669e+00 
 1.87796000e-03  4.23549158e+00 
 1.87896000e-03  4.23625571e+00 
 1.87996000e-03  4.23701907e+00 
 1.88096000e-03  4.23778167e+00 
 1.88196000e-03  4.23854351e+00 
 1.88296000e-03  4.23930458e+00 
 1.88396000e-03  4.24006490e+00 
 1.88496000e-03  4.24082445e+00 
 1.88596000e-03  4.24158325e+00 
 1.88696000e-03  4.24234129e+00 
 1.88796000e-03  4.24309857e+00 
 1.88896000e-03  4.24385509e+00 
 1.88996000e-03  4.24461086e+00 
 1.89096000e-03  4.24536587e+00 
 1.89196000e-03  4.24612013e+00 
 1.89296000e-03  4.24687363e+00 
 1.89396000e-03  4.24762638e+00 
 1.89496000e-03  4.24837838e+00 
 1.89596000e-03  4.24912962e+00 
 1.89696000e-03  4.24988012e+00 
 1.89796000e-03  4.25062986e+00 
 1.89896000e-03  4.25137886e+00 
 1.89996000e-03  4.25212711e+00 
 1.90096000e-03  4.25287461e+00 
 1.90196000e-03  4.25362136e+00 
 1.90296000e-03  4.25436736e+00 
 1.90396000e-03  4.25511262e+00 
 1.90496000e-03  4.25585714e+00 
 1.90596000e-03  4.25660091e+00 
 1.90696000e-03  4.25734394e+00 
 1.90796000e-03  4.25808622e+00 
 1.90896000e-03  4.25882776e+00 
 1.90996000e-03  4.25956857e+00 
 1.91096000e-03  4.26030863e+00 
 1.91196000e-03  4.26104795e+00 
 1.91296000e-03  4.26178653e+00 
 1.91396000e-03  4.26252438e+00 
 1.91496000e-03  4.26326148e+00 
 1.91596000e-03  4.26399785e+00 
 1.91696000e-03  4.26473349e+00 
 1.91796000e-03  4.26546839e+00 
 1.91896000e-03  4.26620255e+00 
 1.91996000e-03  4.26693598e+00 
 1.92096000e-03  4.26766868e+00 
 1.92196000e-03  4.26840065e+00 
 1.92296000e-03  4.26913188e+00 
 1.92396000e-03  4.26986238e+00 
 1.92496000e-03  4.27059216e+00 
 1.92596000e-03  4.27132120e+00 
 1.92696000e-03  4.27204951e+00 
 1.92796000e-03  4.27277710e+00 
 1.92896000e-03  4.27350396e+00 
 1.92996000e-03  4.27423009e+00 
 1.93096000e-03  4.27495550e+00 
 1.93196000e-03  4.27568018e+00 
 1.93296000e-03  4.27640414e+00 
 1.93396000e-03  4.27712737e+00 
 1.93496000e-03  4.27784989e+00 
 1.93596000e-03  4.27857167e+00 
 1.93696000e-03  4.27929274e+00 
 1.93796000e-03  4.28001309e+00 
 1.93896000e-03  4.28073272e+00 
 1.93996000e-03  4.28145162e+00 
 1.94096000e-03  4.28216981e+00 
 1.94196000e-03  4.28288728e+00 
 1.94296000e-03  4.28360404e+00 
 1.94396000e-03  4.28432008e+00 
 1.94496000e-03  4.28503540e+00 
 1.94596000e-03  4.28575001e+00 
 1.94696000e-03  4.28646390e+00 
 1.94796000e-03  4.28717708e+00 
 1.94896000e-03  4.28788955e+00 
 1.94996000e-03  4.28860130e+00 
 1.95096000e-03  4.28931234e+00 
 1.95196000e-03  4.29002268e+00 
 1.95296000e-03  4.29073230e+00 
 1.95396000e-03  4.29144121e+00 
 1.95496000e-03  4.29214942e+00 
 1.95596000e-03  4.29285691e+00 
 1.95696000e-03  4.29356370e+00 
 1.95796000e-03  4.29426979e+00 
 1.95896000e-03  4.29497516e+00 
 1.95996000e-03  4.29567984e+00 
 1.96096000e-03  4.29638380e+00 
 1.96196000e-03  4.29708707e+00 
 1.96296000e-03  4.29778963e+00 
 1.96396000e-03  4.29849149e+00 
 1.96496000e-03  4.29919265e+00 
 1.96596000e-03  4.29989311e+00 
 1.96696000e-03  4.30059286e+00 
 1.96796000e-03  4.30129192e+00 
 1.96896000e-03  4.30199028e+00 
 1.96996000e-03  4.30268794e+00 
 1.97096000e-03  4.30338490e+00 
 1.97196000e-03  4.30408117e+00 
 1.97296000e-03  4.30477674e+00 
 1.97396000e-03  4.30547162e+00 
 1.97496000e-03  4.30616580e+00 
 1.97596000e-03  4.30685929e+00 
 1.97696000e-03  4.30755208e+00 
 1.97796000e-03  4.30824418e+00 
 1.97896000e-03  4.30893559e+00 
 1.97996000e-03  4.30962631e+00 
 1.98096000e-03  4.31031634e+00 
 1.98196000e-03  4.31100568e+00 
 1.98296000e-03  4.31169433e+00 
 1.98396000e-03  4.31238229e+00 
 1.98496000e-03  4.31306956e+00 
 1.98596000e-03  4.31375615e+00 
 1.98696000e-03  4.31444205e+00 
 1.98796000e-03  4.31512727e+00 
 1.98896000e-03  4.31581180e+00 
 1.98996000e-03  4.31649564e+00 
 1.99096000e-03  4.31717881e+00 
 1.99196000e-03  4.31786129e+00 
 1.99296000e-03  4.31854309e+00 
 1.99396000e-03  4.31922420e+00 
 1.99496000e-03  4.31990464e+00 
 1.99596000e-03  4.32058439e+00 
 1.99696000e-03  4.32126347e+00 
 1.99796000e-03  4.32194187e+00 
 1.99896000e-03  4.32261959e+00 
 1.99996000e-03  4.32329663e+00 
 2.00096000e-03  4.32397299e+00 
 2.00196000e-03  4.32464868e+00 
 2.00296000e-03  4.32532370e+00 
 2.00396000e-03  4.32599803e+00 
 2.00496000e-03  4.32667170e+00 
 2.00596000e-03  4.32734469e+00 
 2.00696000e-03  4.32801701e+00 
 2.00796000e-03  4.32868866e+00 
 2.00896000e-03  4.32935963e+00 
 2.00996000e-03  4.33002994e+00 
 2.01096000e-03  4.33069957e+00 
 2.01196000e-03  4.33136854e+00 
 2.01296000e-03  4.33203684e+00 
 2.01396000e-03  4.33270447e+00 
 2.01496000e-03  4.33337143e+00 
 2.01596000e-03  4.33403772e+00 
 2.01696000e-03  4.33470335e+00 
 2.01796000e-03  4.33536832e+00 
 2.01896000e-03  4.33603262e+00 
 2.01996000e-03  4.33669625e+00 
 2.02096000e-03  4.33735923e+00 
 2.02196000e-03  4.33802153e+00 
 2.02296000e-03  4.33868318e+00 
 2.02396000e-03  4.33934417e+00 
 2.02496000e-03  4.34000449e+00 
 2.02596000e-03  4.34066416e+00 
 2.02696000e-03  4.34132317e+00 
 2.02796000e-03  4.34198151e+00 
 2.02896000e-03  4.34263920e+00 
 2.02996000e-03  4.34329624e+00 
 2.03096000e-03  4.34395261e+00 
 2.03196000e-03  4.34460833e+00 
 2.03296000e-03  4.34526340e+00 
 2.03396000e-03  4.34591780e+00 
 2.03496000e-03  4.34657156e+00 
 2.03596000e-03  4.34722466e+00 
 2.03696000e-03  4.34787711e+00 
 2.03796000e-03  4.34852891e+00 
 2.03896000e-03  4.34918005e+00 
 2.03996000e-03  4.34983055e+00 
 2.04096000e-03  4.35048039e+00 
 2.04196000e-03  4.35112959e+00 
 2.04296000e-03  4.35177813e+00 
 2.04396000e-03  4.35242603e+00 
 2.04496000e-03  4.35307328e+00 
 2.04596000e-03  4.35371989e+00 
 2.04696000e-03  4.35436584e+00 
 2.04796000e-03  4.35501115e+00 
 2.04896000e-03  4.35565582e+00 
 2.04996000e-03  4.35629984e+00 
 2.05096000e-03  4.35694322e+00 
 2.05196000e-03  4.35758596e+00 
 2.05296000e-03  4.35822805e+00 
 2.05396000e-03  4.35886950e+00 
 2.05496000e-03  4.35951031e+00 
 2.05596000e-03  4.36015048e+00 
 2.05696000e-03  4.36079001e+00 
 2.05796000e-03  4.36142890e+00 
 2.05896000e-03  4.36206715e+00 
 2.05996000e-03  4.36270477e+00 
 2.06096000e-03  4.36334174e+00 
 2.06196000e-03  4.36397808e+00 
 2.06296000e-03  4.36461379e+00 
 2.06396000e-03  4.36524886e+00 
 2.06496000e-03  4.36588329e+00 
 2.06596000e-03  4.36651709e+00 
 2.06696000e-03  4.36715026e+00 
 2.06796000e-03  4.36778279e+00 
 2.06896000e-03  4.36841469e+00 
 2.06996000e-03  4.36904596e+00 
 2.07096000e-03  4.36967660e+00 
 2.07196000e-03  4.37030661e+00 
 2.07296000e-03  4.37093599e+00 
 2.07396000e-03  4.37156474e+00 
 2.07496000e-03  4.37219286e+00 
 2.07596000e-03  4.37282035e+00 
 2.07696000e-03  4.37344722e+00 
 2.07796000e-03  4.37407346e+00 
 2.07896000e-03  4.37469907e+00 
 2.07996000e-03  4.37532406e+00 
 2.08096000e-03  4.37594842e+00 
 2.08196000e-03  4.37657216e+00 
 2.08296000e-03  4.37719528e+00 
 2.08396000e-03  4.37781777e+00 
 2.08496000e-03  4.37843964e+00 
 2.08596000e-03  4.37906089e+00 
 2.08696000e-03  4.37968152e+00 
 2.08796000e-03  4.38030153e+00 
 2.08896000e-03  4.38092092e+00 
 2.08996000e-03  4.38153969e+00 
 2.09096000e-03  4.38215784e+00 
 2.09196000e-03  4.38277537e+00 
 2.09296000e-03  4.38339229e+00 
 2.09396000e-03  4.38400859e+00 
 2.09496000e-03  4.38462427e+00 
 2.09596000e-03  4.38523934e+00 
 2.09696000e-03  4.38585379e+00 
 2.09796000e-03  4.38646763e+00 
 2.09896000e-03  4.38708086e+00 
 2.09996000e-03  4.38769347e+00 
 2.10096000e-03  4.38830547e+00 
 2.10196000e-03  4.38891686e+00 
 2.10296000e-03  4.38952764e+00 
 2.10396000e-03  4.39013781e+00 
 2.10496000e-03  4.39074736e+00 
 2.10596000e-03  4.39135631e+00 
 2.10696000e-03  4.39196465e+00 
 2.10796000e-03  4.39257238e+00 
 2.10896000e-03  4.39317951e+00 
 2.10996000e-03  4.39378602e+00 
 2.11096000e-03  4.39439194e+00 
 2.11196000e-03  4.39499724e+00 
 2.11296000e-03  4.39560194e+00 
 2.11396000e-03  4.39620604e+00 
 2.11496000e-03  4.39680953e+00 
 2.11596000e-03  4.39741242e+00 
 2.11696000e-03  4.39801471e+00 
 2.11796000e-03  4.39861639e+00 
 2.11896000e-03  4.39921747e+00 
 2.11996000e-03  4.39981796e+00 
 2.12096000e-03  4.40041784e+00 
 2.12196000e-03  4.40101712e+00 
 2.12296000e-03  4.40161580e+00 
 2.12396000e-03  4.40221389e+00 
 2.12496000e-03  4.40281138e+00 
 2.12596000e-03  4.40340827e+00 
 2.12696000e-03  4.40400456e+00 
 2.12796000e-03  4.40460026e+00 
 2.12896000e-03  4.40519536e+00 
 2.12996000e-03  4.40578987e+00 
 2.13096000e-03  4.40638378e+00 
 2.13196000e-03  4.40697710e+00 
 2.13296000e-03  4.40756983e+00 
 2.13396000e-03  4.40816196e+00 
 2.13496000e-03  4.40875350e+00 
 2.13596000e-03  4.40934445e+00 
 2.13696000e-03  4.40993481e+00 
 2.13796000e-03  4.41052458e+00 
 2.13896000e-03  4.41111377e+00 
 2.13996000e-03  4.41170236e+00 
 2.14096000e-03  4.41229036e+00 
 2.14196000e-03  4.41287778e+00 
 2.14296000e-03  4.41346461e+00 
 2.14396000e-03  4.41405085e+00 
 2.14496000e-03  4.41463650e+00 
 2.14596000e-03  4.41522157e+00 
 2.14696000e-03  4.41580606e+00 
 2.14796000e-03  4.41638996e+00 
 2.14896000e-03  4.41697328e+00 
 2.14996000e-03  4.41755602e+00 
 2.15096000e-03  4.41813817e+00 
 2.15196000e-03  4.41871974e+00 
 2.15296000e-03  4.41930073e+00 
 2.15396000e-03  4.41988114e+00 
 2.15496000e-03  4.42046097e+00 
 2.15596000e-03  4.42104022e+00 
 2.15696000e-03  4.42161889e+00 
 2.15796000e-03  4.42219698e+00 
 2.15896000e-03  4.42277449e+00 
 2.15996000e-03  4.42335143e+00 
 2.16096000e-03  4.42392779e+00 
 2.16196000e-03  4.42450358e+00 
 2.16296000e-03  4.42507879e+00 
 2.16396000e-03  4.42565342e+00 
 2.16496000e-03  4.42622748e+00 
 2.16596000e-03  4.42680096e+00 
 2.16696000e-03  4.42737388e+00 
 2.16796000e-03  4.42794622e+00 
 2.16896000e-03  4.42851798e+00 
 2.16996000e-03  4.42908918e+00 
 2.17096000e-03  4.42965981e+00 
 2.17196000e-03  4.43022986e+00 
 2.17296000e-03  4.43079935e+00 
 2.17396000e-03  4.43136826e+00 
 2.17496000e-03  4.43193661e+00 
 2.17596000e-03  4.43250439e+00 
 2.17696000e-03  4.43307160e+00 
 2.17796000e-03  4.43363825e+00 
 2.17896000e-03  4.43420433e+00 
 2.17996000e-03  4.43476984e+00 
 2.18096000e-03  4.43533479e+00 
 2.18196000e-03  4.43589917e+00 
 2.18296000e-03  4.43646299e+00 
 2.18396000e-03  4.43702624e+00 
 2.18496000e-03  4.43758894e+00 
 2.18596000e-03  4.43815107e+00 
 2.18696000e-03  4.43871263e+00 
 2.18796000e-03  4.43927364e+00 
 2.18896000e-03  4.43983409e+00 
 2.18996000e-03  4.44039397e+00 
 2.19096000e-03  4.44095330e+00 
 2.19196000e-03  4.44151207e+00 
 2.19296000e-03  4.44207028e+00 
 2.19396000e-03  4.44262793e+00 
 2.19496000e-03  4.44318502e+00 
 2.19596000e-03  4.44374156e+00 
 2.19696000e-03  4.44429754e+00 
 2.19796000e-03  4.44485296e+00 
 2.19896000e-03  4.44540783e+00 
 2.19996000e-03  4.44596215e+00 
 2.20096000e-03  4.44651591e+00 
 2.20196000e-03  4.44706912e+00 
 2.20296000e-03  4.44762177e+00 
 2.20396000e-03  4.44817387e+00 
 2.20496000e-03  4.44872542e+00 
 2.20596000e-03  4.44927642e+00 
 2.20696000e-03  4.44982687e+00 
 2.20796000e-03  4.45037677e+00 
 2.20896000e-03  4.45092612e+00 
 2.20996000e-03  4.45147492e+00 
 2.21096000e-03  4.45202317e+00 
 2.21196000e-03  4.45257087e+00 
 2.21296000e-03  4.45311803e+00 
 2.21396000e-03  4.45366463e+00 
 2.21496000e-03  4.45421070e+00 
 2.21596000e-03  4.45475621e+00 
 2.21696000e-03  4.45530118e+00 
 2.21796000e-03  4.45584561e+00 
 2.21896000e-03  4.45638949e+00 
 2.21996000e-03  4.45693283e+00 
 2.22096000e-03  4.45747563e+00 
 2.22196000e-03  4.45801788e+00 
 2.22296000e-03  4.45855959e+00 
 2.22396000e-03  4.45910076e+00 
 2.22496000e-03  4.45964139e+00 
 2.22596000e-03  4.46018148e+00 
 2.22696000e-03  4.46072103e+00 
 2.22796000e-03  4.46126004e+00 
 2.22896000e-03  4.46179851e+00 
 2.22996000e-03  4.46233644e+00 
 2.23096000e-03  4.46287384e+00 
 2.23196000e-03  4.46341069e+00 
 2.23296000e-03  4.46394702e+00 
 2.23396000e-03  4.46448280e+00 
 2.23496000e-03  4.46501805e+00 
 2.23596000e-03  4.46555276e+00 
 2.23696000e-03  4.46608695e+00 
 2.23796000e-03  4.46662059e+00 
 2.23896000e-03  4.46715370e+00 
 2.23996000e-03  4.46768628e+00 
 2.24096000e-03  4.46821833e+00 
 2.24196000e-03  4.46874985e+00 
 2.24296000e-03  4.46928083e+00 
 2.24396000e-03  4.46981129e+00 
 2.24496000e-03  4.47034121e+00 
 2.24596000e-03  4.47087060e+00 
 2.24696000e-03  4.47139947e+00 
 2.24796000e-03  4.47192781e+00 
 2.24896000e-03  4.47245561e+00 
 2.24996000e-03  4.47298289e+00 
 2.25096000e-03  4.47350965e+00 
 2.25196000e-03  4.47403588e+00 
 2.25296000e-03  4.47456158e+00 
 2.25396000e-03  4.47508675e+00 
 2.25496000e-03  4.47561140e+00 
 2.25596000e-03  4.47613553e+00 
 2.25696000e-03  4.47665913e+00 
 2.25796000e-03  4.47718221e+00 
 2.25896000e-03  4.47770477e+00 
 2.25996000e-03  4.47822680e+00 
 2.26096000e-03  4.47874832e+00 
 2.26196000e-03  4.47926931e+00 
 2.26296000e-03  4.47978978e+00 
 2.26396000e-03  4.48030973e+00 
 2.26496000e-03  4.48082916e+00 
 2.26596000e-03  4.48134807e+00 
 2.26696000e-03  4.48186646e+00 
 2.26796000e-03  4.48238434e+00 
 2.26896000e-03  4.48290169e+00 
 2.26996000e-03  4.48341853e+00 
 2.27096000e-03  4.48393486e+00 
 2.27196000e-03  4.48445066e+00 
 2.27296000e-03  4.48496596e+00 
 2.27396000e-03  4.48548073e+00 
 2.27496000e-03  4.48599499e+00 
 2.27596000e-03  4.48650874e+00 
 2.27696000e-03  4.48702198e+00 
 2.27796000e-03  4.48753470e+00 
 2.27896000e-03  4.48804691e+00 
 2.27996000e-03  4.48855861e+00 
 2.28096000e-03  4.48906979e+00 
 2.28196000e-03  4.48958047e+00 
 2.28296000e-03  4.49009063e+00 
 2.28396000e-03  4.49060028e+00 
 2.28496000e-03  4.49110943e+00 
 2.28596000e-03  4.49161807e+00 
 2.28696000e-03  4.49212619e+00 
 2.28796000e-03  4.49263381e+00 
 2.28896000e-03  4.49314093e+00 
 2.28996000e-03  4.49364753e+00 
 2.29096000e-03  4.49415363e+00 
 2.29196000e-03  4.49465923e+00 
 2.29296000e-03  4.49516431e+00 
 2.29396000e-03  4.49566890e+00 
 2.29496000e-03  4.49617298e+00 
 2.29596000e-03  4.49667655e+00 
 2.29696000e-03  4.49717962e+00 
 2.29796000e-03  4.49768219e+00 
 2.29896000e-03  4.49818426e+00 
 2.29996000e-03  4.49868582e+00 
 2.30096000e-03  4.49918689e+00 
 2.30196000e-03  4.49968745e+00 
 2.30296000e-03  4.50018751e+00 
 2.30396000e-03  4.50068708e+00 
 2.30496000e-03  4.50118614e+00 
 2.30596000e-03  4.50168470e+00 
 2.30696000e-03  4.50218277e+00 
 2.30796000e-03  4.50268034e+00 
 2.30896000e-03  4.50317741e+00 
 2.30996000e-03  4.50367398e+00 
 2.31096000e-03  4.50417006e+00 
 2.31196000e-03  4.50466564e+00 
 2.31296000e-03  4.50516073e+00 
 2.31396000e-03  4.50565532e+00 
 2.31496000e-03  4.50614942e+00 
 2.31596000e-03  4.50664302e+00 
 2.31696000e-03  4.50713613e+00 
 2.31796000e-03  4.50762875e+00 
 2.31896000e-03  4.50812088e+00 
 2.31996000e-03  4.50861251e+00 
 2.32096000e-03  4.50910365e+00 
 2.32196000e-03  4.50959430e+00 
 2.32296000e-03  4.51008446e+00 
 2.32396000e-03  4.51057413e+00 
 2.32496000e-03  4.51106332e+00 
 2.32596000e-03  4.51155201e+00 
 2.32696000e-03  4.51204021e+00 
 2.32796000e-03  4.51252793e+00 
 2.32896000e-03  4.51301516e+00 
 2.32996000e-03  4.51350190e+00 
 2.33096000e-03  4.51398815e+00 
 2.33196000e-03  4.51447392e+00 
 2.33296000e-03  4.51495921e+00 
 2.33396000e-03  4.51544400e+00 
 2.33496000e-03  4.51592832e+00 
 2.33596000e-03  4.51641215e+00 
 2.33696000e-03  4.51689549e+00 
 2.33796000e-03  4.51737836e+00 
 2.33896000e-03  4.51786074e+00 
 2.33996000e-03  4.51834264e+00 
 2.34096000e-03  4.51882405e+00 
 2.34196000e-03  4.51930499e+00 
 2.34296000e-03  4.51978544e+00 
 2.34396000e-03  4.52026542e+00 
 2.34496000e-03  4.52074491e+00 
 2.34596000e-03  4.52122393e+00 
 2.34696000e-03  4.52170246e+00 
 2.34796000e-03  4.52218052e+00 
 2.34896000e-03  4.52265810e+00 
 2.34996000e-03  4.52313521e+00 
 2.35096000e-03  4.52361183e+00 
 2.35196000e-03  4.52408798e+00 
 2.35296000e-03  4.52456366e+00 
 2.35396000e-03  4.52503886e+00 
 2.35496000e-03  4.52551358e+00 
 2.35596000e-03  4.52598783e+00 
 2.35696000e-03  4.52646160e+00 
 2.35796000e-03  4.52693491e+00 
 2.35896000e-03  4.52740774e+00 
 2.35996000e-03  4.52788009e+00 
 2.36096000e-03  4.52835198e+00 
 2.36196000e-03  4.52882339e+00 
 2.36296000e-03  4.52929433e+00 
 2.36396000e-03  4.52976480e+00 
 2.36496000e-03  4.53023480e+00 
 2.36596000e-03  4.53070433e+00 
 2.36696000e-03  4.53117339e+00 
 2.36796000e-03  4.53164198e+00 
 2.36896000e-03  4.53211011e+00 
 2.36996000e-03  4.53257776e+00 
 2.37096000e-03  4.53304495e+00 
 2.37196000e-03  4.53351167e+00 
 2.37296000e-03  4.53397793e+00 
 2.37396000e-03  4.53444372e+00 
 2.37496000e-03  4.53490904e+00 
 2.37596000e-03  4.53537390e+00 
 2.37696000e-03  4.53583829e+00 
 2.37796000e-03  4.53630222e+00 
 2.37896000e-03  4.53676569e+00 
 2.37996000e-03  4.53722869e+00 
 2.38096000e-03  4.53769123e+00 
 2.38196000e-03  4.53815331e+00 
 2.38296000e-03  4.53861493e+00 
 2.38396000e-03  4.53907608e+00 
 2.38496000e-03  4.53953677e+00 
 2.38596000e-03  4.53999701e+00 
 2.38696000e-03  4.54045678e+00 
 2.38796000e-03  4.54091609e+00 
 2.38896000e-03  4.54137495e+00 
 2.38996000e-03  4.54183334e+00 
 2.39096000e-03  4.54229128e+00 
 2.39196000e-03  4.54274876e+00 
 2.39296000e-03  4.54320578e+00 
 2.39396000e-03  4.54366235e+00 
 2.39496000e-03  4.54411846e+00 
 2.39596000e-03  4.54457411e+00 
 2.39696000e-03  4.54502931e+00 
 2.39796000e-03  4.54548406e+00 
 2.39896000e-03  4.54593834e+00 
 2.39996000e-03  4.54639218e+00 
 2.40096000e-03  4.54684556e+00 
 2.40196000e-03  4.54729849e+00 
 2.40296000e-03  4.54775096e+00 
 2.40396000e-03  4.54820299e+00 
 2.40496000e-03  4.54865456e+00 
 2.40596000e-03  4.54910568e+00 
 2.40696000e-03  4.54955635e+00 
 2.40796000e-03  4.55000657e+00 
 2.40896000e-03  4.55045633e+00 
 2.40996000e-03  4.55090565e+00 
 2.41096000e-03  4.55135452e+00 
 2.41196000e-03  4.55180294e+00 
 2.41296000e-03  4.55225092e+00 
 2.41396000e-03  4.55269844e+00 
 2.41496000e-03  4.55314552e+00 
 2.41596000e-03  4.55359215e+00 
 2.41696000e-03  4.55403834e+00 
 2.41796000e-03  4.55448408e+00 
 2.41896000e-03  4.55492937e+00 
 2.41996000e-03  4.55537422e+00 
 2.42096000e-03  4.55581862e+00 
 2.42196000e-03  4.55626258e+00 
 2.42296000e-03  4.55670610e+00 
 2.42396000e-03  4.55714917e+00 
 2.42496000e-03  4.55759180e+00 
 2.42596000e-03  4.55803398e+00 
 2.42696000e-03  4.55847573e+00 
 2.42796000e-03  4.55891703e+00 
 2.42896000e-03  4.55935790e+00 
 2.42996000e-03  4.55979832e+00 
 2.43096000e-03  4.56023830e+00 
 2.43196000e-03  4.56067784e+00 
 2.43296000e-03  4.56111694e+00 
 2.43396000e-03  4.56155561e+00 
 2.43496000e-03  4.56199383e+00 
 2.43596000e-03  4.56243162e+00 
 2.43696000e-03  4.56286897e+00 
 2.43796000e-03  4.56330588e+00 
 2.43896000e-03  4.56374236e+00 
 2.43996000e-03  4.56417840e+00 
 2.44096000e-03  4.56461400e+00 
 2.44196000e-03  4.56504917e+00 
 2.44296000e-03  4.56548390e+00 
 2.44396000e-03  4.56591820e+00 
 2.44496000e-03  4.56635207e+00 
 2.44596000e-03  4.56678550e+00 
 2.44696000e-03  4.56721850e+00 
 2.44796000e-03  4.56765106e+00 
 2.44896000e-03  4.56808319e+00 
 2.44996000e-03  4.56851490e+00 
 2.45096000e-03  4.56894617e+00 
 2.45196000e-03  4.56937700e+00 
 2.45296000e-03  4.56980741e+00 
 2.45396000e-03  4.57023739e+00 
 2.45496000e-03  4.57066694e+00 
 2.45596000e-03  4.57109606e+00 
 2.45696000e-03  4.57152474e+00 
 2.45796000e-03  4.57195301e+00 
 2.45896000e-03  4.57238084e+00 
 2.45996000e-03  4.57280824e+00 
 2.46096000e-03  4.57323522e+00 
 2.46196000e-03  4.57366177e+00 
 2.46296000e-03  4.57408790e+00 
 2.46396000e-03  4.57451360e+00 
 2.46496000e-03  4.57493887e+00 
 2.46596000e-03  4.57536372e+00 
 2.46696000e-03  4.57578815e+00 
 2.46796000e-03  4.57621214e+00 
 2.46896000e-03  4.57663572e+00 
 2.46996000e-03  4.57705887e+00 
 2.47096000e-03  4.57748160e+00 
 2.47196000e-03  4.57790391e+00 
 2.47296000e-03  4.57832580e+00 
 2.47396000e-03  4.57874726e+00 
 2.47496000e-03  4.57916830e+00 
 2.47596000e-03  4.57958892e+00 
 2.47696000e-03  4.58000912e+00 
 2.47796000e-03  4.58042890e+00 
 2.47896000e-03  4.58084827e+00 
 2.47996000e-03  4.58126721e+00 
 2.48096000e-03  4.58168573e+00 
 2.48196000e-03  4.58210384e+00 
 2.48296000e-03  4.58252152e+00 
 2.48396000e-03  4.58293879e+00 
 2.48496000e-03  4.58335565e+00 
 2.48596000e-03  4.58377208e+00 
 2.48696000e-03  4.58418810e+00 
 2.48796000e-03  4.58460371e+00 
 2.48896000e-03  4.58501890e+00 
 2.48996000e-03  4.58543367e+00 
 2.49096000e-03  4.58584803e+00 
 2.49196000e-03  4.58626197e+00 
 2.49296000e-03  4.58667551e+00 
 2.49396000e-03  4.58708862e+00 
 2.49496000e-03  4.58750133e+00 
 2.49596000e-03  4.58791362e+00 
 2.49696000e-03  4.58832550e+00 
 2.49796000e-03  4.58873697e+00 
 2.49896000e-03  4.58914803e+00 
 2.49996000e-03  4.58955867e+00 
 2.50096000e-03  4.58996891e+00 
 2.50196000e-03  4.59037874e+00 
 2.50296000e-03  4.59078815e+00 
 2.50396000e-03  4.59119716e+00 
 2.50496000e-03  4.59160576e+00 
 2.50596000e-03  4.59201395e+00 
 2.50696000e-03  4.59242173e+00 
 2.50796000e-03  4.59282911e+00 
 2.50896000e-03  4.59323607e+00 
 2.50996000e-03  4.59364263e+00 
 2.51096000e-03  4.59404879e+00 
 2.51196000e-03  4.59445454e+00 
 2.51296000e-03  4.59485988e+00 
 2.51396000e-03  4.59526482e+00 
 2.51496000e-03  4.59566935e+00 
 2.51596000e-03  4.59607348e+00 
 2.51696000e-03  4.59647720e+00 
 2.51796000e-03  4.59688052e+00 
 2.51896000e-03  4.59728344e+00 
 2.51996000e-03  4.59768596e+00 
 2.52096000e-03  4.59808807e+00 
 2.52196000e-03  4.59848978e+00 
 2.52296000e-03  4.59889109e+00 
 2.52396000e-03  4.59929200e+00 
 2.52496000e-03  4.59969251e+00 
 2.52596000e-03  4.60009261e+00 
 2.52696000e-03  4.60049232e+00 
 2.52796000e-03  4.60089163e+00 
 2.52896000e-03  4.60129054e+00 
 2.52996000e-03  4.60168905e+00 
 2.53096000e-03  4.60208716e+00 
 2.53196000e-03  4.60248488e+00 
 2.53296000e-03  4.60288219e+00 
 2.53396000e-03  4.60327911e+00 
 2.53496000e-03  4.60367563e+00 
 2.53596000e-03  4.60407176e+00 
 2.53696000e-03  4.60446749e+00 
 2.53796000e-03  4.60486283e+00 
 2.53896000e-03  4.60525777e+00 
 2.53996000e-03  4.60565231e+00 
 2.54096000e-03  4.60604646e+00 
 2.54196000e-03  4.60644022e+00 
 2.54296000e-03  4.60683358e+00 
 2.54396000e-03  4.60722655e+00 
 2.54496000e-03  4.60761913e+00 
 2.54596000e-03  4.60801131e+00 
 2.54696000e-03  4.60840311e+00 
 2.54796000e-03  4.60879451e+00 
 2.54896000e-03  4.60918552e+00 
 2.54996000e-03  4.60957614e+00 
 2.55096000e-03  4.60996636e+00 
 2.55196000e-03  4.61035620e+00 
 2.55296000e-03  4.61074565e+00 
 2.55396000e-03  4.61113471e+00 
 2.55496000e-03  4.61152338e+00 
 2.55596000e-03  4.61191167e+00 
 2.55696000e-03  4.61229956e+00 
 2.55796000e-03  4.61268707e+00 
 2.55896000e-03  4.61307419e+00 
 2.55996000e-03  4.61346092e+00 
 2.56096000e-03  4.61384726e+00 
 2.56196000e-03  4.61423322e+00 
 2.56296000e-03  4.61461880e+00 
 2.56396000e-03  4.61500399e+00 
 2.56496000e-03  4.61538879e+00 
 2.56596000e-03  4.61577321e+00 
 2.56696000e-03  4.61615724e+00 
 2.56796000e-03  4.61654089e+00 
 2.56896000e-03  4.61692416e+00 
 2.56996000e-03  4.61730705e+00 
 2.57096000e-03  4.61768955e+00 
 2.57196000e-03  4.61807167e+00 
 2.57296000e-03  4.61845341e+00 
 2.57396000e-03  4.61883476e+00 
 2.57496000e-03  4.61921574e+00 
 2.57596000e-03  4.61959633e+00 
 2.57696000e-03  4.61997654e+00 
 2.57796000e-03  4.62035638e+00 
 2.57896000e-03  4.62073583e+00 
 2.57996000e-03  4.62111491e+00 
 2.58096000e-03  4.62149360e+00 
 2.58196000e-03  4.62187192e+00 
 2.58296000e-03  4.62224986e+00 
 2.58396000e-03  4.62262742e+00 
 2.58496000e-03  4.62300460e+00 
 2.58596000e-03  4.62338141e+00 
 2.58696000e-03  4.62375784e+00 
 2.58796000e-03  4.62413389e+00 
 2.58896000e-03  4.62450957e+00 
 2.58996000e-03  4.62488488e+00 
 2.59096000e-03  4.62525980e+00 
 2.59196000e-03  4.62563436e+00 
 2.59296000e-03  4.62600853e+00 
 2.59396000e-03  4.62638234e+00 
 2.59496000e-03  4.62675577e+00 
 2.59596000e-03  4.62712883e+00 
 2.59696000e-03  4.62750151e+00 
 2.59796000e-03  4.62787382e+00 
 2.59896000e-03  4.62824577e+00 
 2.59996000e-03  4.62861733e+00 
 2.60096000e-03  4.62898853e+00 
 2.60196000e-03  4.62935936e+00 
 2.60296000e-03  4.62972981e+00 
 2.60396000e-03  4.63009990e+00 
 2.60496000e-03  4.63046961e+00 
 2.60596000e-03  4.63083896e+00 
 2.60696000e-03  4.63120793e+00 
 2.60796000e-03  4.63157654e+00 
 2.60896000e-03  4.63194478e+00 
 2.60996000e-03  4.63231265e+00 
 2.61096000e-03  4.63268016e+00 
 2.61196000e-03  4.63304729e+00 
 2.61296000e-03  4.63341406e+00 
 2.61396000e-03  4.63378047e+00 
 2.61496000e-03  4.63414650e+00 
 2.61596000e-03  4.63451217e+00 
 2.61696000e-03  4.63487748e+00 
 2.61796000e-03  4.63524242e+00 
 2.61896000e-03  4.63560699e+00 
 2.61996000e-03  4.63597120e+00 
 2.62096000e-03  4.63633505e+00 
 2.62196000e-03  4.63669853e+00 
 2.62296000e-03  4.63706165e+00 
 2.62396000e-03  4.63742441e+00 
 2.62496000e-03  4.63778680e+00 
 2.62596000e-03  4.63814884e+00 
 2.62696000e-03  4.63851051e+00 
 2.62796000e-03  4.63887182e+00 
 2.62896000e-03  4.63923276e+00 
 2.62996000e-03  4.63959335e+00 
 2.63096000e-03  4.63995358e+00 
 2.63196000e-03  4.64031344e+00 
 2.63296000e-03  4.64067295e+00 
 2.63396000e-03  4.64103210e+00 
 2.63496000e-03  4.64139089e+00 
 2.63596000e-03  4.64174932e+00 
 2.63696000e-03  4.64210739e+00 
 2.63796000e-03  4.64246510e+00 
 2.63896000e-03  4.64282246e+00 
 2.63996000e-03  4.64317946e+00 
 2.64096000e-03  4.64353610e+00 
 2.64196000e-03  4.64389239e+00 
 2.64296000e-03  4.64424831e+00 
 2.64396000e-03  4.64460389e+00 
 2.64496000e-03  4.64495911e+00 
 2.64596000e-03  4.64531397e+00 
 2.64696000e-03  4.64566848e+00 
 2.64796000e-03  4.64602263e+00 
 2.64896000e-03  4.64637643e+00 
 2.64996000e-03  4.64672988e+00 
 2.65096000e-03  4.64708297e+00 
 2.65196000e-03  4.64743572e+00 
 2.65296000e-03  4.64778810e+00 
 2.65396000e-03  4.64814014e+00 
 2.65496000e-03  4.64849182e+00 
 2.65596000e-03  4.64884316e+00 
 2.65696000e-03  4.64919414e+00 
 2.65796000e-03  4.64954477e+00 
 2.65896000e-03  4.64989505e+00 
 2.65996000e-03  4.65024498e+00 
 2.66096000e-03  4.65059456e+00 
 2.66196000e-03  4.65094379e+00 
 2.66296000e-03  4.65129267e+00 
 2.66396000e-03  4.65164120e+00 
 2.66496000e-03  4.65198939e+00 
 2.66596000e-03  4.65233723e+00 
 2.66696000e-03  4.65268471e+00 
 2.66796000e-03  4.65303186e+00 
 2.66896000e-03  4.65337865e+00 
 2.66996000e-03  4.65372510e+00 
 2.67096000e-03  4.65407120e+00 
 2.67196000e-03  4.65441696e+00 
 2.67296000e-03  4.65476237e+00 
 2.67396000e-03  4.65510743e+00 
 2.67496000e-03  4.65545215e+00 
 2.67596000e-03  4.65579653e+00 
 2.67696000e-03  4.65614056e+00 
 2.67796000e-03  4.65648425e+00 
 2.67896000e-03  4.65682759e+00 
 2.67996000e-03  4.65717059e+00 
 2.68096000e-03  4.65751325e+00 
 2.68196000e-03  4.65785557e+00 
 2.68296000e-03  4.65819754e+00 
 2.68396000e-03  4.65853917e+00 
 2.68496000e-03  4.65888046e+00 
 2.68596000e-03  4.65922141e+00 
 2.68696000e-03  4.65956202e+00 
 2.68796000e-03  4.65990229e+00 
 2.68896000e-03  4.66024221e+00 
 2.68996000e-03  4.66058180e+00 
 2.69096000e-03  4.66092105e+00 
 2.69196000e-03  4.66125996e+00 
 2.69296000e-03  4.66159853e+00 
 2.69396000e-03  4.66193676e+00 
 2.69496000e-03  4.66227466e+00 
 2.69596000e-03  4.66261221e+00 
 2.69696000e-03  4.66294943e+00 
 2.69796000e-03  4.66328632e+00 
 2.69896000e-03  4.66362286e+00 
 2.69996000e-03  4.66395907e+00 
 2.70096000e-03  4.66429494e+00 
 2.70196000e-03  4.66463048e+00 
 2.70296000e-03  4.66496568e+00 
 2.70396000e-03  4.66530055e+00 
 2.70496000e-03  4.66563508e+00 
 2.70596000e-03  4.66596928e+00 
 2.70696000e-03  4.66630314e+00 
 2.70796000e-03  4.66663667e+00 
 2.70896000e-03  4.66696987e+00 
 2.70996000e-03  4.66730273e+00 
 2.71096000e-03  4.66763526e+00 
 2.71196000e-03  4.66796746e+00 
 2.71296000e-03  4.66829933e+00 
 2.71396000e-03  4.66863086e+00 
 2.71496000e-03  4.66896207e+00 
 2.71596000e-03  4.66929294e+00 
 2.71696000e-03  4.66962348e+00 
 2.71796000e-03  4.66995369e+00 
 2.71896000e-03  4.67028357e+00 
 2.71996000e-03  4.67061313e+00 
 2.72096000e-03  4.67094235e+00 
 2.72196000e-03  4.67127124e+00 
 2.72296000e-03  4.67159981e+00 
 2.72396000e-03  4.67192804e+00 
 2.72496000e-03  4.67225595e+00 
 2.72596000e-03  4.67258353e+00 
 2.72696000e-03  4.67291078e+00 
 2.72796000e-03  4.67323771e+00 
 2.72896000e-03  4.67356431e+00 
 2.72996000e-03  4.67389058e+00 
 2.73096000e-03  4.67421653e+00 
 2.73196000e-03  4.67454215e+00 
 2.73296000e-03  4.67486744e+00 
 2.73396000e-03  4.67519241e+00 
 2.73496000e-03  4.67551706e+00 
 2.73596000e-03  4.67584138e+00 
 2.73696000e-03  4.67616538e+00 
 2.73796000e-03  4.67648905e+00 
 2.73896000e-03  4.67681240e+00 
 2.73996000e-03  4.67713542e+00 
 2.74096000e-03  4.67745813e+00 
 2.74196000e-03  4.67778051e+00 
 2.74296000e-03  4.67810257e+00 
 2.74396000e-03  4.67842430e+00 
 2.74496000e-03  4.67874572e+00 
 2.74596000e-03  4.67906681e+00 
 2.74696000e-03  4.67938758e+00 
 2.74796000e-03  4.67970804e+00 
 2.74896000e-03  4.68002817e+00 
 2.74996000e-03  4.68034798e+00 
 2.75096000e-03  4.68066747e+00 
 2.75196000e-03  4.68098665e+00 
 2.75296000e-03  4.68130550e+00 
 2.75396000e-03  4.68162404e+00 
 2.75496000e-03  4.68194225e+00 
 2.75596000e-03  4.68226015e+00 
 2.75696000e-03  4.68257773e+00 
 2.75796000e-03  4.68289500e+00 
 2.75896000e-03  4.68321194e+00 
 2.75996000e-03  4.68352857e+00 
 2.76096000e-03  4.68384488e+00 
 2.76196000e-03  4.68416088e+00 
 2.76296000e-03  4.68447656e+00 
 2.76396000e-03  4.68479193e+00 
 2.76496000e-03  4.68510698e+00 
 2.76596000e-03  4.68542172e+00 
 2.76696000e-03  4.68573614e+00 
 2.76796000e-03  4.68605024e+00 
 2.76896000e-03  4.68636404e+00 
 2.76996000e-03  4.68667752e+00 
 2.77096000e-03  4.68699068e+00 
 2.77196000e-03  4.68730353e+00 
 2.77296000e-03  4.68761607e+00 
 2.77396000e-03  4.68792830e+00 
 2.77496000e-03  4.68824022e+00 
 2.77596000e-03  4.68855182e+00 
 2.77696000e-03  4.68886311e+00 
 2.77796000e-03  4.68917410e+00 
 2.77896000e-03  4.68948477e+00 
 2.77996000e-03  4.68979513e+00 
 2.78096000e-03  4.69010518e+00 
 2.78196000e-03  4.69041492e+00 
 2.78296000e-03  4.69072435e+00 
 2.78396000e-03  4.69103347e+00 
 2.78496000e-03  4.69134228e+00 
 2.78596000e-03  4.69165078e+00 
 2.78696000e-03  4.69195898e+00 
 2.78796000e-03  4.69226687e+00 
 2.78896000e-03  4.69257444e+00 
 2.78996000e-03  4.69288172e+00 
 2.79096000e-03  4.69318868e+00 
 2.79196000e-03  4.69349534e+00 
 2.79296000e-03  4.69380169e+00 
 2.79396000e-03  4.69410774e+00 
 2.79496000e-03  4.69441348e+00 
 2.79596000e-03  4.69471891e+00 
 2.79696000e-03  4.69502404e+00 
 2.79796000e-03  4.69532886e+00 
 2.79896000e-03  4.69563338e+00 
 2.79996000e-03  4.69593759e+00 
 2.80096000e-03  4.69624151e+00 
 2.80196000e-03  4.69654511e+00 
 2.80296000e-03  4.69684842e+00 
 2.80396000e-03  4.69715142e+00 
 2.80496000e-03  4.69745411e+00 
 2.80596000e-03  4.69775651e+00 
 2.80696000e-03  4.69805860e+00 
 2.80796000e-03  4.69836039e+00 
 2.80896000e-03  4.69866188e+00 
 2.80996000e-03  4.69896307e+00 
 2.81096000e-03  4.69926395e+00 
 2.81196000e-03  4.69956454e+00 
 2.81296000e-03  4.69986482e+00 
 2.81396000e-03  4.70016481e+00 
 2.81496000e-03  4.70046449e+00 
 2.81596000e-03  4.70076388e+00 
 2.81696000e-03  4.70106297e+00 
 2.81796000e-03  4.70136175e+00 
 2.81896000e-03  4.70166024e+00 
 2.81996000e-03  4.70195843e+00 
 2.82096000e-03  4.70225633e+00 
 2.82196000e-03  4.70255392e+00 
 2.82296000e-03  4.70285122e+00 
 2.82396000e-03  4.70314822e+00 
 2.82496000e-03  4.70344492e+00 
 2.82596000e-03  4.70374133e+00 
 2.82696000e-03  4.70403744e+00 
 2.82796000e-03  4.70433326e+00 
 2.82896000e-03  4.70462877e+00 
 2.82996000e-03  4.70492400e+00 
 2.83096000e-03  4.70521893e+00 
 2.83196000e-03  4.70551356e+00 
 2.83296000e-03  4.70580790e+00 
 2.83396000e-03  4.70610194e+00 
 2.83496000e-03  4.70639570e+00 
 2.83596000e-03  4.70668915e+00 
 2.83696000e-03  4.70698232e+00 
 2.83796000e-03  4.70727519e+00 
 2.83896000e-03  4.70756777e+00 
 2.83996000e-03  4.70786005e+00 
 2.84096000e-03  4.70815205e+00 
 2.84196000e-03  4.70844375e+00 
 2.84296000e-03  4.70873516e+00 
 2.84396000e-03  4.70902628e+00 
 2.84496000e-03  4.70931711e+00 
 2.84596000e-03  4.70960765e+00 
 2.84696000e-03  4.70989789e+00 
 2.84796000e-03  4.71018785e+00 
 2.84896000e-03  4.71047752e+00 
 2.84996000e-03  4.71076689e+00 
 2.85096000e-03  4.71105598e+00 
 2.85196000e-03  4.71134478e+00 
 2.85296000e-03  4.71163329e+00 
 2.85396000e-03  4.71192152e+00 
 2.85496000e-03  4.71220945e+00 
 2.85596000e-03  4.71249710e+00 
 2.85696000e-03  4.71278446e+00 
 2.85796000e-03  4.71307153e+00 
 2.85896000e-03  4.71335831e+00 
 2.85996000e-03  4.71364481e+00 
 2.86096000e-03  4.71393102e+00 
 2.86196000e-03  4.71421695e+00 
 2.86296000e-03  4.71450259e+00 
 2.86396000e-03  4.71478795e+00 
 2.86496000e-03  4.71507301e+00 
 2.86596000e-03  4.71535780e+00 
 2.86696000e-03  4.71564230e+00 
 2.86796000e-03  4.71592651e+00 
 2.86896000e-03  4.71621045e+00 
 2.86996000e-03  4.71649409e+00 
 2.87096000e-03  4.71677746e+00 
 2.87196000e-03  4.71706054e+00 
 2.87296000e-03  4.71734334e+00 
 2.87396000e-03  4.71762585e+00 
 2.87496000e-03  4.71790809e+00 
 2.87596000e-03  4.71819004e+00 
 2.87696000e-03  4.71847171e+00 
 2.87796000e-03  4.71875309e+00 
 2.87896000e-03  4.71903420e+00 
 2.87996000e-03  4.71931503e+00 
 2.88096000e-03  4.71959557e+00 
 2.88196000e-03  4.71987583e+00 
 2.88296000e-03  4.72015582e+00 
 2.88396000e-03  4.72043552e+00 
 2.88496000e-03  4.72071495e+00 
 2.88596000e-03  4.72099409e+00 
 2.88696000e-03  4.72127296e+00 
 2.88796000e-03  4.72155155e+00 
 2.88896000e-03  4.72182986e+00 
 2.88996000e-03  4.72210789e+00 
 2.89096000e-03  4.72238564e+00 
 2.89196000e-03  4.72266312e+00 
 2.89296000e-03  4.72294031e+00 
 2.89396000e-03  4.72321724e+00 
 2.89496000e-03  4.72349388e+00 
 2.89596000e-03  4.72377025e+00 
 2.89696000e-03  4.72404634e+00 
 2.89796000e-03  4.72432216e+00 
 2.89896000e-03  4.72459770e+00 
 2.89996000e-03  4.72487296e+00 
 2.90096000e-03  4.72514795e+00 
 2.90196000e-03  4.72542266e+00 
 2.90296000e-03  4.72569711e+00 
 2.90396000e-03  4.72597127e+00 
 2.90496000e-03  4.72624516e+00 
 2.90596000e-03  4.72651878e+00 
 2.90696000e-03  4.72679213e+00 
 2.90796000e-03  4.72706520e+00 
 2.90896000e-03  4.72733799e+00 
 2.90996000e-03  4.72761052e+00 
 2.91096000e-03  4.72788277e+00 
 2.91196000e-03  4.72815476e+00 
 2.91296000e-03  4.72842646e+00 
 2.91396000e-03  4.72869790e+00 
 2.91496000e-03  4.72896907e+00 
 2.91596000e-03  4.72923996e+00 
 2.91696000e-03  4.72951059e+00 
 2.91796000e-03  4.72978094e+00 
 2.91896000e-03  4.73005103e+00 
 2.91996000e-03  4.73032084e+00 
 2.92096000e-03  4.73059039e+00 
 2.92196000e-03  4.73085966e+00 
 2.92296000e-03  4.73112867e+00 
 2.92396000e-03  4.73139740e+00 
 2.92496000e-03  4.73166587e+00 
 2.92596000e-03  4.73193407e+00 
 2.92696000e-03  4.73220200e+00 
 2.92796000e-03  4.73246967e+00 
 2.92896000e-03  4.73273706e+00 
 2.92996000e-03  4.73300419e+00 
 2.93096000e-03  4.73327106e+00 
 2.93196000e-03  4.73353765e+00 
 2.93296000e-03  4.73380398e+00 
 2.93396000e-03  4.73407004e+00 
 2.93496000e-03  4.73433584e+00 
 2.93596000e-03  4.73460137e+00 
 2.93696000e-03  4.73486664e+00 
 2.93796000e-03  4.73513164e+00 
 2.93896000e-03  4.73539638e+00 
 2.93996000e-03  4.73566085e+00 
 2.94096000e-03  4.73592505e+00 
 2.94196000e-03  4.73618900e+00 
 2.94296000e-03  4.73645268e+00 
 2.94396000e-03  4.73671609e+00 
 2.94496000e-03  4.73697924e+00 
 2.94596000e-03  4.73724213e+00 
 2.94696000e-03  4.73750476e+00 
 2.94796000e-03  4.73776712e+00 
 2.94896000e-03  4.73802923e+00 
 2.94996000e-03  4.73829107e+00 
 2.95096000e-03  4.73855264e+00 
 2.95196000e-03  4.73881396e+00 
 2.95296000e-03  4.73907502e+00 
 2.95396000e-03  4.73933581e+00 
 2.95496000e-03  4.73959634e+00 
 2.95596000e-03  4.73985662e+00 
 2.95696000e-03  4.74011663e+00 
 2.95796000e-03  4.74037639e+00 
 2.95896000e-03  4.74063588e+00 
 2.95996000e-03  4.74089511e+00 
 2.96096000e-03  4.74115409e+00 
 2.96196000e-03  4.74141281e+00 
 2.96296000e-03  4.74167126e+00 
 2.96396000e-03  4.74192946e+00 
 2.96496000e-03  4.74218740e+00 
 2.96596000e-03  4.74244509e+00 
 2.96696000e-03  4.74270251e+00 
 2.96796000e-03  4.74295968e+00 
 2.96896000e-03  4.74321660e+00 
 2.96996000e-03  4.74347325e+00 
 2.97096000e-03  4.74372965e+00 
 2.97196000e-03  4.74398579e+00 
 2.97296000e-03  4.74424168e+00 
 2.97396000e-03  4.74449731e+00 
 2.97496000e-03  4.74475268e+00 
 2.97596000e-03  4.74500780e+00 
 2.97696000e-03  4.74526267e+00 
 2.97796000e-03  4.74551728e+00 
 2.97896000e-03  4.74577163e+00 
 2.97996000e-03  4.74602573e+00 
 2.98096000e-03  4.74627958e+00 
 2.98196000e-03  4.74653318e+00 
 2.98296000e-03  4.74678652e+00 
 2.98396000e-03  4.74703960e+00 
 2.98496000e-03  4.74729244e+00 
 2.98596000e-03  4.74754502e+00 
 2.98696000e-03  4.74779735e+00 
 2.98796000e-03  4.74804942e+00 
 2.98896000e-03  4.74830125e+00 
 2.98996000e-03  4.74855282e+00 
 2.99096000e-03  4.74880414e+00 
 2.99196000e-03  4.74905521e+00 
 2.99296000e-03  4.74930603e+00 
 2.99396000e-03  4.74955660e+00 
 2.99496000e-03  4.74980692e+00 
 2.99596000e-03  4.75005699e+00 
 2.99696000e-03  4.75030681e+00 
 2.99796000e-03  4.75055637e+00 
 2.99896000e-03  4.75080569e+00 
 2.99996000e-03  4.75105476e+00 
 3.00096000e-03  4.75130358e+00 
 3.00196000e-03  4.75155216e+00 
 3.00296000e-03  4.75180048e+00 
 3.00396000e-03  4.75204855e+00 
 3.00496000e-03  4.75229638e+00 
 3.00596000e-03  4.75254396e+00 
 3.00696000e-03  4.75279129e+00 
 3.00796000e-03  4.75303838e+00 
 3.00896000e-03  4.75328522e+00 
 3.00996000e-03  4.75353181e+00 
 3.01096000e-03  4.75377815e+00 
 3.01196000e-03  4.75402425e+00 
 3.01296000e-03  4.75427011e+00 
 3.01396000e-03  4.75451571e+00 
 3.01496000e-03  4.75476107e+00 
 3.01596000e-03  4.75500619e+00 
 3.01696000e-03  4.75525106e+00 
 3.01796000e-03  4.75549569e+00 
 3.01896000e-03  4.75574007e+00 
 3.01996000e-03  4.75598421e+00 
 3.02096000e-03  4.75622810e+00 
 3.02196000e-03  4.75647175e+00 
 3.02296000e-03  4.75671516e+00 
 3.02396000e-03  4.75695832e+00 
 3.02496000e-03  4.75720124e+00 
 3.02596000e-03  4.75744392e+00 
 3.02696000e-03  4.75768635e+00 
 3.02796000e-03  4.75792855e+00 
 3.02896000e-03  4.75817050e+00 
 3.02996000e-03  4.75841221e+00 
 3.03096000e-03  4.75865367e+00 
 3.03196000e-03  4.75889490e+00 
 3.03296000e-03  4.75913588e+00 
 3.03396000e-03  4.75937663e+00 
 3.03496000e-03  4.75961713e+00 
 3.03596000e-03  4.75985739e+00 
 3.03696000e-03  4.76009742e+00 
 3.03796000e-03  4.76033720e+00 
 3.03896000e-03  4.76057674e+00 
 3.03996000e-03  4.76081605e+00 
 3.04096000e-03  4.76105511e+00 
 3.04196000e-03  4.76129394e+00 
 3.04296000e-03  4.76153252e+00 
 3.04396000e-03  4.76177087e+00 
 3.04496000e-03  4.76200898e+00 
 3.04596000e-03  4.76224685e+00 
 3.04696000e-03  4.76248449e+00 
 3.04796000e-03  4.76272188e+00 
 3.04896000e-03  4.76295904e+00 
 3.04996000e-03  4.76319597e+00 
 3.05096000e-03  4.76343265e+00 
 3.05196000e-03  4.76366910e+00 
 3.05296000e-03  4.76390531e+00 
 3.05396000e-03  4.76414129e+00 
 3.05496000e-03  4.76437703e+00 
 3.05596000e-03  4.76461254e+00 
 3.05696000e-03  4.76484781e+00 
 3.05796000e-03  4.76508284e+00 
 3.05896000e-03  4.76531764e+00 
 3.05996000e-03  4.76555221e+00 
 3.06096000e-03  4.76578654e+00 
 3.06196000e-03  4.76602063e+00 
 3.06296000e-03  4.76625449e+00 
 3.06396000e-03  4.76648812e+00 
 3.06496000e-03  4.76672152e+00 
 3.06596000e-03  4.76695468e+00 
 3.06696000e-03  4.76718761e+00 
 3.06796000e-03  4.76742031e+00 
 3.06896000e-03  4.76765277e+00 
 3.06996000e-03  4.76788500e+00 
 3.07096000e-03  4.76811700e+00 
 3.07196000e-03  4.76834877e+00 
 3.07296000e-03  4.76858030e+00 
 3.07396000e-03  4.76881161e+00 
 3.07496000e-03  4.76904268e+00 
 3.07596000e-03  4.76927352e+00 
 3.07696000e-03  4.76950413e+00 
 3.07796000e-03  4.76973451e+00 
 3.07896000e-03  4.76996466e+00 
 3.07996000e-03  4.77019458e+00 
 3.08096000e-03  4.77042427e+00 
 3.08196000e-03  4.77065373e+00 
 3.08296000e-03  4.77088297e+00 
 3.08396000e-03  4.77111197e+00 
 3.08496000e-03  4.77134074e+00 
 3.08596000e-03  4.77156929e+00 
 3.08696000e-03  4.77179760e+00 
 3.08796000e-03  4.77202569e+00 
 3.08896000e-03  4.77225355e+00 
 3.08996000e-03  4.77248119e+00 
 3.09096000e-03  4.77270859e+00 
 3.09196000e-03  4.77293577e+00 
 3.09296000e-03  4.77316272e+00 
 3.09396000e-03  4.77338944e+00 
 3.09496000e-03  4.77361594e+00 
 3.09596000e-03  4.77384221e+00 
 3.09696000e-03  4.77406826e+00 
 3.09796000e-03  4.77429407e+00 
 3.09896000e-03  4.77451967e+00 
 3.09996000e-03  4.77474504e+00 
 3.10096000e-03  4.77497018e+00 
 3.10196000e-03  4.77519510e+00 
 3.10296000e-03  4.77541979e+00 
 3.10396000e-03  4.77564426e+00 
 3.10496000e-03  4.77586850e+00 
 3.10596000e-03  4.77609252e+00 
 3.10696000e-03  4.77631631e+00 
 3.10796000e-03  4.77653989e+00 
 3.10896000e-03  4.77676324e+00 
 3.10996000e-03  4.77698636e+00 
 3.11096000e-03  4.77720926e+00 
 3.11196000e-03  4.77743194e+00 
 3.11296000e-03  4.77765440e+00 
 3.11396000e-03  4.77787663e+00 
 3.11496000e-03  4.77809865e+00 
 3.11596000e-03  4.77832044e+00 
 3.11696000e-03  4.77854200e+00 
 3.11796000e-03  4.77876335e+00 
 3.11896000e-03  4.77898448e+00 
 3.11996000e-03  4.77920538e+00 
 3.12096000e-03  4.77942607e+00 
 3.12196000e-03  4.77964653e+00 
 3.12296000e-03  4.77986677e+00 
 3.12396000e-03  4.78008680e+00 
 3.12496000e-03  4.78030660e+00 
 3.12596000e-03  4.78052618e+00 
 3.12696000e-03  4.78074555e+00 
 3.12796000e-03  4.78096469e+00 
 3.12896000e-03  4.78118362e+00 
 3.12996000e-03  4.78140233e+00 
 3.13096000e-03  4.78162081e+00 
 3.13196000e-03  4.78183908e+00 
 3.13296000e-03  4.78205714e+00 
 3.13396000e-03  4.78227497e+00 
 3.13496000e-03  4.78249259e+00 
 3.13596000e-03  4.78270999e+00 
 3.13696000e-03  4.78292717e+00 
 3.13796000e-03  4.78314413e+00 
 3.13896000e-03  4.78336088e+00 
 3.13996000e-03  4.78357741e+00 
 3.14096000e-03  4.78379372e+00 
 3.14196000e-03  4.78400982e+00 
 3.14296000e-03  4.78422570e+00 
 3.14396000e-03  4.78444137e+00 
 3.14496000e-03  4.78465682e+00 
 3.14596000e-03  4.78487206e+00 
 3.14696000e-03  4.78508708e+00 
 3.14796000e-03  4.78530188e+00 
 3.14896000e-03  4.78551647e+00 
 3.14996000e-03  4.78573085e+00 
 3.15096000e-03  4.78594501e+00 
 3.15196000e-03  4.78615896e+00 
 3.15296000e-03  4.78637270e+00 
 3.15396000e-03  4.78658622e+00 
 3.15496000e-03  4.78679952e+00 
 3.15596000e-03  4.78701262e+00 
 3.15696000e-03  4.78722550e+00 
 3.15796000e-03  4.78743817e+00 
 3.15896000e-03  4.78765062e+00 
 3.15996000e-03  4.78786286e+00 
 3.16096000e-03  4.78807490e+00 
 3.16196000e-03  4.78828671e+00 
 3.16296000e-03  4.78849832e+00 
 3.16396000e-03  4.78870972e+00 
 3.16496000e-03  4.78892090e+00 
 3.16596000e-03  4.78913188e+00 
 3.16696000e-03  4.78934264e+00 
 3.16796000e-03  4.78955319e+00 
 3.16896000e-03  4.78976353e+00 
 3.16996000e-03  4.78997366e+00 
 3.17096000e-03  4.79018359e+00 
 3.17196000e-03  4.79039330e+00 
 3.17296000e-03  4.79060280e+00 
 3.17396000e-03  4.79081209e+00 
 3.17496000e-03  4.79102118e+00 
 3.17596000e-03  4.79123005e+00 
 3.17696000e-03  4.79143872e+00 
 3.17796000e-03  4.79164717e+00 
 3.17896000e-03  4.79185542e+00 
 3.17996000e-03  4.79206346e+00 
 3.18096000e-03  4.79227129e+00 
 3.18196000e-03  4.79247892e+00 
 3.18296000e-03  4.79268634e+00 
 3.18396000e-03  4.79289355e+00 
 3.18496000e-03  4.79310055e+00 
 3.18596000e-03  4.79330735e+00 
 3.18696000e-03  4.79351394e+00 
 3.18796000e-03  4.79372032e+00 
 3.18896000e-03  4.79392649e+00 
 3.18996000e-03  4.79413247e+00 
 3.19096000e-03  4.79433823e+00 
 3.19196000e-03  4.79454379e+00 
 3.19296000e-03  4.79474914e+00 
 3.19396000e-03  4.79495429e+00 
 3.19496000e-03  4.79515923e+00 
 3.19596000e-03  4.79536397e+00 
 3.19696000e-03  4.79556851e+00 
 3.19796000e-03  4.79577284e+00 
 3.19896000e-03  4.79597696e+00 
 3.19996000e-03  4.79618088e+00 
 3.20096000e-03  4.79638460e+00 
 3.20196000e-03  4.79658811e+00 
 3.20296000e-03  4.79679142e+00 
 3.20396000e-03  4.79699453e+00 
 3.20496000e-03  4.79719743e+00 
 3.20596000e-03  4.79740013e+00 
 3.20696000e-03  4.79760263e+00 
 3.20796000e-03  4.79780493e+00 
 3.20896000e-03  4.79800702e+00 
 3.20996000e-03  4.79820892e+00 
 3.21096000e-03  4.79841061e+00 
 3.21196000e-03  4.79861209e+00 
 3.21296000e-03  4.79881338e+00 
 3.21396000e-03  4.79901447e+00 
 3.21496000e-03  4.79921535e+00 
 3.21596000e-03  4.79941604e+00 
 3.21696000e-03  4.79961652e+00 
 3.21796000e-03  4.79981680e+00 
 3.21896000e-03  4.80001689e+00 
 3.21996000e-03  4.80021677e+00 
 3.22096000e-03  4.80041645e+00 
 3.22196000e-03  4.80061594e+00 
 3.22296000e-03  4.80081522e+00 
 3.22396000e-03  4.80101431e+00 
 3.22496000e-03  4.80121319e+00 
 3.22596000e-03  4.80141188e+00 
 3.22696000e-03  4.80161037e+00 
 3.22796000e-03  4.80180866e+00 
 3.22896000e-03  4.80200675e+00 
 3.22996000e-03  4.80220465e+00 
 3.23096000e-03  4.80240234e+00 
 3.23196000e-03  4.80259984e+00 
 3.23296000e-03  4.80279714e+00 
 3.23396000e-03  4.80299425e+00 
 3.23496000e-03  4.80319116e+00 
 3.23596000e-03  4.80338787e+00 
 3.23696000e-03  4.80358438e+00 
 3.23796000e-03  4.80378070e+00 
 3.23896000e-03  4.80397682e+00 
 3.23996000e-03  4.80417274e+00 
 3.24096000e-03  4.80436847e+00 
 3.24196000e-03  4.80456401e+00 
 3.24296000e-03  4.80475935e+00 
 3.24396000e-03  4.80495449e+00 
 3.24496000e-03  4.80514944e+00 
 3.24596000e-03  4.80534419e+00 
 3.24696000e-03  4.80553875e+00 
 3.24796000e-03  4.80573311e+00 
 3.24896000e-03  4.80592728e+00 
 3.24996000e-03  4.80612126e+00 
 3.25096000e-03  4.80631504e+00 
 3.25196000e-03  4.80650863e+00 
 3.25296000e-03  4.80670202e+00 
 3.25396000e-03  4.80689522e+00 
 3.25496000e-03  4.80708823e+00 
 3.25596000e-03  4.80728105e+00 
 3.25696000e-03  4.80747367e+00 
 3.25796000e-03  4.80766610e+00 
 3.25896000e-03  4.80785834e+00 
 3.25996000e-03  4.80805038e+00 
 3.26096000e-03  4.80824224e+00 
 3.26196000e-03  4.80843390e+00 
 3.26296000e-03  4.80862537e+00 
 3.26396000e-03  4.80881665e+00 
 3.26496000e-03  4.80900774e+00 
 3.26596000e-03  4.80919863e+00 
 3.26696000e-03  4.80938934e+00 
 3.26796000e-03  4.80957985e+00 
 3.26896000e-03  4.80977018e+00 
 3.26996000e-03  4.80996031e+00 
 3.27096000e-03  4.81015026e+00 
 3.27196000e-03  4.81034001e+00 
 3.27296000e-03  4.81052958e+00 
 3.27396000e-03  4.81071896e+00 
 3.27496000e-03  4.81090814e+00 
 3.27596000e-03  4.81109714e+00 
 3.27696000e-03  4.81128595e+00 
 3.27796000e-03  4.81147457e+00 
 3.27896000e-03  4.81166300e+00 
 3.27996000e-03  4.81185124e+00 
 3.28096000e-03  4.81203930e+00 
 3.28196000e-03  4.81222716e+00 
 3.28296000e-03  4.81241484e+00 
 3.28396000e-03  4.81260233e+00 
 3.28496000e-03  4.81278964e+00 
 3.28596000e-03  4.81297675e+00 
 3.28696000e-03  4.81316368e+00 
 3.28796000e-03  4.81335043e+00 
 3.28896000e-03  4.81353698e+00 
 3.28996000e-03  4.81372335e+00 
 3.29096000e-03  4.81390954e+00 
 3.29196000e-03  4.81409553e+00 
 3.29296000e-03  4.81428135e+00 
 3.29396000e-03  4.81446697e+00 
 3.29496000e-03  4.81465241e+00 
 3.29596000e-03  4.81483767e+00 
 3.29696000e-03  4.81502274e+00 
 3.29796000e-03  4.81520762e+00 
 3.29896000e-03  4.81539232e+00 
 3.29996000e-03  4.81557684e+00 
 3.30096000e-03  4.81576117e+00 
 3.30196000e-03  4.81594531e+00 
 3.30296000e-03  4.81612928e+00 
 3.30396000e-03  4.81631306e+00 
 3.30496000e-03  4.81649665e+00 
 3.30596000e-03  4.81668006e+00 
 3.30696000e-03  4.81686329e+00 
 3.30796000e-03  4.81704634e+00 
 3.30896000e-03  4.81722920e+00 
 3.30996000e-03  4.81741188e+00 
 3.31096000e-03  4.81759437e+00 
 3.31196000e-03  4.81777669e+00 
 3.31296000e-03  4.81795882e+00 
 3.31396000e-03  4.81814077e+00 
 3.31496000e-03  4.81832254e+00 
 3.31596000e-03  4.81850413e+00 
 3.31696000e-03  4.81868553e+00 
 3.31796000e-03  4.81886676e+00 
 3.31896000e-03  4.81904780e+00 
 3.31996000e-03  4.81922866e+00 
 3.32096000e-03  4.81940934e+00 
 3.32196000e-03  4.81958984e+00 
 3.32296000e-03  4.81977016e+00 
 3.32396000e-03  4.81995030e+00 
 3.32496000e-03  4.82013026e+00 
 3.32596000e-03  4.82031004e+00 
 3.32696000e-03  4.82048964e+00 
 3.32796000e-03  4.82066906e+00 
 3.32896000e-03  4.82084830e+00 
 3.32996000e-03  4.82102737e+00 
 3.33096000e-03  4.82120625e+00 
 3.33196000e-03  4.82138495e+00 
 3.33296000e-03  4.82156348e+00 
 3.33396000e-03  4.82174183e+00 
 3.33496000e-03  4.82191999e+00 
 3.33596000e-03  4.82209799e+00 
 3.33696000e-03  4.82227580e+00 
 3.33796000e-03  4.82245343e+00 
 3.33896000e-03  4.82263089e+00 
 3.33996000e-03  4.82280817e+00 
 3.34096000e-03  4.82298528e+00 
 3.34196000e-03  4.82316220e+00 
 3.34296000e-03  4.82333895e+00 
 3.34396000e-03  4.82351552e+00 
 3.34496000e-03  4.82369192e+00 
 3.34596000e-03  4.82386814e+00 
 3.34696000e-03  4.82404418e+00 
 3.34796000e-03  4.82422005e+00 
 3.34896000e-03  4.82439574e+00 
 3.34996000e-03  4.82457126e+00 
 3.35096000e-03  4.82474660e+00 
 3.35196000e-03  4.82492177e+00 
 3.35296000e-03  4.82509676e+00 
 3.35396000e-03  4.82527157e+00 
 3.35496000e-03  4.82544622e+00 
 3.35596000e-03  4.82562068e+00 
 3.35696000e-03  4.82579497e+00 
 3.35796000e-03  4.82596909e+00 
 3.35896000e-03  4.82614304e+00 
 3.35996000e-03  4.82631681e+00 
 3.36096000e-03  4.82649040e+00 
 3.36196000e-03  4.82666383e+00 
 3.36296000e-03  4.82683708e+00 
 3.36396000e-03  4.82701015e+00 
 3.36496000e-03  4.82718305e+00 
 3.36596000e-03  4.82735579e+00 
 3.36696000e-03  4.82752834e+00 
 3.36796000e-03  4.82770073e+00 
 3.36896000e-03  4.82787294e+00 
 3.36996000e-03  4.82804498e+00 
 3.37096000e-03  4.82821685e+00 
 3.37196000e-03  4.82838855e+00 
 3.37296000e-03  4.82856008e+00 
 3.37396000e-03  4.82873143e+00 
 3.37496000e-03  4.82890261e+00 
 3.37596000e-03  4.82907362e+00 
 3.37696000e-03  4.82924447e+00 
 3.37796000e-03  4.82941514e+00 
 3.37896000e-03  4.82958564e+00 
 3.37996000e-03  4.82975596e+00 
 3.38096000e-03  4.82992612e+00 
 3.38196000e-03  4.83009611e+00 
 3.38296000e-03  4.83026593e+00 
 3.38396000e-03  4.83043558e+00 
 3.38496000e-03  4.83060506e+00 
 3.38596000e-03  4.83077437e+00 
 3.38696000e-03  4.83094351e+00 
 3.38796000e-03  4.83111248e+00 
 3.38896000e-03  4.83128129e+00 
 3.38996000e-03  4.83144992e+00 
 3.39096000e-03  4.83161839e+00 
 3.39196000e-03  4.83178668e+00 
 3.39296000e-03  4.83195481e+00 
 3.39396000e-03  4.83212277e+00 
 3.39496000e-03  4.83229057e+00 
 3.39596000e-03  4.83245819e+00 
 3.39696000e-03  4.83262565e+00 
 3.39796000e-03  4.83279294e+00 
 3.39896000e-03  4.83296007e+00 
 3.39996000e-03  4.83312702e+00 
 3.40096000e-03  4.83329381e+00 
 3.40196000e-03  4.83346043e+00 
 3.40296000e-03  4.83362689e+00 
 3.40396000e-03  4.83379318e+00 
 3.40496000e-03  4.83395930e+00 
 3.40596000e-03  4.83412526e+00 
 3.40696000e-03  4.83429105e+00 
 3.40796000e-03  4.83445668e+00 
 3.40896000e-03  4.83462214e+00 
 3.40996000e-03  4.83478744e+00 
 3.41096000e-03  4.83495257e+00 
 3.41196000e-03  4.83511753e+00 
 3.41296000e-03  4.83528233e+00 
 3.41396000e-03  4.83544697e+00 
 3.41496000e-03  4.83561144e+00 
 3.41596000e-03  4.83577574e+00 
 3.41696000e-03  4.83593989e+00 
 3.41796000e-03  4.83610386e+00 
 3.41896000e-03  4.83626768e+00 
 3.41996000e-03  4.83643133e+00 
 3.42096000e-03  4.83659482e+00 
 3.42196000e-03  4.83675814e+00 
 3.42296000e-03  4.83692130e+00 
 3.42396000e-03  4.83708430e+00 
 3.42496000e-03  4.83724713e+00 
 3.42596000e-03  4.83740980e+00 
 3.42696000e-03  4.83757231e+00 
 3.42796000e-03  4.83773466e+00 
 3.42896000e-03  4.83789684e+00 
 3.42996000e-03  4.83805886e+00 
 3.43096000e-03  4.83822072e+00 
 3.43196000e-03  4.83838242e+00 
 3.43296000e-03  4.83854396e+00 
 3.43396000e-03  4.83870534e+00 
 3.43496000e-03  4.83886655e+00 
 3.43596000e-03  4.83902760e+00 
 3.43696000e-03  4.83918849e+00 
 3.43796000e-03  4.83934923e+00 
 3.43896000e-03  4.83950980e+00 
 3.43996000e-03  4.83967021e+00 
 3.44096000e-03  4.83983046e+00 
 3.44196000e-03  4.83999055e+00 
 3.44296000e-03  4.84015047e+00 
 3.44396000e-03  4.84031024e+00 
 3.44496000e-03  4.84046985e+00 
 3.44596000e-03  4.84062930e+00 
 3.44696000e-03  4.84078860e+00 
 3.44796000e-03  4.84094773e+00 
 3.44896000e-03  4.84110670e+00 
 3.44996000e-03  4.84126551e+00 
 3.45096000e-03  4.84142417e+00 
 3.45196000e-03  4.84158267e+00 
 3.45296000e-03  4.84174100e+00 
 3.45396000e-03  4.84189918e+00 
 3.45496000e-03  4.84205721e+00 
 3.45596000e-03  4.84221507e+00 
 3.45696000e-03  4.84237278e+00 
 3.45796000e-03  4.84253032e+00 
 3.45896000e-03  4.84268772e+00 
 3.45996000e-03  4.84284495e+00 
 3.46096000e-03  4.84300203e+00 
 3.46196000e-03  4.84315894e+00 
 3.46296000e-03  4.84331571e+00 
 3.46396000e-03  4.84347231e+00 
 3.46496000e-03  4.84362876e+00 
 3.46596000e-03  4.84378506e+00 
 3.46696000e-03  4.84394119e+00 
 3.46796000e-03  4.84409717e+00 
 3.46896000e-03  4.84425300e+00 
 3.46996000e-03  4.84440867e+00 
 3.47096000e-03  4.84456418e+00 
 3.47196000e-03  4.84471954e+00 
 3.47296000e-03  4.84487474e+00 
 3.47396000e-03  4.84502979e+00 
 3.47496000e-03  4.84518468e+00 
 3.47596000e-03  4.84533942e+00 
 3.47696000e-03  4.84549400e+00 
 3.47796000e-03  4.84564843e+00 
 3.47896000e-03  4.84580271e+00 
 3.47996000e-03  4.84595683e+00 
 3.48096000e-03  4.84611079e+00 
 3.48196000e-03  4.84626461e+00 
 3.48296000e-03  4.84641826e+00 
 3.48396000e-03  4.84657177e+00 
 3.48496000e-03  4.84672512e+00 
 3.48596000e-03  4.84687832e+00 
 3.48696000e-03  4.84703136e+00 
 3.48796000e-03  4.84718426e+00 
 3.48896000e-03  4.84733700e+00 
 3.48996000e-03  4.84748958e+00 
 3.49096000e-03  4.84764202e+00 
 3.49196000e-03  4.84779430e+00 
 3.49296000e-03  4.84794643e+00 
 3.49396000e-03  4.84809841e+00 
 3.49496000e-03  4.84825023e+00 
 3.49596000e-03  4.84840191e+00 
 3.49696000e-03  4.84855343e+00 
 3.49796000e-03  4.84870480e+00 
 3.49896000e-03  4.84885602e+00 
 3.49996000e-03  4.84900709e+00 
 3.50096000e-03  4.84915800e+00 
 3.50196000e-03  4.84930877e+00 
 3.50296000e-03  4.84945939e+00 
 3.50396000e-03  4.84960985e+00 
 3.50496000e-03  4.84976017e+00 
 3.50596000e-03  4.84991033e+00 
 3.50696000e-03  4.85006035e+00 
 3.50796000e-03  4.85021021e+00 
 3.50896000e-03  4.85035993e+00 
 3.50996000e-03  4.85050949e+00 
 3.51096000e-03  4.85065891e+00 
 3.51196000e-03  4.85080817e+00 
 3.51296000e-03  4.85095729e+00 
 3.51396000e-03  4.85110626e+00 
 3.51496000e-03  4.85125508e+00 
 3.51596000e-03  4.85140375e+00 
 3.51696000e-03  4.85155227e+00 
 3.51796000e-03  4.85170064e+00 
 3.51896000e-03  4.85184887e+00 
 3.51996000e-03  4.85199695e+00 
 3.52096000e-03  4.85214488e+00 
 3.52196000e-03  4.85229266e+00 
 3.52296000e-03  4.85244029e+00 
 3.52396000e-03  4.85258778e+00 
 3.52496000e-03  4.85273512e+00 
 3.52596000e-03  4.85288231e+00 
 3.52696000e-03  4.85302935e+00 
 3.52796000e-03  4.85317625e+00 
 3.52896000e-03  4.85332300e+00 
 3.52996000e-03  4.85346960e+00 
 3.53096000e-03  4.85361606e+00 
 3.53196000e-03  4.85376237e+00 
 3.53296000e-03  4.85390853e+00 
 3.53396000e-03  4.85405455e+00 
 3.53496000e-03  4.85420043e+00 
 3.53596000e-03  4.85434615e+00 
 3.53696000e-03  4.85449173e+00 
 3.53796000e-03  4.85463717e+00 
 3.53896000e-03  4.85478246e+00 
 3.53996000e-03  4.85492760e+00 
 3.54096000e-03  4.85507260e+00 
 3.54196000e-03  4.85521746e+00 
 3.54296000e-03  4.85536217e+00 
 3.54396000e-03  4.85550673e+00 
 3.54496000e-03  4.85565116e+00 
 3.54596000e-03  4.85579543e+00 
 3.54696000e-03  4.85593957e+00 
 3.54796000e-03  4.85608355e+00 
 3.54896000e-03  4.85622740e+00 
 3.54996000e-03  4.85637110e+00 
 3.55096000e-03  4.85651466e+00 
 3.55196000e-03  4.85665807e+00 
 3.55296000e-03  4.85680134e+00 
 3.55396000e-03  4.85694447e+00 
 3.55496000e-03  4.85708745e+00 
 3.55596000e-03  4.85723029e+00 
 3.55696000e-03  4.85737299e+00 
 3.55796000e-03  4.85751555e+00 
 3.55896000e-03  4.85765796e+00 
 3.55996000e-03  4.85780023e+00 
 3.56096000e-03  4.85794236e+00 
 3.56196000e-03  4.85808435e+00 
 3.56296000e-03  4.85822619e+00 
 3.56396000e-03  4.85836789e+00 
 3.56496000e-03  4.85850945e+00 
 3.56596000e-03  4.85865087e+00 
 3.56696000e-03  4.85879215e+00 
 3.56796000e-03  4.85893329e+00 
 3.56896000e-03  4.85907429e+00 
 3.56996000e-03  4.85921514e+00 
 3.57096000e-03  4.85935586e+00 
 3.57196000e-03  4.85949643e+00 
 3.57296000e-03  4.85963686e+00 
 3.57396000e-03  4.85977716e+00 
 3.57496000e-03  4.85991731e+00 
 3.57596000e-03  4.86005732e+00 
 3.57696000e-03  4.86019719e+00 
 3.57796000e-03  4.86033693e+00 
 3.57896000e-03  4.86047652e+00 
 3.57996000e-03  4.86061597e+00 
 3.58096000e-03  4.86075529e+00 
 3.58196000e-03  4.86089446e+00 
 3.58296000e-03  4.86103350e+00 
 3.58396000e-03  4.86117240e+00 
 3.58496000e-03  4.86131116e+00 
 3.58596000e-03  4.86144978e+00 
 3.58696000e-03  4.86158826e+00 
 3.58796000e-03  4.86172660e+00 
 3.58896000e-03  4.86186480e+00 
 3.58996000e-03  4.86200287e+00 
 3.59096000e-03  4.86214080e+00 
 3.59196000e-03  4.86227859e+00 
 3.59296000e-03  4.86241624e+00 
 3.59396000e-03  4.86255376e+00 
 3.59496000e-03  4.86269113e+00 
 3.59596000e-03  4.86282837e+00 
 3.59696000e-03  4.86296548e+00 
 3.59796000e-03  4.86310244e+00 
 3.59896000e-03  4.86323927e+00 
 3.59996000e-03  4.86337596e+00 
 3.60096000e-03  4.86351252e+00 
 3.60196000e-03  4.86364894e+00 
 3.60296000e-03  4.86378522e+00 
 3.60396000e-03  4.86392137e+00 
 3.60496000e-03  4.86405738e+00 
 3.60596000e-03  4.86419325e+00 
 3.60696000e-03  4.86432899e+00 
 3.60796000e-03  4.86446460e+00 
 3.60896000e-03  4.86460006e+00 
 3.60996000e-03  4.86473540e+00 
 3.61096000e-03  4.86487059e+00 
 3.61196000e-03  4.86500565e+00 
 3.61296000e-03  4.86514058e+00 
 3.61396000e-03  4.86527537e+00 
 3.61496000e-03  4.86541003e+00 
 3.61596000e-03  4.86554455e+00 
 3.61696000e-03  4.86567894e+00 
 3.61796000e-03  4.86581320e+00 
 3.61896000e-03  4.86594732e+00 
 3.61996000e-03  4.86608130e+00 
 3.62096000e-03  4.86621515e+00 
 3.62196000e-03  4.86634887e+00 
 3.62296000e-03  4.86648246e+00 
 3.62396000e-03  4.86661591e+00 
 3.62496000e-03  4.86674922e+00 
 3.62596000e-03  4.86688241e+00 
 3.62696000e-03  4.86701546e+00 
 3.62796000e-03  4.86714838e+00 
 3.62896000e-03  4.86728116e+00 
 3.62996000e-03  4.86741381e+00 
 3.63096000e-03  4.86754633e+00 
 3.63196000e-03  4.86767872e+00 
 3.63296000e-03  4.86781098e+00 
 3.63396000e-03  4.86794310e+00 
 3.63496000e-03  4.86807509e+00 
 3.63596000e-03  4.86820695e+00 
 3.63696000e-03  4.86833868e+00 
 3.63796000e-03  4.86847027e+00 
 3.63896000e-03  4.86860174e+00 
 3.63996000e-03  4.86873307e+00 
 3.64096000e-03  4.86886427e+00 
 3.64196000e-03  4.86899534e+00 
 3.64296000e-03  4.86912628e+00 
 3.64396000e-03  4.86925709e+00 
 3.64496000e-03  4.86938777e+00 
 3.64596000e-03  4.86951831e+00 
 3.64696000e-03  4.86964873e+00 
 3.64796000e-03  4.86977902e+00 
 3.64896000e-03  4.86990917e+00 
 3.64996000e-03  4.87003920e+00 
 3.65096000e-03  4.87016909e+00 
 3.65196000e-03  4.87029886e+00 
 3.65296000e-03  4.87042850e+00 
 3.65396000e-03  4.87055800e+00 
 3.65496000e-03  4.87068738e+00 
 3.65596000e-03  4.87081663e+00 
 3.65696000e-03  4.87094575e+00 
 3.65796000e-03  4.87107474e+00 
 3.65896000e-03  4.87120360e+00 
 3.65996000e-03  4.87133233e+00 
 3.66096000e-03  4.87146093e+00 
 3.66196000e-03  4.87158941e+00 
 3.66296000e-03  4.87171775e+00 
 3.66396000e-03  4.87184597e+00 
 3.66496000e-03  4.87197406e+00 
 3.66596000e-03  4.87210202e+00 
 3.66696000e-03  4.87222986e+00 
 3.66796000e-03  4.87235756e+00 
 3.66896000e-03  4.87248514e+00 
 3.66996000e-03  4.87261259e+00 
 3.67096000e-03  4.87273992e+00 
 3.67196000e-03  4.87286711e+00 
 3.67296000e-03  4.87299418e+00 
 3.67396000e-03  4.87312113e+00 
 3.67496000e-03  4.87324794e+00 
 3.67596000e-03  4.87337463e+00 
 3.67696000e-03  4.87350119e+00 
 3.67796000e-03  4.87362763e+00 
 3.67896000e-03  4.87375394e+00 
 3.67996000e-03  4.87388012e+00 
 3.68096000e-03  4.87400618e+00 
 3.68196000e-03  4.87413211e+00 
 3.68296000e-03  4.87425791e+00 
 3.68396000e-03  4.87438359e+00 
 3.68496000e-03  4.87450915e+00 
 3.68596000e-03  4.87463457e+00 
 3.68696000e-03  4.87475988e+00 
 3.68796000e-03  4.87488505e+00 
 3.68896000e-03  4.87501011e+00 
 3.68996000e-03  4.87513503e+00 
 3.69096000e-03  4.87525984e+00 
 3.69196000e-03  4.87538451e+00 
 3.69296000e-03  4.87550907e+00 
 3.69396000e-03  4.87563350e+00 
 3.69496000e-03  4.87575780e+00 
 3.69596000e-03  4.87588198e+00 
 3.69696000e-03  4.87600604e+00 
 3.69796000e-03  4.87612997e+00 
 3.69896000e-03  4.87625378e+00 
 3.69996000e-03  4.87637746e+00 
 3.70096000e-03  4.87650102e+00 
 3.70196000e-03  4.87662446e+00 
 3.70296000e-03  4.87674777e+00 
 3.70396000e-03  4.87687096e+00 
 3.70496000e-03  4.87699403e+00 
 3.70596000e-03  4.87711698e+00 
 3.70696000e-03  4.87723980e+00 
 3.70796000e-03  4.87736250e+00 
 3.70896000e-03  4.87748507e+00 
 3.70996000e-03  4.87760753e+00 
 3.71096000e-03  4.87772986e+00 
 3.71196000e-03  4.87785207e+00 
 3.71296000e-03  4.87797415e+00 
 3.71396000e-03  4.87809612e+00 
 3.71496000e-03  4.87821796e+00 
 3.71596000e-03  4.87833968e+00 
 3.71696000e-03  4.87846128e+00 
 3.71796000e-03  4.87858276e+00 
 3.71896000e-03  4.87870412e+00 
 3.71996000e-03  4.87882535e+00 
 3.72096000e-03  4.87894647e+00 
 3.72196000e-03  4.87906746e+00 
 3.72296000e-03  4.87918833e+00 
 3.72396000e-03  4.87930908e+00 
 3.72496000e-03  4.87942971e+00 
 3.72596000e-03  4.87955022e+00 
 3.72696000e-03  4.87967061e+00 
 3.72796000e-03  4.87979088e+00 
 3.72896000e-03  4.87991103e+00 
 3.72996000e-03  4.88003106e+00 
 3.73096000e-03  4.88015097e+00 
 3.73196000e-03  4.88027076e+00 
 3.73296000e-03  4.88039043e+00 
 3.73396000e-03  4.88050998e+00 
 3.73496000e-03  4.88062941e+00 
 3.73596000e-03  4.88074872e+00 
 3.73696000e-03  4.88086791e+00 
 3.73796000e-03  4.88098698e+00 
 3.73896000e-03  4.88110594e+00 
 3.73996000e-03  4.88122477e+00 
 3.74096000e-03  4.88134349e+00 
 3.74196000e-03  4.88146208e+00 
 3.74296000e-03  4.88158056e+00 
 3.74396000e-03  4.88169892e+00 
 3.74496000e-03  4.88181716e+00 
 3.74596000e-03  4.88193529e+00 
 3.74696000e-03  4.88205329e+00 
 3.74796000e-03  4.88217118e+00 
 3.74896000e-03  4.88228895e+00 
 3.74996000e-03  4.88240660e+00 
 3.75096000e-03  4.88252414e+00 
 3.75196000e-03  4.88264156e+00 
 3.75296000e-03  4.88275886e+00 
 3.75396000e-03  4.88287604e+00 
 3.75496000e-03  4.88299310e+00 
 3.75596000e-03  4.88311005e+00 
 3.75696000e-03  4.88322688e+00 
 3.75796000e-03  4.88334360e+00 
 3.75896000e-03  4.88346020e+00 
 3.75996000e-03  4.88357668e+00 
 3.76096000e-03  4.88369304e+00 
 3.76196000e-03  4.88380929e+00 
 3.76296000e-03  4.88392542e+00 
 3.76396000e-03  4.88404144e+00 
 3.76496000e-03  4.88415734e+00 
 3.76596000e-03  4.88427313e+00 
 3.76696000e-03  4.88438880e+00 
 3.76796000e-03  4.88450435e+00 
 3.76896000e-03  4.88461979e+00 
 3.76996000e-03  4.88473511e+00 
 3.77096000e-03  4.88485032e+00 
 3.77196000e-03  4.88496541e+00 
 3.77296000e-03  4.88508039e+00 
 3.77396000e-03  4.88519525e+00 
 3.77496000e-03  4.88531000e+00 
 3.77596000e-03  4.88542463e+00 
 3.77696000e-03  4.88553915e+00 
 3.77796000e-03  4.88565355e+00 
 3.77896000e-03  4.88576784e+00 
 3.77996000e-03  4.88588201e+00 
 3.78096000e-03  4.88599607e+00 
 3.78196000e-03  4.88611002e+00 
 3.78296000e-03  4.88622385e+00 
 3.78396000e-03  4.88633757e+00 
 3.78496000e-03  4.88645118e+00 
 3.78596000e-03  4.88656467e+00 
 3.78696000e-03  4.88667805e+00 
 3.78796000e-03  4.88679132e+00 
 3.78896000e-03  4.88690447e+00 
 3.78996000e-03  4.88701751e+00 
 3.79096000e-03  4.88713043e+00 
 3.79196000e-03  4.88724325e+00 
 3.79296000e-03  4.88735595e+00 
 3.79396000e-03  4.88746853e+00 
 3.79496000e-03  4.88758101e+00 
 3.79596000e-03  4.88769337e+00 
 3.79696000e-03  4.88780562e+00 
 3.79796000e-03  4.88791776e+00 
 3.79896000e-03  4.88802979e+00 
 3.79996000e-03  4.88814170e+00 
 3.80096000e-03  4.88825350e+00 
 3.80196000e-03  4.88836519e+00 
 3.80296000e-03  4.88847677e+00 
 3.80396000e-03  4.88858824e+00 
 3.80496000e-03  4.88869960e+00 
 3.80596000e-03  4.88881084e+00 
 3.80696000e-03  4.88892198e+00 
 3.80796000e-03  4.88903300e+00 
 3.80896000e-03  4.88914391e+00 
 3.80996000e-03  4.88925471e+00 
 3.81096000e-03  4.88936540e+00 
 3.81196000e-03  4.88947598e+00 
 3.81296000e-03  4.88958645e+00 
 3.81396000e-03  4.88969681e+00 
 3.81496000e-03  4.88980705e+00 
 3.81596000e-03  4.88991719e+00 
 3.81696000e-03  4.89002722e+00 
 3.81796000e-03  4.89013714e+00 
 3.81896000e-03  4.89024695e+00 
 3.81996000e-03  4.89035664e+00 
 3.82096000e-03  4.89046623e+00 
 3.82196000e-03  4.89057571e+00 
 3.82296000e-03  4.89068508e+00 
 3.82396000e-03  4.89079434e+00 
 3.82496000e-03  4.89090349e+00 
 3.82596000e-03  4.89101254e+00 
 3.82696000e-03  4.89112147e+00 
 3.82796000e-03  4.89123029e+00 
 3.82896000e-03  4.89133901e+00 
 3.82996000e-03  4.89144761e+00 
 3.83096000e-03  4.89155611e+00 
 3.83196000e-03  4.89166450e+00 
 3.83296000e-03  4.89177278e+00 
 3.83396000e-03  4.89188096e+00 
 3.83496000e-03  4.89198902e+00 
 3.83596000e-03  4.89209698e+00 
 3.83696000e-03  4.89220483e+00 
 3.83796000e-03  4.89231257e+00 
 3.83896000e-03  4.89242020e+00 
 3.83996000e-03  4.89252773e+00 
 3.84096000e-03  4.89263515e+00 
 3.84196000e-03  4.89274246e+00 
 3.84296000e-03  4.89284966e+00 
 3.84396000e-03  4.89295676e+00 
 3.84496000e-03  4.89306375e+00 
 3.84596000e-03  4.89317063e+00 
 3.84696000e-03  4.89327741e+00 
 3.84796000e-03  4.89338408e+00 
 3.84896000e-03  4.89349064e+00 
 3.84996000e-03  4.89359710e+00 
 3.85096000e-03  4.89370345e+00 
 3.85196000e-03  4.89380969e+00 
 3.85296000e-03  4.89391583e+00 
 3.85396000e-03  4.89402186e+00 
 3.85496000e-03  4.89412778e+00 
 3.85596000e-03  4.89423360e+00 
 3.85696000e-03  4.89433932e+00 
 3.85796000e-03  4.89444492e+00 
 3.85896000e-03  4.89455043e+00 
 3.85996000e-03  4.89465582e+00 
 3.86096000e-03  4.89476111e+00 
 3.86196000e-03  4.89486630e+00 
 3.86296000e-03  4.89497138e+00 
 3.86396000e-03  4.89507636e+00 
 3.86496000e-03  4.89518123e+00 
 3.86596000e-03  4.89528600e+00 
 3.86696000e-03  4.89539066e+00 
 3.86796000e-03  4.89549521e+00 
 3.86896000e-03  4.89559967e+00 
 3.86996000e-03  4.89570401e+00 
 3.87096000e-03  4.89580826e+00 
 3.87196000e-03  4.89591240e+00 
 3.87296000e-03  4.89601643e+00 
 3.87396000e-03  4.89612037e+00 
 3.87496000e-03  4.89622419e+00 
 3.87596000e-03  4.89632792e+00 
 3.87696000e-03  4.89643154e+00 
 3.87796000e-03  4.89653505e+00 
 3.87896000e-03  4.89663847e+00 
 3.87996000e-03  4.89674178e+00 
 3.88096000e-03  4.89684498e+00 
 3.88196000e-03  4.89694809e+00 
 3.88296000e-03  4.89705109e+00 
 3.88396000e-03  4.89715398e+00 
 3.88496000e-03  4.89725678e+00 
 3.88596000e-03  4.89735947e+00 
 3.88696000e-03  4.89746206e+00 
 3.88796000e-03  4.89756455e+00 
 3.88896000e-03  4.89766693e+00 
 3.88996000e-03  4.89776921e+00 
 3.89096000e-03  4.89787139e+00 
 3.89196000e-03  4.89797347e+00 
 3.89296000e-03  4.89807545e+00 
 3.89396000e-03  4.89817732e+00 
 3.89496000e-03  4.89827909e+00 
 3.89596000e-03  4.89838076e+00 
 3.89696000e-03  4.89848233e+00 
 3.89796000e-03  4.89858380e+00 
 3.89896000e-03  4.89868516e+00 
 3.89996000e-03  4.89878643e+00 
 3.90096000e-03  4.89888759e+00 
 3.90196000e-03  4.89898865e+00 
 3.90296000e-03  4.89908961e+00 
 3.90396000e-03  4.89919047e+00 
 3.90496000e-03  4.89929123e+00 
 3.90596000e-03  4.89939189e+00 
 3.90696000e-03  4.89949245e+00 
 3.90796000e-03  4.89959291e+00 
 3.90896000e-03  4.89969326e+00 
 3.90996000e-03  4.89979352e+00 
 3.91096000e-03  4.89989368e+00 
 3.91196000e-03  4.89999373e+00 
 3.91296000e-03  4.90009369e+00 
 3.91396000e-03  4.90019354e+00 
 3.91496000e-03  4.90029330e+00 
 3.91596000e-03  4.90039296e+00 
 3.91696000e-03  4.90049252e+00 
 3.91796000e-03  4.90059197e+00 
 3.91896000e-03  4.90069133e+00 
 3.91996000e-03  4.90079059e+00 
 3.92096000e-03  4.90088975e+00 
 3.92196000e-03  4.90098881e+00 
 3.92296000e-03  4.90108777e+00 
 3.92396000e-03  4.90118664e+00 
 3.92496000e-03  4.90128540e+00 
 3.92596000e-03  4.90138406e+00 
 3.92696000e-03  4.90148263e+00 
 3.92796000e-03  4.90158110e+00 
 3.92896000e-03  4.90167947e+00 
 3.92996000e-03  4.90177774e+00 
 3.93096000e-03  4.90187591e+00 
 3.93196000e-03  4.90197399e+00 
 3.93296000e-03  4.90207197e+00 
 3.93396000e-03  4.90216984e+00 
 3.93496000e-03  4.90226763e+00 
 3.93596000e-03  4.90236531e+00 
 3.93696000e-03  4.90246290e+00 
 3.93796000e-03  4.90256038e+00 
 3.93896000e-03  4.90265777e+00 
 3.93996000e-03  4.90275507e+00 
 3.94096000e-03  4.90285226e+00 
 3.94196000e-03  4.90294936e+00 
 3.94296000e-03  4.90304637e+00 
 3.94396000e-03  4.90314327e+00 
 3.94496000e-03  4.90324008e+00 
 3.94596000e-03  4.90333679e+00 
 3.94696000e-03  4.90343341e+00 
 3.94796000e-03  4.90352992e+00 
 3.94896000e-03  4.90362635e+00 
 3.94996000e-03  4.90372267e+00 
 3.95096000e-03  4.90381890e+00 
 3.95196000e-03  4.90391503e+00 
 3.95296000e-03  4.90401107e+00 
 3.95396000e-03  4.90410701e+00 
 3.95496000e-03  4.90420286e+00 
 3.95596000e-03  4.90429861e+00 
 3.95696000e-03  4.90439426e+00 
 3.95796000e-03  4.90448982e+00 
 3.95896000e-03  4.90458528e+00 
 3.95996000e-03  4.90468065e+00 
 3.96096000e-03  4.90477592e+00 
 3.96196000e-03  4.90487110e+00 
 3.96296000e-03  4.90496618e+00 
 3.96396000e-03  4.90506116e+00 
 3.96496000e-03  4.90515605e+00 
 3.96596000e-03  4.90525085e+00 
 3.96696000e-03  4.90534555e+00 
 3.96796000e-03  4.90544016e+00 
 3.96896000e-03  4.90553467e+00 
 3.96996000e-03  4.90562909e+00 
 3.97096000e-03  4.90572341e+00 
 3.97196000e-03  4.90581764e+00 
 3.97296000e-03  4.90591178e+00 
 3.97396000e-03  4.90600582e+00 
 3.97496000e-03  4.90609977e+00 
 3.97596000e-03  4.90619362e+00 
 3.97696000e-03  4.90628738e+00 
 3.97796000e-03  4.90638105e+00 
 3.97896000e-03  4.90647462e+00 
 3.97996000e-03  4.90656810e+00 
 3.98096000e-03  4.90666148e+00 
 3.98196000e-03  4.90675477e+00 
 3.98296000e-03  4.90684797e+00 
 3.98396000e-03  4.90694108e+00 
 3.98496000e-03  4.90703409e+00 
 3.98596000e-03  4.90712701e+00 
 3.98696000e-03  4.90721984e+00 
 3.98796000e-03  4.90731257e+00 
 3.98896000e-03  4.90740521e+00 
 3.98996000e-03  4.90749776e+00 
 3.99096000e-03  4.90759022e+00 
 3.99196000e-03  4.90768258e+00 
 3.99296000e-03  4.90777485e+00 
 3.99396000e-03  4.90786703e+00 
 3.99496000e-03  4.90795912e+00 
 3.99596000e-03  4.90805111e+00 
 3.99696000e-03  4.90814301e+00 
 3.99796000e-03  4.90823483e+00 
 3.99896000e-03  4.90832655e+00 
 3.99996000e-03  4.90841817e+00 
 4.00096000e-03  4.90850971e+00 
 4.00196000e-03  4.90860115e+00 
 4.00296000e-03  4.90869251e+00 
 4.00396000e-03  4.90878377e+00 
 4.00496000e-03  4.90887494e+00 
 4.00596000e-03  4.90896602e+00 
 4.00696000e-03  4.90905701e+00 
 4.00796000e-03  4.90914790e+00 
 4.00896000e-03  4.90923871e+00 
 4.00996000e-03  4.90932943e+00 
 4.01096000e-03  4.90942005e+00 
 4.01196000e-03  4.90951059e+00 
 4.01296000e-03  4.90960103e+00 
 4.01396000e-03  4.90969139e+00 
 4.01496000e-03  4.90978165e+00 
 4.01596000e-03  4.90987182e+00 
 4.01696000e-03  4.90996190e+00 
 4.01796000e-03  4.91005190e+00 
 4.01896000e-03  4.91014180e+00 
 4.01996000e-03  4.91023161e+00 
 4.02096000e-03  4.91032134e+00 
 4.02196000e-03  4.91041097e+00 
 4.02296000e-03  4.91050052e+00 
 4.02396000e-03  4.91058997e+00 
 4.02496000e-03  4.91067934e+00 
 4.02596000e-03  4.91076861e+00 
 4.02696000e-03  4.91085780e+00 
 4.02796000e-03  4.91094690e+00 
 4.02896000e-03  4.91103591e+00 
 4.02996000e-03  4.91112482e+00 
 4.03096000e-03  4.91121366e+00 
 4.03196000e-03  4.91130240e+00 
 4.03296000e-03  4.91139105e+00 
 4.03396000e-03  4.91147962e+00 
 4.03496000e-03  4.91156809e+00 
 4.03596000e-03  4.91165648e+00 
 4.03696000e-03  4.91174478e+00 
 4.03796000e-03  4.91183299e+00 
 4.03896000e-03  4.91192111e+00 
 4.03996000e-03  4.91200915e+00 
 4.04096000e-03  4.91209709e+00 
 4.04196000e-03  4.91218495e+00 
 4.04296000e-03  4.91227272e+00 
 4.04396000e-03  4.91236041e+00 
 4.04496000e-03  4.91244800e+00 
 4.04596000e-03  4.91253551e+00 
 4.04696000e-03  4.91262293e+00 
 4.04796000e-03  4.91271027e+00 
 4.04896000e-03  4.91279751e+00 
 4.04996000e-03  4.91288467e+00 
 4.05096000e-03  4.91297174e+00 
 4.05196000e-03  4.91305873e+00 
 4.05296000e-03  4.91314563e+00 
 4.05396000e-03  4.91323244e+00 
 4.05496000e-03  4.91331916e+00 
 4.05596000e-03  4.91340580e+00 
 4.05696000e-03  4.91349235e+00 
 4.05796000e-03  4.91357881e+00 
 4.05896000e-03  4.91366519e+00 
 4.05996000e-03  4.91375148e+00 
 4.06096000e-03  4.91383769e+00 
 4.06196000e-03  4.91392381e+00 
 4.06296000e-03  4.91400984e+00 
 4.06396000e-03  4.91409579e+00 
 4.06496000e-03  4.91418165e+00 
 4.06596000e-03  4.91426743e+00 
 4.06696000e-03  4.91435312e+00 
 4.06796000e-03  4.91443872e+00 
 4.06896000e-03  4.91452424e+00 
 4.06996000e-03  4.91460967e+00 
 4.07096000e-03  4.91469502e+00 
 4.07196000e-03  4.91478028e+00 
 4.07296000e-03  4.91486546e+00 
 4.07396000e-03  4.91495055e+00 
 4.07496000e-03  4.91503556e+00 
 4.07596000e-03  4.91512048e+00 
 4.07696000e-03  4.91520532e+00 
 4.07796000e-03  4.91529007e+00 
 4.07896000e-03  4.91537474e+00 
 4.07996000e-03  4.91545932e+00 
 4.08096000e-03  4.91554382e+00 
 4.08196000e-03  4.91562823e+00 
 4.08296000e-03  4.91571256e+00 
 4.08396000e-03  4.91579681e+00 
 4.08496000e-03  4.91588097e+00 
 4.08596000e-03  4.91596504e+00 
 4.08696000e-03  4.91604904e+00 
 4.08796000e-03  4.91613295e+00 
 4.08896000e-03  4.91621677e+00 
 4.08996000e-03  4.91630051e+00 
 4.09096000e-03  4.91638417e+00 
 4.09196000e-03  4.91646774e+00 
 4.09296000e-03  4.91655123e+00 
 4.09396000e-03  4.91663464e+00 
 4.09496000e-03  4.91671797e+00 
 4.09596000e-03  4.91680121e+00 
 4.09696000e-03  4.91688436e+00 
 4.09796000e-03  4.91696744e+00 
 4.09896000e-03  4.91705043e+00 
 4.09996000e-03  4.91713334e+00 
 4.10096000e-03  4.91721616e+00 
 4.10196000e-03  4.91729890e+00 
 4.10296000e-03  4.91738156e+00 
 4.10396000e-03  4.91746414e+00 
 4.10496000e-03  4.91754664e+00 
 4.10596000e-03  4.91762905e+00 
 4.10696000e-03  4.91771138e+00 
 4.10796000e-03  4.91779363e+00 
 4.10896000e-03  4.91787579e+00 
 4.10996000e-03  4.91795787e+00 
 4.11096000e-03  4.91803987e+00 
 4.11196000e-03  4.91812179e+00 
 4.11296000e-03  4.91820363e+00 
 4.11396000e-03  4.91828539e+00 
 4.11496000e-03  4.91836706e+00 
 4.11596000e-03  4.91844865e+00 
 4.11696000e-03  4.91853016e+00 
 4.11796000e-03  4.91861159e+00 
 4.11896000e-03  4.91869294e+00 
 4.11996000e-03  4.91877421e+00 
 4.12096000e-03  4.91885539e+00 
 4.12196000e-03  4.91893650e+00 
 4.12296000e-03  4.91901752e+00 
 4.12396000e-03  4.91909846e+00 
 4.12496000e-03  4.91917932e+00 
 4.12596000e-03  4.91926010e+00 
 4.12696000e-03  4.91934080e+00 
 4.12796000e-03  4.91942142e+00 
 4.12896000e-03  4.91950196e+00 
 4.12996000e-03  4.91958242e+00 
 4.13096000e-03  4.91966279e+00 
 4.13196000e-03  4.91974309e+00 
 4.13296000e-03  4.91982331e+00 
 4.13396000e-03  4.91990344e+00 
 4.13496000e-03  4.91998350e+00 
 4.13596000e-03  4.92006348e+00 
 4.13696000e-03  4.92014337e+00 
 4.13796000e-03  4.92022319e+00 
 4.13896000e-03  4.92030293e+00 
 4.13996000e-03  4.92038259e+00 
 4.14096000e-03  4.92046216e+00 
 4.14196000e-03  4.92054166e+00 
 4.14296000e-03  4.92062108e+00 
 4.14396000e-03  4.92070042e+00 
 4.14496000e-03  4.92077968e+00 
 4.14596000e-03  4.92085886e+00 
 4.14696000e-03  4.92093796e+00 
 4.14796000e-03  4.92101698e+00 
 4.14896000e-03  4.92109593e+00 
 4.14996000e-03  4.92117479e+00 
 4.15096000e-03  4.92125358e+00 
 4.15196000e-03  4.92133228e+00 
 4.15296000e-03  4.92141091e+00 
 4.15396000e-03  4.92148946e+00 
 4.15496000e-03  4.92156793e+00 
 4.15596000e-03  4.92164633e+00 
 4.15696000e-03  4.92172464e+00 
 4.15796000e-03  4.92180288e+00 
 4.15896000e-03  4.92188104e+00 
 4.15996000e-03  4.92195912e+00 
 4.16096000e-03  4.92203712e+00 
 4.16196000e-03  4.92211504e+00 
 4.16296000e-03  4.92219289e+00 
 4.16396000e-03  4.92227066e+00 
 4.16496000e-03  4.92234835e+00 
 4.16596000e-03  4.92242596e+00 
 4.16696000e-03  4.92250349e+00 
 4.16796000e-03  4.92258095e+00 
 4.16896000e-03  4.92265833e+00 
 4.16996000e-03  4.92273564e+00 
 4.17096000e-03  4.92281286e+00 
 4.17196000e-03  4.92289001e+00 
 4.17296000e-03  4.92296708e+00 
 4.17396000e-03  4.92304408e+00 
 4.17496000e-03  4.92312099e+00 
 4.17596000e-03  4.92319783e+00 
 4.17696000e-03  4.92327460e+00 
 4.17796000e-03  4.92335128e+00 
 4.17896000e-03  4.92342790e+00 
 4.17996000e-03  4.92350443e+00 
 4.18096000e-03  4.92358089e+00 
 4.18196000e-03  4.92365727e+00 
 4.18296000e-03  4.92373357e+00 
 4.18396000e-03  4.92380980e+00 
 4.18496000e-03  4.92388595e+00 
 4.18596000e-03  4.92396203e+00 
 4.18696000e-03  4.92403803e+00 
 4.18796000e-03  4.92411395e+00 
 4.18896000e-03  4.92418980e+00 
 4.18996000e-03  4.92426557e+00 
 4.19096000e-03  4.92434127e+00 
 4.19196000e-03  4.92441689e+00 
 4.19296000e-03  4.92449244e+00 
 4.19396000e-03  4.92456791e+00 
 4.19496000e-03  4.92464330e+00 
 4.19596000e-03  4.92471862e+00 
 4.19696000e-03  4.92479386e+00 
 4.19796000e-03  4.92486903e+00 
 4.19896000e-03  4.92494412e+00 
 4.19996000e-03  4.92501914e+00 
 4.20096000e-03  4.92509409e+00 
 4.20196000e-03  4.92516895e+00 
 4.20296000e-03  4.92524375e+00 
 4.20396000e-03  4.92531847e+00 
 4.20496000e-03  4.92539311e+00 
 4.20596000e-03  4.92546768e+00 
 4.20696000e-03  4.92554218e+00 
 4.20796000e-03  4.92561660e+00 
 4.20896000e-03  4.92569094e+00 
 4.20996000e-03  4.92576521e+00 
 4.21096000e-03  4.92583941e+00 
 4.21196000e-03  4.92591354e+00 
 4.21296000e-03  4.92598759e+00 
 4.21396000e-03  4.92606156e+00 
 4.21496000e-03  4.92613546e+00 
 4.21596000e-03  4.92620929e+00 
 4.21696000e-03  4.92628304e+00 
 4.21796000e-03  4.92635672e+00 
 4.21896000e-03  4.92643033e+00 
 4.21996000e-03  4.92650386e+00 
 4.22096000e-03  4.92657732e+00 
 4.22196000e-03  4.92665071e+00 
 4.22296000e-03  4.92672402e+00 
 4.22396000e-03  4.92679726e+00 
 4.22496000e-03  4.92687043e+00 
 4.22596000e-03  4.92694352e+00 
 4.22696000e-03  4.92701654e+00 
 4.22796000e-03  4.92708949e+00 
 4.22896000e-03  4.92716236e+00 
 4.22996000e-03  4.92723516e+00 
 4.23096000e-03  4.92730789e+00 
 4.23196000e-03  4.92738055e+00 
 4.23296000e-03  4.92745313e+00 
 4.23396000e-03  4.92752564e+00 
 4.23496000e-03  4.92759808e+00 
 4.23596000e-03  4.92767044e+00 
 4.23696000e-03  4.92774274e+00 
 4.23796000e-03  4.92781496e+00 
 4.23896000e-03  4.92788711e+00 
 4.23996000e-03  4.92795918e+00 
 4.24096000e-03  4.92803119e+00 
 4.24196000e-03  4.92810312e+00 
 4.24296000e-03  4.92817498e+00 
 4.24396000e-03  4.92824677e+00 
 4.24496000e-03  4.92831849e+00 
 4.24596000e-03  4.92839014e+00 
 4.24696000e-03  4.92846171e+00 
 4.24796000e-03  4.92853321e+00 
 4.24896000e-03  4.92860464e+00 
 4.24996000e-03  4.92867600e+00 
 4.25096000e-03  4.92874729e+00 
 4.25196000e-03  4.92881851e+00 
 4.25296000e-03  4.92888965e+00 
 4.25396000e-03  4.92896073e+00 
 4.25496000e-03  4.92903173e+00 
 4.25596000e-03  4.92910267e+00 
 4.25696000e-03  4.92917353e+00 
 4.25796000e-03  4.92924432e+00 
 4.25896000e-03  4.92931504e+00 
 4.25996000e-03  4.92938569e+00 
 4.26096000e-03  4.92945627e+00 
 4.26196000e-03  4.92952678e+00 
 4.26296000e-03  4.92959721e+00 
 4.26396000e-03  4.92966758e+00 
 4.26496000e-03  4.92973788e+00 
 4.26596000e-03  4.92980811e+00 
 4.26696000e-03  4.92987826e+00 
 4.26796000e-03  4.92994835e+00 
 4.26896000e-03  4.93001837e+00 
 4.26996000e-03  4.93008831e+00 
 4.27096000e-03  4.93015819e+00 
 4.27196000e-03  4.93022800e+00 
 4.27296000e-03  4.93029773e+00 
 4.27396000e-03  4.93036740e+00 
 4.27496000e-03  4.93043700e+00 
 4.27596000e-03  4.93050653e+00 
 4.27696000e-03  4.93057599e+00 
 4.27796000e-03  4.93064537e+00 
 4.27896000e-03  4.93071469e+00 
 4.27996000e-03  4.93078395e+00 
 4.28096000e-03  4.93085313e+00 
 4.28196000e-03  4.93092224e+00 
 4.28296000e-03  4.93099128e+00 
 4.28396000e-03  4.93106026e+00 
 4.28496000e-03  4.93112916e+00 
 4.28596000e-03  4.93119800e+00 
 4.28696000e-03  4.93126677e+00 
 4.28796000e-03  4.93133546e+00 
 4.28896000e-03  4.93140410e+00 
 4.28996000e-03  4.93147266e+00 
 4.29096000e-03  4.93154115e+00 
 4.29196000e-03  4.93160957e+00 
 4.29296000e-03  4.93167793e+00 
 4.29396000e-03  4.93174622e+00 
 4.29496000e-03  4.93181444e+00 
 4.29596000e-03  4.93188259e+00 
 4.29696000e-03  4.93195067e+00 
 4.29796000e-03  4.93201869e+00 
 4.29896000e-03  4.93208664e+00 
 4.29996000e-03  4.93215452e+00 
 4.30096000e-03  4.93222233e+00 
 4.30196000e-03  4.93229007e+00 
 4.30296000e-03  4.93235775e+00 
 4.30396000e-03  4.93242536e+00 
 4.30496000e-03  4.93249290e+00 
 4.30596000e-03  4.93256037e+00 
 4.30696000e-03  4.93262778e+00 
 4.30796000e-03  4.93269511e+00 
 4.30896000e-03  4.93276239e+00 
 4.30996000e-03  4.93282959e+00 
 4.31096000e-03  4.93289673e+00 
 4.31196000e-03  4.93296380e+00 
 4.31296000e-03  4.93303080e+00 
 4.31396000e-03  4.93309773e+00 
 4.31496000e-03  4.93316460e+00 
 4.31596000e-03  4.93323141e+00 
 4.31696000e-03  4.93329814e+00 
 4.31796000e-03  4.93336481e+00 
 4.31896000e-03  4.93343141e+00 
 4.31996000e-03  4.93349795e+00 
 4.32096000e-03  4.93356441e+00 
 4.32196000e-03  4.93363082e+00 
 4.32296000e-03  4.93369715e+00 
 4.32396000e-03  4.93376342e+00 
 4.32496000e-03  4.93382963e+00 
 4.32596000e-03  4.93389576e+00 
 4.32696000e-03  4.93396183e+00 
 4.32796000e-03  4.93402784e+00 
 4.32896000e-03  4.93409378e+00 
 4.32996000e-03  4.93415965e+00 
 4.33096000e-03  4.93422546e+00 
 4.33196000e-03  4.93429120e+00 
 4.33296000e-03  4.93435688e+00 
 4.33396000e-03  4.93442249e+00 
 4.33496000e-03  4.93448803e+00 
 4.33596000e-03  4.93455351e+00 
 4.33696000e-03  4.93461893e+00 
 4.33796000e-03  4.93468427e+00 
 4.33896000e-03  4.93474956e+00 
 4.33996000e-03  4.93481478e+00 
 4.34096000e-03  4.93487993e+00 
 4.34196000e-03  4.93494502e+00 
 4.34296000e-03  4.93501004e+00 
 4.34396000e-03  4.93507500e+00 
 4.34496000e-03  4.93513989e+00 
 4.34596000e-03  4.93520472e+00 
 4.34696000e-03  4.93526948e+00 
 4.34796000e-03  4.93533418e+00 
 4.34896000e-03  4.93539881e+00 
 4.34996000e-03  4.93546338e+00 
 4.35096000e-03  4.93552788e+00 
 4.35196000e-03  4.93559232e+00 
 4.35296000e-03  4.93565670e+00 
 4.35396000e-03  4.93572101e+00 
 4.35496000e-03  4.93578526e+00 
 4.35596000e-03  4.93584944e+00 
 4.35696000e-03  4.93591356e+00 
 4.35796000e-03  4.93597761e+00 
 4.35896000e-03  4.93604160e+00 
 4.35996000e-03  4.93610553e+00 
 4.36096000e-03  4.93616939e+00 
 4.36196000e-03  4.93623319e+00 
 4.36296000e-03  4.93629693e+00 
 4.36396000e-03  4.93636060e+00 
 4.36496000e-03  4.93642420e+00 
 4.36596000e-03  4.93648775e+00 
 4.36696000e-03  4.93655123e+00 
 4.36796000e-03  4.93661465e+00 
 4.36896000e-03  4.93667800e+00 
 4.36996000e-03  4.93674129e+00 
 4.37096000e-03  4.93680452e+00 
 4.37196000e-03  4.93686768e+00 
 4.37296000e-03  4.93693078e+00 
 4.37396000e-03  4.93699382e+00 
 4.37496000e-03  4.93705679e+00 
 4.37596000e-03  4.93711971e+00 
 4.37696000e-03  4.93718255e+00 
 4.37796000e-03  4.93724534e+00 
 4.37896000e-03  4.93730806e+00 
 4.37996000e-03  4.93737072e+00 
 4.38096000e-03  4.93743332e+00 
 4.38196000e-03  4.93749586e+00 
 4.38296000e-03  4.93755833e+00 
 4.38396000e-03  4.93762074e+00 
 4.38496000e-03  4.93768309e+00 
 4.38596000e-03  4.93774538e+00 
 4.38696000e-03  4.93780760e+00 
 4.38796000e-03  4.93786976e+00 
 4.38896000e-03  4.93793186e+00 
 4.38996000e-03  4.93799390e+00 
 4.39096000e-03  4.93805587e+00 
 4.39196000e-03  4.93811778e+00 
 4.39296000e-03  4.93817964e+00 
 4.39396000e-03  4.93824143e+00 
 4.39496000e-03  4.93830315e+00 
 4.39596000e-03  4.93836482e+00 
 4.39696000e-03  4.93842642e+00 
 4.39796000e-03  4.93848797e+00 
 4.39896000e-03  4.93854945e+00 
 4.39996000e-03  4.93861087e+00 
 4.40096000e-03  4.93867223e+00 
 4.40196000e-03  4.93873352e+00 
 4.40296000e-03  4.93879476e+00 
 4.40396000e-03  4.93885593e+00 
 4.40496000e-03  4.93891705e+00 
 4.40596000e-03  4.93897810e+00 
 4.40696000e-03  4.93903909e+00 
 4.40796000e-03  4.93910002e+00 
 4.40896000e-03  4.93916089e+00 
 4.40996000e-03  4.93922170e+00 
 4.41096000e-03  4.93928245e+00 
 4.41196000e-03  4.93934313e+00 
 4.41296000e-03  4.93940376e+00 
 4.41396000e-03  4.93946433e+00 
 4.41496000e-03  4.93952483e+00 
 4.41596000e-03  4.93958528e+00 
 4.41696000e-03  4.93964566e+00 
 4.41796000e-03  4.93970599e+00 
 4.41896000e-03  4.93976625e+00 
 4.41996000e-03  4.93982645e+00 
 4.42096000e-03  4.93988660e+00 
 4.42196000e-03  4.93994668e+00 
 4.42296000e-03  4.94000670e+00 
 4.42396000e-03  4.94006667e+00 
 4.42496000e-03  4.94012657e+00 
 4.42596000e-03  4.94018641e+00 
 4.42696000e-03  4.94024620e+00 
 4.42796000e-03  4.94030592e+00 
 4.42896000e-03  4.94036559e+00 
 4.42996000e-03  4.94042519e+00 
 4.43096000e-03  4.94048474e+00 
 4.43196000e-03  4.94054422e+00 
 4.43296000e-03  4.94060365e+00 
 4.43396000e-03  4.94066301e+00 
 4.43496000e-03  4.94072232e+00 
 4.43596000e-03  4.94078157e+00 
 4.43696000e-03  4.94084076e+00 
 4.43796000e-03  4.94089989e+00 
 4.43896000e-03  4.94095896e+00 
 4.43996000e-03  4.94101797e+00 
 4.44096000e-03  4.94107692e+00 
 4.44196000e-03  4.94113582e+00 
 4.44296000e-03  4.94119465e+00 
 4.44396000e-03  4.94125343e+00 
 4.44496000e-03  4.94131214e+00 
 4.44596000e-03  4.94137080e+00 
 4.44696000e-03  4.94142940e+00 
 4.44796000e-03  4.94148794e+00 
 4.44896000e-03  4.94154643e+00 
 4.44996000e-03  4.94160485e+00 
 4.45096000e-03  4.94166322e+00 
 4.45196000e-03  4.94172152e+00 
 4.45296000e-03  4.94177977e+00 
 4.45396000e-03  4.94183796e+00 
 4.45496000e-03  4.94189610e+00 
 4.45596000e-03  4.94195417e+00 
 4.45696000e-03  4.94201219e+00 
 4.45796000e-03  4.94207015e+00 
 4.45896000e-03  4.94212805e+00 
 4.45996000e-03  4.94218589e+00 
 4.46096000e-03  4.94224368e+00 
 4.46196000e-03  4.94230141e+00 
 4.46296000e-03  4.94235907e+00 
 4.46396000e-03  4.94241669e+00 
 4.46496000e-03  4.94247424e+00 
 4.46596000e-03  4.94253174e+00 
 4.46696000e-03  4.94258918e+00 
 4.46796000e-03  4.94264656e+00 
 4.46896000e-03  4.94270388e+00 
 4.46996000e-03  4.94276115e+00 
 4.47096000e-03  4.94281836e+00 
 4.47196000e-03  4.94287552e+00 
 4.47296000e-03  4.94293261e+00 
 4.47396000e-03  4.94298965e+00 
 4.47496000e-03  4.94304663e+00 
 4.47596000e-03  4.94310356e+00 
 4.47696000e-03  4.94316043e+00 
 4.47796000e-03  4.94321724e+00 
 4.47896000e-03  4.94327399e+00 
 4.47996000e-03  4.94333069e+00 
 4.48096000e-03  4.94338733e+00 
 4.48196000e-03  4.94344391e+00 
 4.48296000e-03  4.94350044e+00 
 4.48396000e-03  4.94355691e+00 
 4.48496000e-03  4.94361333e+00 
 4.48596000e-03  4.94366969e+00 
 4.48696000e-03  4.94372599e+00 
 4.48796000e-03  4.94378223e+00 
 4.48896000e-03  4.94383842e+00 
 4.48996000e-03  4.94389456e+00 
 4.49096000e-03  4.94395064e+00 
 4.49196000e-03  4.94400666e+00 
 4.49296000e-03  4.94406262e+00 
 4.49396000e-03  4.94411853e+00 
 4.49496000e-03  4.94417438e+00 
 4.49596000e-03  4.94423018e+00 
 4.49696000e-03  4.94428592e+00 
 4.49796000e-03  4.94434161e+00 
 4.49896000e-03  4.94439724e+00 
 4.49996000e-03  4.94445282e+00 
 4.50096000e-03  4.94450834e+00 
 4.50196000e-03  4.94456380e+00 
 4.50296000e-03  4.94461921e+00 
 4.50396000e-03  4.94467456e+00 
 4.50496000e-03  4.94472986e+00 
 4.50596000e-03  4.94478510e+00 
 4.50696000e-03  4.94484029e+00 
 4.50796000e-03  4.94489542e+00 
 4.50896000e-03  4.94495050e+00 
 4.50996000e-03  4.94500552e+00 
 4.51096000e-03  4.94506049e+00 
 4.51196000e-03  4.94511540e+00 
 4.51296000e-03  4.94517026e+00 
 4.51396000e-03  4.94522506e+00 
 4.51496000e-03  4.94527981e+00 
 4.51596000e-03  4.94533450e+00 
 4.51696000e-03  4.94538914e+00 
 4.51796000e-03  4.94544372e+00 
 4.51896000e-03  4.94549825e+00 
 4.51996000e-03  4.94555272e+00 
 4.52096000e-03  4.94560714e+00 
 4.52196000e-03  4.94566151e+00 
 4.52296000e-03  4.94571582e+00 
 4.52396000e-03  4.94577008e+00 
 4.52496000e-03  4.94582428e+00 
 4.52596000e-03  4.94587843e+00 
 4.52696000e-03  4.94593252e+00 
 4.52796000e-03  4.94598656e+00 
 4.52896000e-03  4.94604055e+00 
 4.52996000e-03  4.94609448e+00 
 4.53096000e-03  4.94614836e+00 
 4.53196000e-03  4.94620219e+00 
 4.53296000e-03  4.94625596e+00 
 4.53396000e-03  4.94630968e+00 
 4.53496000e-03  4.94636334e+00 
 4.53596000e-03  4.94641695e+00 
 4.53696000e-03  4.94647050e+00 
 4.53796000e-03  4.94652401e+00 
 4.53896000e-03  4.94657746e+00 
 4.53996000e-03  4.94663085e+00 
 4.54096000e-03  4.94668420e+00 
 4.54196000e-03  4.94673748e+00 
 4.54296000e-03  4.94679072e+00 
 4.54396000e-03  4.94684390e+00 
 4.54496000e-03  4.94689703e+00 
 4.54596000e-03  4.94695011e+00 
 4.54696000e-03  4.94700313e+00 
 4.54796000e-03  4.94705610e+00 
 4.54896000e-03  4.94710902e+00 
 4.54996000e-03  4.94716188e+00 
 4.55096000e-03  4.94721470e+00 
 4.55196000e-03  4.94726746e+00 
 4.55296000e-03  4.94732016e+00 
 4.55396000e-03  4.94737281e+00 
 4.55496000e-03  4.94742542e+00 
 4.55596000e-03  4.94747796e+00 
 4.55696000e-03  4.94753046e+00 
 4.55796000e-03  4.94758290e+00 
 4.55896000e-03  4.94763529e+00 
 4.55996000e-03  4.94768763e+00 
 4.56096000e-03  4.94773992e+00 
 4.56196000e-03  4.94779215e+00 
 4.56296000e-03  4.94784433e+00 
 4.56396000e-03  4.94789646e+00 
 4.56496000e-03  4.94794854e+00 
 4.56596000e-03  4.94800057e+00 
 4.56696000e-03  4.94805254e+00 
 4.56796000e-03  4.94810446e+00 
 4.56896000e-03  4.94815633e+00 
 4.56996000e-03  4.94820815e+00 
 4.57096000e-03  4.94825992e+00 
 4.57196000e-03  4.94831163e+00 
 4.57296000e-03  4.94836329e+00 
 4.57396000e-03  4.94841490e+00 
 4.57496000e-03  4.94846646e+00 
 4.57596000e-03  4.94851797e+00 
 4.57696000e-03  4.94856943e+00 
 4.57796000e-03  4.94862083e+00 
 4.57896000e-03  4.94867218e+00 
 4.57996000e-03  4.94872349e+00 
 4.58096000e-03  4.94877474e+00 
 4.58196000e-03  4.94882594e+00 
 4.58296000e-03  4.94887709e+00 
 4.58396000e-03  4.94892818e+00 
 4.58496000e-03  4.94897923e+00 
 4.58596000e-03  4.94903022e+00 
 4.58696000e-03  4.94908117e+00 
 4.58796000e-03  4.94913206e+00 
 4.58896000e-03  4.94918291e+00 
 4.58996000e-03  4.94923370e+00 
 4.59096000e-03  4.94928444e+00 
 4.59196000e-03  4.94933513e+00 
 4.59296000e-03  4.94938577e+00 
 4.59396000e-03  4.94943636e+00 
 4.59496000e-03  4.94948689e+00 
 4.59596000e-03  4.94953738e+00 
 4.59696000e-03  4.94958782e+00 
 4.59796000e-03  4.94963821e+00 
 4.59896000e-03  4.94968854e+00 
 4.59996000e-03  4.94973883e+00 
 4.60096000e-03  4.94978907e+00 
 4.60196000e-03  4.94983925e+00 
 4.60296000e-03  4.94988939e+00 
 4.60396000e-03  4.94993947e+00 
 4.60496000e-03  4.94998951e+00 
 4.60596000e-03  4.95003949e+00 
 4.60696000e-03  4.95008943e+00 
 4.60796000e-03  4.95013932e+00 
 4.60896000e-03  4.95018915e+00 
 4.60996000e-03  4.95023894e+00 
 4.61096000e-03  4.95028867e+00 
 4.61196000e-03  4.95033836e+00 
 4.61296000e-03  4.95038800e+00 
 4.61396000e-03  4.95043758e+00 
 4.61496000e-03  4.95048712e+00 
 4.61596000e-03  4.95053661e+00 
 4.61696000e-03  4.95058605e+00 
 4.61796000e-03  4.95063544e+00 
 4.61896000e-03  4.95068478e+00 
 4.61996000e-03  4.95073407e+00 
 4.62096000e-03  4.95078331e+00 
 4.62196000e-03  4.95083250e+00 
 4.62296000e-03  4.95088164e+00 
 4.62396000e-03  4.95093074e+00 
 4.62496000e-03  4.95097978e+00 
 4.62596000e-03  4.95102878e+00 
 4.62696000e-03  4.95107773e+00 
 4.62796000e-03  4.95112662e+00 
 4.62896000e-03  4.95117547e+00 
 4.62996000e-03  4.95122427e+00 
 4.63096000e-03  4.95127302e+00 
 4.63196000e-03  4.95132173e+00 
 4.63296000e-03  4.95137038e+00 
 4.63396000e-03  4.95141899e+00 
 4.63496000e-03  4.95146754e+00 
 4.63596000e-03  4.95151605e+00 
 4.63696000e-03  4.95156451e+00 
 4.63796000e-03  4.95161292e+00 
 4.63896000e-03  4.95166128e+00 
 4.63996000e-03  4.95170960e+00 
 4.64096000e-03  4.95175787e+00 
 4.64196000e-03  4.95180608e+00 
 4.64296000e-03  4.95185425e+00 
 4.64396000e-03  4.95190237e+00 
 4.64496000e-03  4.95195045e+00 
 4.64596000e-03  4.95199847e+00 
 4.64696000e-03  4.95204645e+00 
 4.64796000e-03  4.95209438e+00 
 4.64896000e-03  4.95214226e+00 
 4.64996000e-03  4.95219010e+00 
 4.65096000e-03  4.95223788e+00 
 4.65196000e-03  4.95228562e+00 
 4.65296000e-03  4.95233331e+00 
 4.65396000e-03  4.95238095e+00 
 4.65496000e-03  4.95242855e+00 
 4.65596000e-03  4.95247610e+00 
 4.65696000e-03  4.95252360e+00 
 4.65796000e-03  4.95257105e+00 
 4.65896000e-03  4.95261846e+00 
 4.65996000e-03  4.95266581e+00 
 4.66096000e-03  4.95271312e+00 
 4.66196000e-03  4.95276039e+00 
 4.66296000e-03  4.95280760e+00 
 4.66396000e-03  4.95285477e+00 
 4.66496000e-03  4.95290189e+00 
 4.66596000e-03  4.95294897e+00 
 4.66696000e-03  4.95299600e+00 
 4.66796000e-03  4.95304298e+00 
 4.66896000e-03  4.95308991e+00 
 4.66996000e-03  4.95313680e+00 
 4.67096000e-03  4.95318364e+00 
 4.67196000e-03  4.95323043e+00 
 4.67296000e-03  4.95327717e+00 
 4.67396000e-03  4.95332387e+00 
 4.67496000e-03  4.95337053e+00 
 4.67596000e-03  4.95341713e+00 
 4.67696000e-03  4.95346369e+00 
 4.67796000e-03  4.95351021e+00 
 4.67896000e-03  4.95355667e+00 
 4.67996000e-03  4.95360309e+00 
 4.68096000e-03  4.95364947e+00 
 4.68196000e-03  4.95369579e+00 
 4.68296000e-03  4.95374207e+00 
 4.68396000e-03  4.95378831e+00 
 4.68496000e-03  4.95383450e+00 
 4.68596000e-03  4.95388064e+00 
 4.68696000e-03  4.95392674e+00 
 4.68796000e-03  4.95397279e+00 
 4.68896000e-03  4.95401879e+00 
 4.68996000e-03  4.95406475e+00 
 4.69096000e-03  4.95411066e+00 
 4.69196000e-03  4.95415653e+00 
 4.69296000e-03  4.95420235e+00 
 4.69396000e-03  4.95424812e+00 
 4.69496000e-03  4.95429385e+00 
 4.69596000e-03  4.95433954e+00 
 4.69696000e-03  4.95438517e+00 
 4.69796000e-03  4.95443077e+00 
 4.69896000e-03  4.95447631e+00 
 4.69996000e-03  4.95452181e+00 
 4.70096000e-03  4.95456727e+00 
 4.70196000e-03  4.95461268e+00 
 4.70296000e-03  4.95465804e+00 
 4.70396000e-03  4.95470336e+00 
 4.70496000e-03  4.95474864e+00 
 4.70596000e-03  4.95479387e+00 
 4.70696000e-03  4.95483905e+00 
 4.70796000e-03  4.95488419e+00 
 4.70896000e-03  4.95492928e+00 
 4.70996000e-03  4.95497433e+00 
 4.71096000e-03  4.95501933e+00 
 4.71196000e-03  4.95506429e+00 
 4.71296000e-03  4.95510920e+00 
 4.71396000e-03  4.95515407e+00 
 4.71496000e-03  4.95519890e+00 
 4.71596000e-03  4.95524367e+00 
 4.71696000e-03  4.95528841e+00 
 4.71796000e-03  4.95533310e+00 
 4.71896000e-03  4.95537774e+00 
 4.71996000e-03  4.95542234e+00 
 4.72096000e-03  4.95546690e+00 
 4.72196000e-03  4.95551141e+00 
 4.72296000e-03  4.95555587e+00 
 4.72396000e-03  4.95560030e+00 
 4.72496000e-03  4.95564467e+00 
 4.72596000e-03  4.95568901e+00 
 4.72696000e-03  4.95573330e+00 
 4.72796000e-03  4.95577754e+00 
 4.72896000e-03  4.95582174e+00 
 4.72996000e-03  4.95586590e+00 
 4.73096000e-03  4.95591001e+00 
 4.73196000e-03  4.95595408e+00 
 4.73296000e-03  4.95599810e+00 
 4.73396000e-03  4.95604208e+00 
 4.73496000e-03  4.95608602e+00 
 4.73596000e-03  4.95612991e+00 
 4.73696000e-03  4.95617376e+00 
 4.73796000e-03  4.95621756e+00 
 4.73896000e-03  4.95626132e+00 
 4.73996000e-03  4.95630504e+00 
 4.74096000e-03  4.95634871e+00 
 4.74196000e-03  4.95639234e+00 
 4.74296000e-03  4.95643593e+00 
 4.74396000e-03  4.95647947e+00 
 4.74496000e-03  4.95652297e+00 
 4.74596000e-03  4.95656642e+00 
 4.74696000e-03  4.95660984e+00 
 4.74796000e-03  4.95665320e+00 
 4.74896000e-03  4.95669653e+00 
 4.74996000e-03  4.95673981e+00 
 4.75096000e-03  4.95678305e+00 
 4.75196000e-03  4.95682624e+00 
 4.75296000e-03  4.95686940e+00 
 4.75396000e-03  4.95691251e+00 
 4.75496000e-03  4.95695557e+00 
 4.75596000e-03  4.95699859e+00 
 4.75696000e-03  4.95704157e+00 
 4.75796000e-03  4.95708451e+00 
 4.75896000e-03  4.95712741e+00 
 4.75996000e-03  4.95717026e+00 
 4.76096000e-03  4.95721307e+00 
 4.76196000e-03  4.95725583e+00 
 4.76296000e-03  4.95729855e+00 
 4.76396000e-03  4.95734123e+00 
 4.76496000e-03  4.95738387e+00 
 4.76596000e-03  4.95742647e+00 
 4.76696000e-03  4.95746902e+00 
 4.76796000e-03  4.95751153e+00 
 4.76896000e-03  4.95755400e+00 
 4.76996000e-03  4.95759642e+00 
 4.77096000e-03  4.95763880e+00 
 4.77196000e-03  4.95768114e+00 
 4.77296000e-03  4.95772344e+00 
 4.77396000e-03  4.95776570e+00 
 4.77496000e-03  4.95780791e+00 
 4.77596000e-03  4.95785008e+00 
 4.77696000e-03  4.95789221e+00 
 4.77796000e-03  4.95793430e+00 
 4.77896000e-03  4.95797634e+00 
 4.77996000e-03  4.95801834e+00 
 4.78096000e-03  4.95806030e+00 
 4.78196000e-03  4.95810222e+00 
 4.78296000e-03  4.95814410e+00 
 4.78396000e-03  4.95818593e+00 
 4.78496000e-03  4.95822773e+00 
 4.78596000e-03  4.95826948e+00 
 4.78696000e-03  4.95831119e+00 
 4.78796000e-03  4.95835286e+00 
 4.78896000e-03  4.95839448e+00 
 4.78996000e-03  4.95843607e+00 
 4.79096000e-03  4.95847761e+00 
 4.79196000e-03  4.95851911e+00 
 4.79296000e-03  4.95856057e+00 
 4.79396000e-03  4.95860199e+00 
 4.79496000e-03  4.95864337e+00 
 4.79596000e-03  4.95868470e+00 
 4.79696000e-03  4.95872600e+00 
 4.79796000e-03  4.95876725e+00 
 4.79896000e-03  4.95880846e+00 
 4.79996000e-03  4.95884964e+00 
 4.80096000e-03  4.95889076e+00 
 4.80196000e-03  4.95893185e+00 
 4.80296000e-03  4.95897290e+00 
 4.80396000e-03  4.95901391e+00 
 4.80496000e-03  4.95905487e+00 
 4.80596000e-03  4.95909580e+00 
 4.80696000e-03  4.95913668e+00 
 4.80796000e-03  4.95917752e+00 
 4.80896000e-03  4.95921833e+00 
 4.80996000e-03  4.95925909e+00 
 4.81096000e-03  4.95929981e+00 
 4.81196000e-03  4.95934049e+00 
 4.81296000e-03  4.95938113e+00 
 4.81396000e-03  4.95942173e+00 
 4.81496000e-03  4.95946228e+00 
 4.81596000e-03  4.95950280e+00 
 4.81696000e-03  4.95954328e+00 
 4.81796000e-03  4.95958372e+00 
 4.81896000e-03  4.95962411e+00 
 4.81996000e-03  4.95966447e+00 
 4.82096000e-03  4.95970478e+00 
 4.82196000e-03  4.95974506e+00 
 4.82296000e-03  4.95978529e+00 
 4.82396000e-03  4.95982549e+00 
 4.82496000e-03  4.95986564e+00 
 4.82596000e-03  4.95990576e+00 
 4.82696000e-03  4.95994583e+00 
 4.82796000e-03  4.95998586e+00 
 4.82896000e-03  4.96002586e+00 
 4.82996000e-03  4.96006581e+00 
 4.83096000e-03  4.96010573e+00 
 4.83196000e-03  4.96014560e+00 
 4.83296000e-03  4.96018544e+00 
 4.83396000e-03  4.96022523e+00 
 4.83496000e-03  4.96026498e+00 
 4.83596000e-03  4.96030470e+00 
 4.83696000e-03  4.96034438e+00 
 4.83796000e-03  4.96038401e+00 
 4.83896000e-03  4.96042361e+00 
 4.83996000e-03  4.96046316e+00 
 4.84096000e-03  4.96050268e+00 
 4.84196000e-03  4.96054216e+00 
 4.84296000e-03  4.96058160e+00 
 4.84396000e-03  4.96062100e+00 
 4.84496000e-03  4.96066035e+00 
 4.84596000e-03  4.96069967e+00 
 4.84696000e-03  4.96073896e+00 
 4.84796000e-03  4.96077820e+00 
 4.84896000e-03  4.96081740e+00 
 4.84996000e-03  4.96085656e+00 
 4.85096000e-03  4.96089569e+00 
 4.85196000e-03  4.96093477e+00 
 4.85296000e-03  4.96097382e+00 
 4.85396000e-03  4.96101282e+00 
 4.85496000e-03  4.96105179e+00 
 4.85596000e-03  4.96109072e+00 
 4.85696000e-03  4.96112961e+00 
 4.85796000e-03  4.96116846e+00 
 4.85896000e-03  4.96120727e+00 
 4.85996000e-03  4.96124605e+00 
 4.86096000e-03  4.96128478e+00 
 4.86196000e-03  4.96132348e+00 
 4.86296000e-03  4.96136213e+00 
 4.86396000e-03  4.96140075e+00 
 4.86496000e-03  4.96143933e+00 
 4.86596000e-03  4.96147787e+00 
 4.86696000e-03  4.96151638e+00 
 4.86796000e-03  4.96155484e+00 
 4.86896000e-03  4.96159327e+00 
 4.86996000e-03  4.96163165e+00 
 4.87096000e-03  4.96167000e+00 
 4.87196000e-03  4.96170831e+00 
 4.87296000e-03  4.96174659e+00 
 4.87396000e-03  4.96178482e+00 
 4.87496000e-03  4.96182302e+00 
 4.87596000e-03  4.96186118e+00 
 4.87696000e-03  4.96189929e+00 
 4.87796000e-03  4.96193738e+00 
 4.87896000e-03  4.96197542e+00 
 4.87996000e-03  4.96201343e+00 
 4.88096000e-03  4.96205139e+00 
 4.88196000e-03  4.96208932e+00 
 4.88296000e-03  4.96212721e+00 
 4.88396000e-03  4.96216507e+00 
 4.88496000e-03  4.96220288e+00 
 4.88596000e-03  4.96224066e+00 
 4.88696000e-03  4.96227840e+00 
 4.88796000e-03  4.96231611e+00 
 4.88896000e-03  4.96235377e+00 
 4.88996000e-03  4.96239140e+00 
 4.89096000e-03  4.96242899e+00 
 4.89196000e-03  4.96246654e+00 
 4.89296000e-03  4.96250406e+00 
 4.89396000e-03  4.96254153e+00 
 4.89496000e-03  4.96257897e+00 
 4.89596000e-03  4.96261637e+00 
 4.89696000e-03  4.96265374e+00 
 4.89796000e-03  4.96269107e+00 
 4.89896000e-03  4.96272836e+00 
 4.89996000e-03  4.96276561e+00 
 4.90096000e-03  4.96280283e+00 
 4.90196000e-03  4.96284000e+00 
 4.90296000e-03  4.96287715e+00 
 4.90396000e-03  4.96291425e+00 
 4.90496000e-03  4.96295132e+00 
 4.90596000e-03  4.96298835e+00 
 4.90696000e-03  4.96302534e+00 
 4.90796000e-03  4.96306230e+00 
 4.90896000e-03  4.96309922e+00 
 4.90996000e-03  4.96313610e+00 
 4.91096000e-03  4.96317294e+00 
 4.91196000e-03  4.96320975e+00 
 4.91296000e-03  4.96324652e+00 
 4.91396000e-03  4.96328326e+00 
 4.91496000e-03  4.96331996e+00 
 4.91596000e-03  4.96335662e+00 
 4.91696000e-03  4.96339325e+00 
 4.91796000e-03  4.96342983e+00 
 4.91896000e-03  4.96346639e+00 
 4.91996000e-03  4.96350290e+00 
 4.92096000e-03  4.96353938e+00 
 4.92196000e-03  4.96357582e+00 
 4.92296000e-03  4.96361223e+00 
 4.92396000e-03  4.96364860e+00 
 4.92496000e-03  4.96368493e+00 
 4.92596000e-03  4.96372123e+00 
 4.92696000e-03  4.96375749e+00 
 4.92796000e-03  4.96379371e+00 
 4.92896000e-03  4.96382990e+00 
 4.92996000e-03  4.96386605e+00 
 4.93096000e-03  4.96390217e+00 
 4.93196000e-03  4.96393825e+00 
 4.93296000e-03  4.96397429e+00 
 4.93396000e-03  4.96401030e+00 
 4.93496000e-03  4.96404627e+00 
 4.93596000e-03  4.96408221e+00 
 4.93696000e-03  4.96411811e+00 
 4.93796000e-03  4.96415397e+00 
 4.93896000e-03  4.96418980e+00 
 4.93996000e-03  4.96422559e+00 
 4.94096000e-03  4.96426135e+00 
 4.94196000e-03  4.96429707e+00 
 4.94296000e-03  4.96433275e+00 
 4.94396000e-03  4.96436840e+00 
 4.94496000e-03  4.96440402e+00 
 4.94596000e-03  4.96443960e+00 
 4.94696000e-03  4.96447514e+00 
 4.94796000e-03  4.96451065e+00 
 4.94896000e-03  4.96454612e+00 
 4.94996000e-03  4.96458155e+00 
 4.95096000e-03  4.96461695e+00 
 4.95196000e-03  4.96465232e+00 
 4.95296000e-03  4.96468765e+00 
 4.95396000e-03  4.96472294e+00 
 4.95496000e-03  4.96475820e+00 
 4.95596000e-03  4.96479343e+00 
 4.95696000e-03  4.96482862e+00 
 4.95796000e-03  4.96486377e+00 
 4.95896000e-03  4.96489889e+00 
 4.95996000e-03  4.96493397e+00 
 4.96096000e-03  4.96496902e+00 
 4.96196000e-03  4.96500403e+00 
 4.96296000e-03  4.96503901e+00 
 4.96396000e-03  4.96507396e+00 
 4.96496000e-03  4.96510887e+00 
 4.96596000e-03  4.96514374e+00 
 4.96696000e-03  4.96517858e+00 
 4.96796000e-03  4.96521338e+00 
 4.96896000e-03  4.96524815e+00 
 4.96996000e-03  4.96528289e+00 
 4.97096000e-03  4.96531759e+00 
 4.97196000e-03  4.96535225e+00 
 4.97296000e-03  4.96538688e+00 
 4.97396000e-03  4.96542148e+00 
 4.97496000e-03  4.96545604e+00 
 4.97596000e-03  4.96549056e+00 
 4.97696000e-03  4.96552506e+00 
 4.97796000e-03  4.96555951e+00 
 4.97896000e-03  4.96559394e+00 
 4.97996000e-03  4.96562833e+00 
 4.98096000e-03  4.96566268e+00 
 4.98196000e-03  4.96569700e+00 
 4.98296000e-03  4.96573129e+00 
 4.98396000e-03  4.96576554e+00 
 4.98496000e-03  4.96579976e+00 
 4.98596000e-03  4.96583394e+00 
 4.98696000e-03  4.96586809e+00 
 4.98796000e-03  4.96590220e+00 
 4.98896000e-03  4.96593628e+00 
 4.98996000e-03  4.96597033e+00 
 4.99096000e-03  4.96600434e+00 
 4.99196000e-03  4.96603832e+00 
 4.99296000e-03  4.96607227e+00 
 4.99396000e-03  4.96610618e+00 
 4.99496000e-03  4.96614005e+00 
 4.99596000e-03  4.96617390e+00 
 4.99696000e-03  4.96620771e+00 
 4.99796000e-03  4.96624148e+00 
 4.99896000e-03  4.96627522e+00 
 4.99996000e-03  4.96630893e+00 
 5.00096000e-03  4.96634261e+00 
 5.00196000e-03  4.96637625e+00 
 5.00296000e-03  4.96640985e+00 
 5.00396000e-03  4.96644343e+00 
 5.00496000e-03  4.96647697e+00 
 5.00596000e-03  4.96651047e+00 
 5.00696000e-03  4.96654395e+00 
 5.00796000e-03  4.96657738e+00 
 5.00896000e-03  4.96661079e+00 
 5.00996000e-03  4.96664416e+00 
 5.01096000e-03  4.96667750e+00 
 5.01196000e-03  4.96671081e+00 
 5.01296000e-03  4.96674408e+00 
 5.01396000e-03  4.96677732e+00 
 5.01496000e-03  4.96681053e+00 
 5.01596000e-03  4.96684370e+00 
 5.01696000e-03  4.96687684e+00 
 5.01796000e-03  4.96690995e+00 
 5.01896000e-03  4.96694302e+00 
 5.01996000e-03  4.96697606e+00 
 5.02096000e-03  4.96700907e+00 
 5.02196000e-03  4.96704204e+00 
 5.02296000e-03  4.96707498e+00 
 5.02396000e-03  4.96710789e+00 
 5.02496000e-03  4.96714077e+00 
 5.02596000e-03  4.96717361e+00 
 5.02696000e-03  4.96720642e+00 
 5.02796000e-03  4.96723920e+00 
 5.02896000e-03  4.96727194e+00 
 5.02996000e-03  4.96730465e+00 
 5.03096000e-03  4.96733733e+00 
 5.03196000e-03  4.96736998e+00 
 5.03296000e-03  4.96740259e+00 
 5.03396000e-03  4.96743517e+00 
 5.03496000e-03  4.96746772e+00 
 5.03596000e-03  4.96750024e+00 
 5.03696000e-03  4.96753272e+00 
 5.03796000e-03  4.96756517e+00 
 5.03896000e-03  4.96759759e+00 
 5.03996000e-03  4.96762998e+00 
 5.04096000e-03  4.96766233e+00 
 5.04196000e-03  4.96769465e+00 
 5.04296000e-03  4.96772694e+00 
 5.04396000e-03  4.96775920e+00 
 5.04496000e-03  4.96779142e+00 
 5.04596000e-03  4.96782362e+00 
 5.04696000e-03  4.96785578e+00 
 5.04796000e-03  4.96788790e+00 
 5.04896000e-03  4.96792000e+00 
 5.04996000e-03  4.96795206e+00 
 5.05096000e-03  4.96798410e+00 
 5.05196000e-03  4.96801610e+00 
 5.05296000e-03  4.96804806e+00 
 5.05396000e-03  4.96808000e+00 
 5.05496000e-03  4.96811190e+00 
 5.05596000e-03  4.96814378e+00 
 5.05696000e-03  4.96817562e+00 
 5.05796000e-03  4.96820742e+00 
 5.05896000e-03  4.96823920e+00 
 5.05996000e-03  4.96827095e+00 
 5.06096000e-03  4.96830266e+00 
 5.06196000e-03  4.96833434e+00 
 5.06296000e-03  4.96836599e+00 
 5.06396000e-03  4.96839761e+00 
 5.06496000e-03  4.96842920e+00 
 5.06596000e-03  4.96846075e+00 
 5.06696000e-03  4.96849227e+00 
 5.06796000e-03  4.96852377e+00 
 5.06896000e-03  4.96855523e+00 
 5.06996000e-03  4.96858666e+00 
 5.07096000e-03  4.96861805e+00 
 5.07196000e-03  4.96864942e+00 
 5.07296000e-03  4.96868075e+00 
 5.07396000e-03  4.96871206e+00 
 5.07496000e-03  4.96874333e+00 
 5.07596000e-03  4.96877457e+00 
 5.07696000e-03  4.96880578e+00 
 5.07796000e-03  4.96883696e+00 
 5.07896000e-03  4.96886811e+00 
 5.07996000e-03  4.96889922e+00 
 5.08096000e-03  4.96893031e+00 
 5.08196000e-03  4.96896136e+00 
 5.08296000e-03  4.96899239e+00 
 5.08396000e-03  4.96902338e+00 
 5.08496000e-03  4.96905434e+00 
 5.08596000e-03  4.96908527e+00 
 5.08696000e-03  4.96911617e+00 
 5.08796000e-03  4.96914704e+00 
 5.08896000e-03  4.96917788e+00 
 5.08996000e-03  4.96920868e+00 
 5.09096000e-03  4.96923946e+00 
 5.09196000e-03  4.96927020e+00 
 5.09296000e-03  4.96930092e+00 
 5.09396000e-03  4.96933160e+00 
 5.09496000e-03  4.96936225e+00 
 5.09596000e-03  4.96939288e+00 
 5.09696000e-03  4.96942347e+00 
 5.09796000e-03  4.96945403e+00 
 5.09896000e-03  4.96948456e+00 
 5.09996000e-03  4.96951506e+00 
 5.10096000e-03  4.96954553e+00 
 5.10196000e-03  4.96957597e+00 
 5.10296000e-03  4.96960638e+00 
 5.10396000e-03  4.96963676e+00 
 5.10496000e-03  4.96966710e+00 
 5.10596000e-03  4.96969742e+00 
 5.10696000e-03  4.96972771e+00 
 5.10796000e-03  4.96975797e+00 
 5.10896000e-03  4.96978819e+00 
 5.10996000e-03  4.96981839e+00 
 5.11096000e-03  4.96984856e+00 
 5.11196000e-03  4.96987869e+00 
 5.11296000e-03  4.96990880e+00 
 5.11396000e-03  4.96993888e+00 
 5.11496000e-03  4.96996892e+00 
 5.11596000e-03  4.96999894e+00 
 5.11696000e-03  4.97002892e+00 
 5.11796000e-03  4.97005888e+00 
 5.11896000e-03  4.97008881e+00 
 5.11996000e-03  4.97011870e+00 
 5.12096000e-03  4.97014857e+00 
 5.12196000e-03  4.97017841e+00 
 5.12296000e-03  4.97020821e+00 
 5.12396000e-03  4.97023799e+00 
 5.12496000e-03  4.97026774e+00 
 5.12596000e-03  4.97029745e+00 
 5.12696000e-03  4.97032714e+00 
 5.12796000e-03  4.97035680e+00 
 5.12896000e-03  4.97038643e+00 
 5.12996000e-03  4.97041603e+00 
 5.13096000e-03  4.97044560e+00 
 5.13196000e-03  4.97047514e+00 
 5.13296000e-03  4.97050465e+00 
 5.13396000e-03  4.97053413e+00 
 5.13496000e-03  4.97056358e+00 
 5.13596000e-03  4.97059300e+00 
 5.13696000e-03  4.97062239e+00 
 5.13796000e-03  4.97065175e+00 
 5.13896000e-03  4.97068109e+00 
 5.13996000e-03  4.97071039e+00 
 5.14096000e-03  4.97073967e+00 
 5.14196000e-03  4.97076891e+00 
 5.14296000e-03  4.97079813e+00 
 5.14396000e-03  4.97082732e+00 
 5.14496000e-03  4.97085647e+00 
 5.14596000e-03  4.97088560e+00 
 5.14696000e-03  4.97091470e+00 
 5.14796000e-03  4.97094377e+00 
 5.14896000e-03  4.97097282e+00 
 5.14996000e-03  4.97100183e+00 
 5.15096000e-03  4.97103081e+00 
 5.15196000e-03  4.97105977e+00 
 5.15296000e-03  4.97108869e+00 
 5.15396000e-03  4.97111759e+00 
 5.15496000e-03  4.97114646e+00 
 5.15596000e-03  4.97117530e+00 
 5.15696000e-03  4.97120411e+00 
 5.15796000e-03  4.97123289e+00 
 5.15896000e-03  4.97126164e+00 
 5.15996000e-03  4.97129037e+00 
 5.16096000e-03  4.97131906e+00 
 5.16196000e-03  4.97134773e+00 
 5.16296000e-03  4.97137637e+00 
 5.16396000e-03  4.97140497e+00 
 5.16496000e-03  4.97143356e+00 
 5.16596000e-03  4.97146211e+00 
 5.16696000e-03  4.97149063e+00 
 5.16796000e-03  4.97151913e+00 
 5.16896000e-03  4.97154759e+00 
 5.16996000e-03  4.97157603e+00 
 5.17096000e-03  4.97160444e+00 
 5.17196000e-03  4.97163282e+00 
 5.17296000e-03  4.97166118e+00 
 5.17396000e-03  4.97168950e+00 
 5.17496000e-03  4.97171780e+00 
 5.17596000e-03  4.97174606e+00 
 5.17696000e-03  4.97177430e+00 
 5.17796000e-03  4.97180252e+00 
 5.17896000e-03  4.97183070e+00 
 5.17996000e-03  4.97185885e+00 
 5.18096000e-03  4.97188698e+00 
 5.18196000e-03  4.97191508e+00 
 5.18296000e-03  4.97194315e+00 
 5.18396000e-03  4.97197119e+00 
 5.18496000e-03  4.97199921e+00 
 5.18596000e-03  4.97202720e+00 
 5.18696000e-03  4.97205515e+00 
 5.18796000e-03  4.97208309e+00 
 5.18896000e-03  4.97211099e+00 
 5.18996000e-03  4.97213886e+00 
 5.19096000e-03  4.97216671e+00 
 5.19196000e-03  4.97219453e+00 
 5.19296000e-03  4.97222232e+00 
 5.19396000e-03  4.97225009e+00 
 5.19496000e-03  4.97227782e+00 
 5.19596000e-03  4.97230553e+00 
 5.19696000e-03  4.97233321e+00 
 5.19796000e-03  4.97236086e+00 
 5.19896000e-03  4.97238849e+00 
 5.19996000e-03  4.97241609e+00 
 5.20096000e-03  4.97244366e+00 
 5.20196000e-03  4.97247120e+00 
 5.20296000e-03  4.97249871e+00 
 5.20396000e-03  4.97252620e+00 
 5.20496000e-03  4.97255366e+00 
 5.20596000e-03  4.97258109e+00 
 5.20696000e-03  4.97260850e+00 
 5.20796000e-03  4.97263588e+00 
 5.20896000e-03  4.97266323e+00 
 5.20996000e-03  4.97269055e+00 
 5.21096000e-03  4.97271785e+00 
 5.21196000e-03  4.97274512e+00 
 5.21296000e-03  4.97277236e+00 
 5.21396000e-03  4.97279957e+00 
 5.21496000e-03  4.97282676e+00 
 5.21596000e-03  4.97285392e+00 
 5.21696000e-03  4.97288105e+00 
 5.21796000e-03  4.97290816e+00 
 5.21896000e-03  4.97293523e+00 
 5.21996000e-03  4.97296228e+00 
 5.22096000e-03  4.97298931e+00 
 5.22196000e-03  4.97301631e+00 
 5.22296000e-03  4.97304328e+00 
 5.22396000e-03  4.97307022e+00 
 5.22496000e-03  4.97309714e+00 
 5.22596000e-03  4.97312403e+00 
 5.22696000e-03  4.97315089e+00 
 5.22796000e-03  4.97317772e+00 
 5.22896000e-03  4.97320453e+00 
 5.22996000e-03  4.97323131e+00 
 5.23096000e-03  4.97325807e+00 
 5.23196000e-03  4.97328480e+00 
 5.23296000e-03  4.97331150e+00 
 5.23396000e-03  4.97333818e+00 
 5.23496000e-03  4.97336482e+00 
 5.23596000e-03  4.97339145e+00 
 5.23696000e-03  4.97341804e+00 
 5.23796000e-03  4.97344461e+00 
 5.23896000e-03  4.97347115e+00 
 5.23996000e-03  4.97349767e+00 
 5.24096000e-03  4.97352416e+00 
 5.24196000e-03  4.97355062e+00 
 5.24296000e-03  4.97357706e+00 
 5.24396000e-03  4.97360346e+00 
 5.24496000e-03  4.97362985e+00 
 5.24596000e-03  4.97365621e+00 
 5.24696000e-03  4.97368254e+00 
 5.24796000e-03  4.97370884e+00 
 5.24896000e-03  4.97373512e+00 
 5.24996000e-03  4.97376137e+00 
 5.25096000e-03  4.97378760e+00 
 5.25196000e-03  4.97381379e+00 
 5.25296000e-03  4.97383997e+00 
 5.25396000e-03  4.97386611e+00 
 5.25496000e-03  4.97389224e+00 
 5.25596000e-03  4.97391833e+00 
 5.25696000e-03  4.97394440e+00 
 5.25796000e-03  4.97397044e+00 
 5.25896000e-03  4.97399646e+00 
 5.25996000e-03  4.97402245e+00 
 5.26096000e-03  4.97404841e+00 
 5.26196000e-03  4.97407435e+00 
 5.26296000e-03  4.97410026e+00 
 5.26396000e-03  4.97412615e+00 
 5.26496000e-03  4.97415201e+00 
 5.26596000e-03  4.97417785e+00 
 5.26696000e-03  4.97420366e+00 
 5.26796000e-03  4.97422944e+00 
 5.26896000e-03  4.97425520e+00 
 5.26996000e-03  4.97428093e+00 
 5.27096000e-03  4.97430664e+00 
 5.27196000e-03  4.97433232e+00 
 5.27296000e-03  4.97435797e+00 
 5.27396000e-03  4.97438360e+00 
 5.27496000e-03  4.97440920e+00 
 5.27596000e-03  4.97443478e+00 
 5.27696000e-03  4.97446033e+00 
 5.27796000e-03  4.97448586e+00 
 5.27896000e-03  4.97451136e+00 
 5.27996000e-03  4.97453684e+00 
 5.28096000e-03  4.97456229e+00 
 5.28196000e-03  4.97458771e+00 
 5.28296000e-03  4.97461311e+00 
 5.28396000e-03  4.97463849e+00 
 5.28496000e-03  4.97466384e+00 
 5.28596000e-03  4.97468916e+00 
 5.28696000e-03  4.97471446e+00 
 5.28796000e-03  4.97473973e+00 
 5.28896000e-03  4.97476498e+00 
 5.28996000e-03  4.97479020e+00 
 5.29096000e-03  4.97481540e+00 
 5.29196000e-03  4.97484057e+00 
 5.29296000e-03  4.97486572e+00 
 5.29396000e-03  4.97489084e+00 
 5.29496000e-03  4.97491594e+00 
 5.29596000e-03  4.97494101e+00 
 5.29696000e-03  4.97496605e+00 
 5.29796000e-03  4.97499108e+00 
 5.29896000e-03  4.97501607e+00 
 5.29996000e-03  4.97504104e+00 
 5.30096000e-03  4.97506599e+00 
 5.30196000e-03  4.97509091e+00 
 5.30296000e-03  4.97511581e+00 
 5.30396000e-03  4.97514068e+00 
 5.30496000e-03  4.97516553e+00 
 5.30596000e-03  4.97519035e+00 
 5.30696000e-03  4.97521515e+00 
 5.30796000e-03  4.97523992e+00 
 5.30896000e-03  4.97526467e+00 
 5.30996000e-03  4.97528939e+00 
 5.31096000e-03  4.97531409e+00 
 5.31196000e-03  4.97533876e+00 
 5.31296000e-03  4.97536341e+00 
 5.31396000e-03  4.97538803e+00 
 5.31496000e-03  4.97541263e+00 
 5.31596000e-03  4.97543721e+00 
 5.31696000e-03  4.97546176e+00 
 5.31796000e-03  4.97548629e+00 
 5.31896000e-03  4.97551079e+00 
 5.31996000e-03  4.97553526e+00 
 5.32096000e-03  4.97555972e+00 
 5.32196000e-03  4.97558414e+00 
 5.32296000e-03  4.97560855e+00 
 5.32396000e-03  4.97563293e+00 
 5.32496000e-03  4.97565728e+00 
 5.32596000e-03  4.97568161e+00 
 5.32696000e-03  4.97570592e+00 
 5.32796000e-03  4.97573020e+00 
 5.32896000e-03  4.97575446e+00 
 5.32996000e-03  4.97577869e+00 
 5.33096000e-03  4.97580290e+00 
 5.33196000e-03  4.97582709e+00 
 5.33296000e-03  4.97585125e+00 
 5.33396000e-03  4.97587538e+00 
 5.33496000e-03  4.97589950e+00 
 5.33596000e-03  4.97592358e+00 
 5.33696000e-03  4.97594765e+00 
 5.33796000e-03  4.97597169e+00 
 5.33896000e-03  4.97599571e+00 
 5.33996000e-03  4.97601970e+00 
 5.34096000e-03  4.97604367e+00 
 5.34196000e-03  4.97606761e+00 
 5.34296000e-03  4.97609153e+00 
 5.34396000e-03  4.97611543e+00 
 5.34496000e-03  4.97613930e+00 
 5.34596000e-03  4.97616315e+00 
 5.34696000e-03  4.97618697e+00 
 5.34796000e-03  4.97621077e+00 
 5.34896000e-03  4.97623455e+00 
 5.34996000e-03  4.97625831e+00 
 5.35096000e-03  4.97628204e+00 
 5.35196000e-03  4.97630574e+00 
 5.35296000e-03  4.97632942e+00 
 5.35396000e-03  4.97635308e+00 
 5.35496000e-03  4.97637672e+00 
 5.35596000e-03  4.97640033e+00 
 5.35696000e-03  4.97642392e+00 
 5.35796000e-03  4.97644748e+00 
 5.35896000e-03  4.97647102e+00 
 5.35996000e-03  4.97649454e+00 
 5.36096000e-03  4.97651803e+00 
 5.36196000e-03  4.97654150e+00 
 5.36296000e-03  4.97656495e+00 
 5.36396000e-03  4.97658837e+00 
 5.36496000e-03  4.97661177e+00 
 5.36596000e-03  4.97663515e+00 
 5.36696000e-03  4.97665850e+00 
 5.36796000e-03  4.97668183e+00 
 5.36896000e-03  4.97670514e+00 
 5.36996000e-03  4.97672842e+00 
 5.37096000e-03  4.97675168e+00 
 5.37196000e-03  4.97677492e+00 
 5.37296000e-03  4.97679813e+00 
 5.37396000e-03  4.97682132e+00 
 5.37496000e-03  4.97684449e+00 
 5.37596000e-03  4.97686763e+00 
 5.37696000e-03  4.97689076e+00 
 5.37796000e-03  4.97691385e+00 
 5.37896000e-03  4.97693693e+00 
 5.37996000e-03  4.97695998e+00 
 5.38096000e-03  4.97698301e+00 
 5.38196000e-03  4.97700601e+00 
 5.38296000e-03  4.97702900e+00 
 5.38396000e-03  4.97705196e+00 
 5.38496000e-03  4.97707489e+00 
 5.38596000e-03  4.97709781e+00 
 5.38696000e-03  4.97712070e+00 
 5.38796000e-03  4.97714356e+00 
 5.38896000e-03  4.97716641e+00 
 5.38996000e-03  4.97718923e+00 
 5.39096000e-03  4.97721203e+00 
 5.39196000e-03  4.97723481e+00 
 5.39296000e-03  4.97725756e+00 
 5.39396000e-03  4.97728029e+00 
 5.39496000e-03  4.97730300e+00 
 5.39596000e-03  4.97732569e+00 
 5.39696000e-03  4.97734835e+00 
 5.39796000e-03  4.97737099e+00 
 5.39896000e-03  4.97739361e+00 
 5.39996000e-03  4.97741620e+00 
 5.40096000e-03  4.97743877e+00 
 5.40196000e-03  4.97746132e+00 
 5.40296000e-03  4.97748385e+00 
 5.40396000e-03  4.97750636e+00 
 5.40496000e-03  4.97752884e+00 
 5.40596000e-03  4.97755130e+00 
 5.40696000e-03  4.97757374e+00 
 5.40796000e-03  4.97759615e+00 
 5.40896000e-03  4.97761854e+00 
 5.40996000e-03  4.97764091e+00 
 5.41096000e-03  4.97766326e+00 
 5.41196000e-03  4.97768559e+00 
 5.41296000e-03  4.97770789e+00 
 5.41396000e-03  4.97773017e+00 
 5.41496000e-03  4.97775243e+00 
 5.41596000e-03  4.97777467e+00 
 5.41696000e-03  4.97779688e+00 
 5.41796000e-03  4.97781907e+00 
 5.41896000e-03  4.97784124e+00 
 5.41996000e-03  4.97786339e+00 
 5.42096000e-03  4.97788552e+00 
 5.42196000e-03  4.97790762e+00 
 5.42296000e-03  4.97792970e+00 
 5.42396000e-03  4.97795176e+00 
 5.42496000e-03  4.97797380e+00 
 5.42596000e-03  4.97799581e+00 
 5.42696000e-03  4.97801781e+00 
 5.42796000e-03  4.97803978e+00 
 5.42896000e-03  4.97806173e+00 
 5.42996000e-03  4.97808365e+00 
 5.43096000e-03  4.97810556e+00 
 5.43196000e-03  4.97812744e+00 
 5.43296000e-03  4.97814930e+00 
 5.43396000e-03  4.97817114e+00 
 5.43496000e-03  4.97819296e+00 
 5.43596000e-03  4.97821476e+00 
 5.43696000e-03  4.97823653e+00 
 5.43796000e-03  4.97825829e+00 
 5.43896000e-03  4.97828002e+00 
 5.43996000e-03  4.97830173e+00 
 5.44096000e-03  4.97832341e+00 
 5.44196000e-03  4.97834508e+00 
 5.44296000e-03  4.97836672e+00 
 5.44396000e-03  4.97838835e+00 
 5.44496000e-03  4.97840995e+00 
 5.44596000e-03  4.97843153e+00 
 5.44696000e-03  4.97845308e+00 
 5.44796000e-03  4.97847462e+00 
 5.44896000e-03  4.97849613e+00 
 5.44996000e-03  4.97851763e+00 
 5.45096000e-03  4.97853910e+00 
 5.45196000e-03  4.97856055e+00 
 5.45296000e-03  4.97858198e+00 
 5.45396000e-03  4.97860338e+00 
 5.45496000e-03  4.97862477e+00 
 5.45596000e-03  4.97864614e+00 
 5.45696000e-03  4.97866748e+00 
 5.45796000e-03  4.97868880e+00 
 5.45896000e-03  4.97871010e+00 
 5.45996000e-03  4.97873138e+00 
 5.46096000e-03  4.97875264e+00 
 5.46196000e-03  4.97877387e+00 
 5.46296000e-03  4.97879509e+00 
 5.46396000e-03  4.97881628e+00 
 5.46496000e-03  4.97883746e+00 
 5.46596000e-03  4.97885861e+00 
 5.46696000e-03  4.97887974e+00 
 5.46796000e-03  4.97890085e+00 
 5.46896000e-03  4.97892194e+00 
 5.46996000e-03  4.97894301e+00 
 5.47096000e-03  4.97896405e+00 
 5.47196000e-03  4.97898508e+00 
 5.47296000e-03  4.97900608e+00 
 5.47396000e-03  4.97902707e+00 
 5.47496000e-03  4.97904803e+00 
 5.47596000e-03  4.97906897e+00 
 5.47696000e-03  4.97908989e+00 
 5.47796000e-03  4.97911079e+00 
 5.47896000e-03  4.97913167e+00 
 5.47996000e-03  4.97915253e+00 
 5.48096000e-03  4.97917336e+00 
 5.48196000e-03  4.97919418e+00 
 5.48296000e-03  4.97921498e+00 
 5.48396000e-03  4.97923575e+00 
 5.48496000e-03  4.97925650e+00 
 5.48596000e-03  4.97927724e+00 
 5.48696000e-03  4.97929795e+00 
 5.48796000e-03  4.97931864e+00 
 5.48896000e-03  4.97933931e+00 
 5.48996000e-03  4.97935996e+00 
 5.49096000e-03  4.97938059e+00 
 5.49196000e-03  4.97940120e+00 
 5.49296000e-03  4.97942179e+00 
 5.49396000e-03  4.97944236e+00 
 5.49496000e-03  4.97946291e+00 
 5.49596000e-03  4.97948343e+00 
 5.49696000e-03  4.97950394e+00 
 5.49796000e-03  4.97952442e+00 
 5.49896000e-03  4.97954489e+00 
 5.49996000e-03  4.97956533e+00 
 5.50096000e-03  4.97958576e+00 
 5.50196000e-03  4.97960616e+00 
 5.50296000e-03  4.97962655e+00 
 5.50396000e-03  4.97964691e+00 
 5.50496000e-03  4.97966725e+00 
 5.50596000e-03  4.97968758e+00 
 5.50696000e-03  4.97970788e+00 
 5.50796000e-03  4.97972816e+00 
 5.50896000e-03  4.97974842e+00 
 5.50996000e-03  4.97976866e+00 
 5.51096000e-03  4.97978888e+00 
 5.51196000e-03  4.97980909e+00 
 5.51296000e-03  4.97982927e+00 
 5.51396000e-03  4.97984943e+00 
 5.51496000e-03  4.97986957e+00 
 5.51596000e-03  4.97988969e+00 
 5.51696000e-03  4.97990979e+00 
 5.51796000e-03  4.97992987e+00 
 5.51896000e-03  4.97994993e+00 
 5.51996000e-03  4.97996997e+00 
 5.52096000e-03  4.97998999e+00 
 5.52196000e-03  4.98000999e+00 
 5.52296000e-03  4.98002997e+00 
 5.52396000e-03  4.98004993e+00 
 5.52496000e-03  4.98006987e+00 
 5.52596000e-03  4.98008979e+00 
 5.52696000e-03  4.98010969e+00 
 5.52796000e-03  4.98012957e+00 
 5.52896000e-03  4.98014943e+00 
 5.52996000e-03  4.98016927e+00 
 5.53096000e-03  4.98018909e+00 
 5.53196000e-03  4.98020889e+00 
 5.53296000e-03  4.98022867e+00 
 5.53396000e-03  4.98024843e+00 
 5.53496000e-03  4.98026818e+00 
 5.53596000e-03  4.98028790e+00 
 5.53696000e-03  4.98030760e+00 
 5.53796000e-03  4.98032728e+00 
 5.53896000e-03  4.98034695e+00 
 5.53996000e-03  4.98036659e+00 
 5.54096000e-03  4.98038621e+00 
 5.54196000e-03  4.98040582e+00 
 5.54296000e-03  4.98042540e+00 
 5.54396000e-03  4.98044497e+00 
 5.54496000e-03  4.98046451e+00 
 5.54596000e-03  4.98048404e+00 
 5.54696000e-03  4.98050354e+00 
 5.54796000e-03  4.98052303e+00 
 5.54896000e-03  4.98054250e+00 
 5.54996000e-03  4.98056195e+00 
 5.55096000e-03  4.98058137e+00 
 5.55196000e-03  4.98060078e+00 
 5.55296000e-03  4.98062017e+00 
 5.55396000e-03  4.98063954e+00 
 5.55496000e-03  4.98065889e+00 
 5.55596000e-03  4.98067822e+00 
 5.55696000e-03  4.98069754e+00 
 5.55796000e-03  4.98071683e+00 
 5.55896000e-03  4.98073610e+00 
 5.55996000e-03  4.98075536e+00 
 5.56096000e-03  4.98077459e+00 
 5.56196000e-03  4.98079381e+00 
 5.56296000e-03  4.98081300e+00 
 5.56396000e-03  4.98083218e+00 
 5.56496000e-03  4.98085134e+00 
 5.56596000e-03  4.98087048e+00 
 5.56696000e-03  4.98088960e+00 
 5.56796000e-03  4.98090870e+00 
 5.56896000e-03  4.98092778e+00 
 5.56996000e-03  4.98094684e+00 
 5.57096000e-03  4.98096589e+00 
 5.57196000e-03  4.98098491e+00 
 5.57296000e-03  4.98100392e+00 
 5.57396000e-03  4.98102290e+00 
 5.57496000e-03  4.98104187e+00 
 5.57596000e-03  4.98106082e+00 
 5.57696000e-03  4.98107975e+00 
 5.57796000e-03  4.98109866e+00 
 5.57896000e-03  4.98111755e+00 
 5.57996000e-03  4.98113643e+00 
 5.58096000e-03  4.98115528e+00 
 5.58196000e-03  4.98117412e+00 
 5.58296000e-03  4.98119293e+00 
 5.58396000e-03  4.98121173e+00 
 5.58496000e-03  4.98123051e+00 
 5.58596000e-03  4.98124927e+00 
 5.58696000e-03  4.98126801e+00 
 5.58796000e-03  4.98128673e+00 
 5.58896000e-03  4.98130544e+00 
 5.58996000e-03  4.98132412e+00 
 5.59096000e-03  4.98134279e+00 
 5.59196000e-03  4.98136144e+00 
 5.59296000e-03  4.98138007e+00 
 5.59396000e-03  4.98139868e+00 
 5.59496000e-03  4.98141727e+00 
 5.59596000e-03  4.98143584e+00 
 5.59696000e-03  4.98145440e+00 
 5.59796000e-03  4.98147293e+00 
 5.59896000e-03  4.98149145e+00 
 5.59996000e-03  4.98150995e+00 
 5.60096000e-03  4.98152843e+00 
 5.60196000e-03  4.98154689e+00 
 5.60296000e-03  4.98156534e+00 
 5.60396000e-03  4.98158376e+00 
 5.60496000e-03  4.98160217e+00 
 5.60596000e-03  4.98162056e+00 
 5.60696000e-03  4.98163893e+00 
 5.60796000e-03  4.98165728e+00 
 5.60896000e-03  4.98167561e+00 
 5.60996000e-03  4.98169393e+00 
 5.61096000e-03  4.98171223e+00 
 5.61196000e-03  4.98173051e+00 
 5.61296000e-03  4.98174877e+00 
 5.61396000e-03  4.98176701e+00 
 5.61496000e-03  4.98178523e+00 
 5.61596000e-03  4.98180344e+00 
 5.61696000e-03  4.98182162e+00 
 5.61796000e-03  4.98183979e+00 
 5.61896000e-03  4.98185794e+00 
 5.61996000e-03  4.98187608e+00 
 5.62096000e-03  4.98189419e+00 
 5.62196000e-03  4.98191229e+00 
 5.62296000e-03  4.98193037e+00 
 5.62396000e-03  4.98194843e+00 
 5.62496000e-03  4.98196647e+00 
 5.62596000e-03  4.98198450e+00 
 5.62696000e-03  4.98200250e+00 
 5.62796000e-03  4.98202049e+00 
 5.62896000e-03  4.98203846e+00 
 5.62996000e-03  4.98205641e+00 
 5.63096000e-03  4.98207435e+00 
 5.63196000e-03  4.98209227e+00 
 5.63296000e-03  4.98211016e+00 
 5.63396000e-03  4.98212805e+00 
 5.63496000e-03  4.98214591e+00 
 5.63596000e-03  4.98216375e+00 
 5.63696000e-03  4.98218158e+00 
 5.63796000e-03  4.98219939e+00 
 5.63896000e-03  4.98221718e+00 
 5.63996000e-03  4.98223496e+00 
 5.64096000e-03  4.98225271e+00 
 5.64196000e-03  4.98227045e+00 
 5.64296000e-03  4.98228817e+00 
 5.64396000e-03  4.98230587e+00 
 5.64496000e-03  4.98232356e+00 
 5.64596000e-03  4.98234123e+00 
 5.64696000e-03  4.98235888e+00 
 5.64796000e-03  4.98237651e+00 
 5.64896000e-03  4.98239412e+00 
 5.64996000e-03  4.98241172e+00 
 5.65096000e-03  4.98242930e+00 
 5.65196000e-03  4.98244686e+00 
 5.65296000e-03  4.98246441e+00 
 5.65396000e-03  4.98248193e+00 
 5.65496000e-03  4.98249944e+00 
 5.65596000e-03  4.98251693e+00 
 5.65696000e-03  4.98253441e+00 
 5.65796000e-03  4.98255187e+00 
 5.65896000e-03  4.98256931e+00 
 5.65996000e-03  4.98258673e+00 
 5.66096000e-03  4.98260413e+00 
 5.66196000e-03  4.98262152e+00 
 5.66296000e-03  4.98263889e+00 
 5.66396000e-03  4.98265624e+00 
 5.66496000e-03  4.98267358e+00 
 5.66596000e-03  4.98269089e+00 
 5.66696000e-03  4.98270819e+00 
 5.66796000e-03  4.98272548e+00 
 5.66896000e-03  4.98274274e+00 
 5.66996000e-03  4.98275999e+00 
 5.67096000e-03  4.98277722e+00 
 5.67196000e-03  4.98279444e+00 
 5.67296000e-03  4.98281163e+00 
 5.67396000e-03  4.98282881e+00 
 5.67496000e-03  4.98284598e+00 
 5.67596000e-03  4.98286312e+00 
 5.67696000e-03  4.98288025e+00 
 5.67796000e-03  4.98289736e+00 
 5.67896000e-03  4.98291446e+00 
 5.67996000e-03  4.98293153e+00 
 5.68096000e-03  4.98294859e+00 
 5.68196000e-03  4.98296564e+00 
 5.68296000e-03  4.98298266e+00 
 5.68396000e-03  4.98299967e+00 
 5.68496000e-03  4.98301666e+00 
 5.68596000e-03  4.98303364e+00 
 5.68696000e-03  4.98305060e+00 
 5.68796000e-03  4.98306754e+00 
 5.68896000e-03  4.98308446e+00 
 5.68996000e-03  4.98310137e+00 
 5.69096000e-03  4.98311826e+00 
 5.69196000e-03  4.98313513e+00 
 5.69296000e-03  4.98315199e+00 
 5.69396000e-03  4.98316883e+00 
 5.69496000e-03  4.98318565e+00 
 5.69596000e-03  4.98320246e+00 
 5.69696000e-03  4.98321924e+00 
 5.69796000e-03  4.98323602e+00 
 5.69896000e-03  4.98325277e+00 
 5.69996000e-03  4.98326951e+00 
 5.70096000e-03  4.98328623e+00 
 5.70196000e-03  4.98330294e+00 
 5.70296000e-03  4.98331963e+00 
 5.70396000e-03  4.98333630e+00 
 5.70496000e-03  4.98335296e+00 
 5.70596000e-03  4.98336959e+00 
 5.70696000e-03  4.98338622e+00 
 5.70796000e-03  4.98340282e+00 
 5.70896000e-03  4.98341941e+00 
 5.70996000e-03  4.98343598e+00 
 5.71096000e-03  4.98345254e+00 
 5.71196000e-03  4.98346908e+00 
 5.71296000e-03  4.98348560e+00 
 5.71396000e-03  4.98350211e+00 
 5.71496000e-03  4.98351860e+00 
 5.71596000e-03  4.98353507e+00 
 5.71696000e-03  4.98355153e+00 
 5.71796000e-03  4.98356797e+00 
 5.71896000e-03  4.98358439e+00 
 5.71996000e-03  4.98360080e+00 
 5.72096000e-03  4.98361719e+00 
 5.72196000e-03  4.98363356e+00 
 5.72296000e-03  4.98364992e+00 
 5.72396000e-03  4.98366626e+00 
 5.72496000e-03  4.98368259e+00 
 5.72596000e-03  4.98369890e+00 
 5.72696000e-03  4.98371519e+00 
 5.72796000e-03  4.98373147e+00 
 5.72896000e-03  4.98374773e+00 
 5.72996000e-03  4.98376397e+00 
 5.73096000e-03  4.98378020e+00 
 5.73196000e-03  4.98379641e+00 
 5.73296000e-03  4.98381261e+00 
 5.73396000e-03  4.98382879e+00 
 5.73496000e-03  4.98384495e+00 
 5.73596000e-03  4.98386110e+00 
 5.73696000e-03  4.98387723e+00 
 5.73796000e-03  4.98389334e+00 
 5.73896000e-03  4.98390944e+00 
 5.73996000e-03  4.98392552e+00 
 5.74096000e-03  4.98394159e+00 
 5.74196000e-03  4.98395764e+00 
 5.74296000e-03  4.98397367e+00 
 5.74396000e-03  4.98398969e+00 
 5.74496000e-03  4.98400570e+00 
 5.74596000e-03  4.98402168e+00 
 5.74696000e-03  4.98403765e+00 
 5.74796000e-03  4.98405361e+00 
 5.74896000e-03  4.98406954e+00 
 5.74996000e-03  4.98408547e+00 
 5.75096000e-03  4.98410137e+00 
 5.75196000e-03  4.98411726e+00 
 5.75296000e-03  4.98413314e+00 
 5.75396000e-03  4.98414900e+00 
 5.75496000e-03  4.98416484e+00 
 5.75596000e-03  4.98418067e+00 
 5.75696000e-03  4.98419648e+00 
 5.75796000e-03  4.98421228e+00 
 5.75896000e-03  4.98422806e+00 
 5.75996000e-03  4.98424382e+00 
 5.76096000e-03  4.98425957e+00 
 5.76196000e-03  4.98427530e+00 
 5.76296000e-03  4.98429102e+00 
 5.76396000e-03  4.98430672e+00 
 5.76496000e-03  4.98432240e+00 
 5.76596000e-03  4.98433807e+00 
 5.76696000e-03  4.98435373e+00 
 5.76796000e-03  4.98436937e+00 
 5.76896000e-03  4.98438499e+00 
 5.76996000e-03  4.98440060e+00 
 5.77096000e-03  4.98441619e+00 
 5.77196000e-03  4.98443176e+00 
 5.77296000e-03  4.98444732e+00 
 5.77396000e-03  4.98446287e+00 
 5.77496000e-03  4.98447840e+00 
 5.77596000e-03  4.98449391e+00 
 5.77696000e-03  4.98450941e+00 
 5.77796000e-03  4.98452489e+00 
 5.77896000e-03  4.98454036e+00 
 5.77996000e-03  4.98455581e+00 
 5.78096000e-03  4.98457125e+00 
 5.78196000e-03  4.98458667e+00 
 5.78296000e-03  4.98460208e+00 
 5.78396000e-03  4.98461747e+00 
 5.78496000e-03  4.98463284e+00 
 5.78596000e-03  4.98464820e+00 
 5.78696000e-03  4.98466354e+00 
 5.78796000e-03  4.98467887e+00 
 5.78896000e-03  4.98469419e+00 
 5.78996000e-03  4.98470948e+00 
 5.79096000e-03  4.98472477e+00 
 5.79196000e-03  4.98474004e+00 
 5.79296000e-03  4.98475529e+00 
 5.79396000e-03  4.98477052e+00 
 5.79496000e-03  4.98478575e+00 
 5.79596000e-03  4.98480095e+00 
 5.79696000e-03  4.98481614e+00 
 5.79796000e-03  4.98483132e+00 
 5.79896000e-03  4.98484648e+00 
 5.79996000e-03  4.98486163e+00 
 5.80096000e-03  4.98487676e+00 
 5.80196000e-03  4.98489187e+00 
 5.80296000e-03  4.98490698e+00 
 5.80396000e-03  4.98492206e+00 
 5.80496000e-03  4.98493713e+00 
 5.80596000e-03  4.98495219e+00 
 5.80696000e-03  4.98496723e+00 
 5.80796000e-03  4.98498225e+00 
 5.80896000e-03  4.98499726e+00 
 5.80996000e-03  4.98501226e+00 
 5.81096000e-03  4.98502724e+00 
 5.81196000e-03  4.98504220e+00 
 5.81296000e-03  4.98505715e+00 
 5.81396000e-03  4.98507209e+00 
 5.81496000e-03  4.98508701e+00 
 5.81596000e-03  4.98510191e+00 
 5.81696000e-03  4.98511681e+00 
 5.81796000e-03  4.98513168e+00 
 5.81896000e-03  4.98514654e+00 
 5.81996000e-03  4.98516139e+00 
 5.82096000e-03  4.98517622e+00 
 5.82196000e-03  4.98519104e+00 
 5.82296000e-03  4.98520584e+00 
 5.82396000e-03  4.98522062e+00 
 5.82496000e-03  4.98523540e+00 
 5.82596000e-03  4.98525015e+00 
 5.82696000e-03  4.98526490e+00 
 5.82796000e-03  4.98527962e+00 
 5.82896000e-03  4.98529434e+00 
 5.82996000e-03  4.98530903e+00 
 5.83096000e-03  4.98532372e+00 
 5.83196000e-03  4.98533839e+00 
 5.83296000e-03  4.98535304e+00 
 5.83396000e-03  4.98536768e+00 
 5.83496000e-03  4.98538231e+00 
 5.83596000e-03  4.98539692e+00 
 5.83696000e-03  4.98541151e+00 
 5.83796000e-03  4.98542609e+00 
 5.83896000e-03  4.98544066e+00 
 5.83996000e-03  4.98545521e+00 
 5.84096000e-03  4.98546975e+00 
 5.84196000e-03  4.98548427e+00 
 5.84296000e-03  4.98549878e+00 
 5.84396000e-03  4.98551328e+00 
 5.84496000e-03  4.98552775e+00 
 5.84596000e-03  4.98554222e+00 
 5.84696000e-03  4.98555667e+00 
 5.84796000e-03  4.98557111e+00 
 5.84896000e-03  4.98558553e+00 
 5.84996000e-03  4.98559994e+00 
 5.85096000e-03  4.98561433e+00 
 5.85196000e-03  4.98562871e+00 
 5.85296000e-03  4.98564307e+00 
 5.85396000e-03  4.98565742e+00 
 5.85496000e-03  4.98567176e+00 
 5.85596000e-03  4.98568608e+00 
 5.85696000e-03  4.98570038e+00 
 5.85796000e-03  4.98571468e+00 
 5.85896000e-03  4.98572895e+00 
 5.85996000e-03  4.98574322e+00 
 5.86096000e-03  4.98575747e+00 
 5.86196000e-03  4.98577170e+00 
 5.86296000e-03  4.98578592e+00 
 5.86396000e-03  4.98580013e+00 
 5.86496000e-03  4.98581432e+00 
 5.86596000e-03  4.98582850e+00 
 5.86696000e-03  4.98584267e+00 
 5.86796000e-03  4.98585682e+00 
 5.86896000e-03  4.98587095e+00 
 5.86996000e-03  4.98588508e+00 
 5.87096000e-03  4.98589918e+00 
 5.87196000e-03  4.98591328e+00 
 5.87296000e-03  4.98592736e+00 
 5.87396000e-03  4.98594142e+00 
 5.87496000e-03  4.98595547e+00 
 5.87596000e-03  4.98596951e+00 
 5.87696000e-03  4.98598354e+00 
 5.87796000e-03  4.98599754e+00 
 5.87896000e-03  4.98601154e+00 
 5.87996000e-03  4.98602552e+00 
 5.88096000e-03  4.98603949e+00 
 5.88196000e-03  4.98605344e+00 
 5.88296000e-03  4.98606738e+00 
 5.88396000e-03  4.98608131e+00 
 5.88496000e-03  4.98609522e+00 
 5.88596000e-03  4.98610912e+00 
 5.88696000e-03  4.98612300e+00 
 5.88796000e-03  4.98613687e+00 
 5.88896000e-03  4.98615073e+00 
 5.88996000e-03  4.98616457e+00 
 5.89096000e-03  4.98617840e+00 
 5.89196000e-03  4.98619221e+00 
 5.89296000e-03  4.98620601e+00 
 5.89396000e-03  4.98621980e+00 
 5.89496000e-03  4.98623357e+00 
 5.89596000e-03  4.98624733e+00 
 5.89696000e-03  4.98626108e+00 
 5.89796000e-03  4.98627481e+00 
 5.89896000e-03  4.98628853e+00 
 5.89996000e-03  4.98630223e+00 
 5.90096000e-03  4.98631593e+00 
 5.90196000e-03  4.98632960e+00 
 5.90296000e-03  4.98634327e+00 
 5.90396000e-03  4.98635692e+00 
 5.90496000e-03  4.98637055e+00 
 5.90596000e-03  4.98638418e+00 
 5.90696000e-03  4.98639778e+00 
 5.90796000e-03  4.98641138e+00 
 5.90896000e-03  4.98642496e+00 
 5.90996000e-03  4.98643853e+00 
 5.91096000e-03  4.98645208e+00 
 5.91196000e-03  4.98646563e+00 
 5.91296000e-03  4.98647915e+00 
 5.91396000e-03  4.98649267e+00 
 5.91496000e-03  4.98650617e+00 
 5.91596000e-03  4.98651965e+00 
 5.91696000e-03  4.98653313e+00 
 5.91796000e-03  4.98654659e+00 
 5.91896000e-03  4.98656004e+00 
 5.91996000e-03  4.98657347e+00 
 5.92096000e-03  4.98658689e+00 
 5.92196000e-03  4.98660029e+00 
 5.92296000e-03  4.98661369e+00 
 5.92396000e-03  4.98662707e+00 
 5.92496000e-03  4.98664043e+00 
 5.92596000e-03  4.98665379e+00 
 5.92696000e-03  4.98666713e+00 
 5.92796000e-03  4.98668045e+00 
 5.92896000e-03  4.98669377e+00 
 5.92996000e-03  4.98670706e+00 
 5.93096000e-03  4.98672035e+00 
 5.93196000e-03  4.98673362e+00 
 5.93296000e-03  4.98674688e+00 
 5.93396000e-03  4.98676013e+00 
 5.93496000e-03  4.98677336e+00 
 5.93596000e-03  4.98678658e+00 
 5.93696000e-03  4.98679979e+00 
 5.93796000e-03  4.98681298e+00 
 5.93896000e-03  4.98682616e+00 
 5.93996000e-03  4.98683933e+00 
 5.94096000e-03  4.98685249e+00 
 5.94196000e-03  4.98686563e+00 
 5.94296000e-03  4.98687875e+00 
 5.94396000e-03  4.98689187e+00 
 5.94496000e-03  4.98690497e+00 
 5.94596000e-03  4.98691806e+00 
 5.94696000e-03  4.98693113e+00 
 5.94796000e-03  4.98694420e+00 
 5.94896000e-03  4.98695725e+00 
 5.94996000e-03  4.98697028e+00 
 5.95096000e-03  4.98698331e+00 
 5.95196000e-03  4.98699632e+00 
 5.95296000e-03  4.98700931e+00 
 5.95396000e-03  4.98702230e+00 
 5.95496000e-03  4.98703527e+00 
 5.95596000e-03  4.98704823e+00 
 5.95696000e-03  4.98706117e+00 
 5.95796000e-03  4.98707410e+00 
 5.95896000e-03  4.98708702e+00 
 5.95996000e-03  4.98709993e+00 
 5.96096000e-03  4.98711282e+00 
 5.96196000e-03  4.98712570e+00 
 5.96296000e-03  4.98713857e+00 
 5.96396000e-03  4.98715143e+00 
 5.96496000e-03  4.98716427e+00 
 5.96596000e-03  4.98717710e+00 
 5.96696000e-03  4.98718992e+00 
 5.96796000e-03  4.98720272e+00 
 5.96896000e-03  4.98721551e+00 
 5.96996000e-03  4.98722829e+00 
 5.97096000e-03  4.98724105e+00 
 5.97196000e-03  4.98725381e+00 
 5.97296000e-03  4.98726655e+00 
 5.97396000e-03  4.98727927e+00 
 5.97496000e-03  4.98729199e+00 
 5.97596000e-03  4.98730469e+00 
 5.97696000e-03  4.98731738e+00 
 5.97796000e-03  4.98733005e+00 
 5.97896000e-03  4.98734272e+00 
 5.97996000e-03  4.98735537e+00 
 5.98096000e-03  4.98736801e+00 
 5.98196000e-03  4.98738063e+00 
 5.98296000e-03  4.98739325e+00 
 5.98396000e-03  4.98740585e+00 
 5.98496000e-03  4.98741843e+00 
 5.98596000e-03  4.98743101e+00 
 5.98696000e-03  4.98744357e+00 
 5.98796000e-03  4.98745612e+00 
 5.98896000e-03  4.98746866e+00 
 5.98996000e-03  4.98748119e+00 
 5.99096000e-03  4.98749370e+00 
 5.99196000e-03  4.98750620e+00 
 5.99296000e-03  4.98751869e+00 
 5.99396000e-03  4.98753116e+00 
 5.99496000e-03  4.98754362e+00 
 5.99596000e-03  4.98755607e+00 
 5.99696000e-03  4.98756851e+00 
 5.99796000e-03  4.98758094e+00 
 5.99896000e-03  4.98759335e+00 
 5.99996000e-03  4.98760575e+00 
 6.00096000e-03  4.98761814e+00 
 6.00196000e-03  4.98763051e+00 
 6.00296000e-03  4.98764288e+00 
 6.00396000e-03  4.98765523e+00 
 6.00496000e-03  4.98766757e+00 
 6.00596000e-03  4.98767989e+00 
 6.00696000e-03  4.98769221e+00 
 6.00796000e-03  4.98770451e+00 
 6.00896000e-03  4.98771680e+00 
 6.00996000e-03  4.98772907e+00 
 6.01096000e-03  4.98774134e+00 
 6.01196000e-03  4.98775359e+00 
 6.01296000e-03  4.98776583e+00 
 6.01396000e-03  4.98777806e+00 
 6.01496000e-03  4.98779028e+00 
 6.01596000e-03  4.98780248e+00 
 6.01696000e-03  4.98781467e+00 
 6.01796000e-03  4.98782685e+00 
 6.01896000e-03  4.98783902e+00 
 6.01996000e-03  4.98785117e+00 
 6.02096000e-03  4.98786331e+00 
 6.02196000e-03  4.98787545e+00 
 6.02296000e-03  4.98788756e+00 
 6.02396000e-03  4.98789967e+00 
 6.02496000e-03  4.98791176e+00 
 6.02596000e-03  4.98792385e+00 
 6.02696000e-03  4.98793592e+00 
 6.02796000e-03  4.98794798e+00 
 6.02896000e-03  4.98796002e+00 
 6.02996000e-03  4.98797206e+00 
 6.03096000e-03  4.98798408e+00 
 6.03196000e-03  4.98799609e+00 
 6.03296000e-03  4.98800808e+00 
 6.03396000e-03  4.98802007e+00 
 6.03496000e-03  4.98803204e+00 
 6.03596000e-03  4.98804401e+00 
 6.03696000e-03  4.98805596e+00 
 6.03796000e-03  4.98806789e+00 
 6.03896000e-03  4.98807982e+00 
 6.03996000e-03  4.98809174e+00 
 6.04096000e-03  4.98810364e+00 
 6.04196000e-03  4.98811553e+00 
 6.04296000e-03  4.98812741e+00 
 6.04396000e-03  4.98813927e+00 
 6.04496000e-03  4.98815113e+00 
 6.04596000e-03  4.98816297e+00 
 6.04696000e-03  4.98817480e+00 
 6.04796000e-03  4.98818662e+00 
 6.04896000e-03  4.98819843e+00 
 6.04996000e-03  4.98821022e+00 
 6.05096000e-03  4.98822201e+00 
 6.05196000e-03  4.98823378e+00 
 6.05296000e-03  4.98824554e+00 
 6.05396000e-03  4.98825729e+00 
 6.05496000e-03  4.98826903e+00 
 6.05596000e-03  4.98828075e+00 
 6.05696000e-03  4.98829246e+00 
 6.05796000e-03  4.98830417e+00 
 6.05896000e-03  4.98831586e+00 
 6.05996000e-03  4.98832753e+00 
 6.06096000e-03  4.98833920e+00 
 6.06196000e-03  4.98835086e+00 
 6.06296000e-03  4.98836250e+00 
 6.06396000e-03  4.98837413e+00 
 6.06496000e-03  4.98838575e+00 
 6.06596000e-03  4.98839736e+00 
 6.06696000e-03  4.98840896e+00 
 6.06796000e-03  4.98842054e+00 
 6.06896000e-03  4.98843212e+00 
 6.06996000e-03  4.98844368e+00 
 6.07096000e-03  4.98845523e+00 
 6.07196000e-03  4.98846677e+00 
 6.07296000e-03  4.98847829e+00 
 6.07396000e-03  4.98848981e+00 
 6.07496000e-03  4.98850131e+00 
 6.07596000e-03  4.98851281e+00 
 6.07696000e-03  4.98852429e+00 
 6.07796000e-03  4.98853576e+00 
 6.07896000e-03  4.98854722e+00 
 6.07996000e-03  4.98855866e+00 
 6.08096000e-03  4.98857010e+00 
 6.08196000e-03  4.98858152e+00 
 6.08296000e-03  4.98859294e+00 
 6.08396000e-03  4.98860434e+00 
 6.08496000e-03  4.98861573e+00 
 6.08596000e-03  4.98862711e+00 
 6.08696000e-03  4.98863847e+00 
 6.08796000e-03  4.98864983e+00 
 6.08896000e-03  4.98866117e+00 
 6.08996000e-03  4.98867251e+00 
 6.09096000e-03  4.98868383e+00 
 6.09196000e-03  4.98869514e+00 
 6.09296000e-03  4.98870644e+00 
 6.09396000e-03  4.98871773e+00 
 6.09496000e-03  4.98872900e+00 
 6.09596000e-03  4.98874027e+00 
 6.09696000e-03  4.98875152e+00 
 6.09796000e-03  4.98876277e+00 
 6.09896000e-03  4.98877400e+00 
 6.09996000e-03  4.98878522e+00 
 6.10096000e-03  4.98879643e+00 
 6.10196000e-03  4.98880763e+00 
 6.10296000e-03  4.98881881e+00 
 6.10396000e-03  4.98882999e+00 
 6.10496000e-03  4.98884115e+00 
 6.10596000e-03  4.98885231e+00 
 6.10696000e-03  4.98886345e+00 
 6.10796000e-03  4.98887458e+00 
 6.10896000e-03  4.98888570e+00 
 6.10996000e-03  4.98889681e+00 
 6.11096000e-03  4.98890791e+00 
 6.11196000e-03  4.98891899e+00 
 6.11296000e-03  4.98893007e+00 
 6.11396000e-03  4.98894113e+00 
 6.11496000e-03  4.98895218e+00 
 6.11596000e-03  4.98896323e+00 
 6.11696000e-03  4.98897426e+00 
 6.11796000e-03  4.98898528e+00 
 6.11896000e-03  4.98899629e+00 
 6.11996000e-03  4.98900729e+00 
 6.12096000e-03  4.98901827e+00 
 6.12196000e-03  4.98902925e+00 
 6.12296000e-03  4.98904021e+00 
 6.12396000e-03  4.98905117e+00 
 6.12496000e-03  4.98906211e+00 
 6.12596000e-03  4.98907304e+00 
 6.12696000e-03  4.98908397e+00 
 6.12796000e-03  4.98909488e+00 
 6.12896000e-03  4.98910578e+00 
 6.12996000e-03  4.98911667e+00 
 6.13096000e-03  4.98912754e+00 
 6.13196000e-03  4.98913841e+00 
 6.13296000e-03  4.98914927e+00 
 6.13396000e-03  4.98916011e+00 
 6.13496000e-03  4.98917095e+00 
 6.13596000e-03  4.98918177e+00 
 6.13696000e-03  4.98919258e+00 
 6.13796000e-03  4.98920338e+00 
 6.13896000e-03  4.98921418e+00 
 6.13996000e-03  4.98922496e+00 
 6.14096000e-03  4.98923573e+00 
 6.14196000e-03  4.98924648e+00 
 6.14296000e-03  4.98925723e+00 
 6.14396000e-03  4.98926797e+00 
 6.14496000e-03  4.98927870e+00 
 6.14596000e-03  4.98928941e+00 
 6.14696000e-03  4.98930012e+00 
 6.14796000e-03  4.98931081e+00 
 6.14896000e-03  4.98932150e+00 
 6.14996000e-03  4.98933217e+00 
 6.15096000e-03  4.98934283e+00 
 6.15196000e-03  4.98935348e+00 
 6.15296000e-03  4.98936413e+00 
 6.15396000e-03  4.98937476e+00 
 6.15496000e-03  4.98938538e+00 
 6.15596000e-03  4.98939599e+00 
 6.15696000e-03  4.98940658e+00 
 6.15796000e-03  4.98941717e+00 
 6.15896000e-03  4.98942775e+00 
 6.15996000e-03  4.98943832e+00 
 6.16096000e-03  4.98944887e+00 
 6.16196000e-03  4.98945942e+00 
 6.16296000e-03  4.98946995e+00 
 6.16396000e-03  4.98948048e+00 
 6.16496000e-03  4.98949099e+00 
 6.16596000e-03  4.98950150e+00 
 6.16696000e-03  4.98951199e+00 
 6.16796000e-03  4.98952247e+00 
 6.16896000e-03  4.98953295e+00 
 6.16996000e-03  4.98954341e+00 
 6.17096000e-03  4.98955386e+00 
 6.17196000e-03  4.98956430e+00 
 6.17296000e-03  4.98957473e+00 
 6.17396000e-03  4.98958515e+00 
 6.17496000e-03  4.98959556e+00 
 6.17596000e-03  4.98960596e+00 
 6.17696000e-03  4.98961635e+00 
 6.17796000e-03  4.98962673e+00 
 6.17896000e-03  4.98963709e+00 
 6.17996000e-03  4.98964745e+00 
 6.18096000e-03  4.98965780e+00 
 6.18196000e-03  4.98966814e+00 
 6.18296000e-03  4.98967846e+00 
 6.18396000e-03  4.98968878e+00 
 6.18496000e-03  4.98969909e+00 
 6.18596000e-03  4.98970938e+00 
 6.18696000e-03  4.98971967e+00 
 6.18796000e-03  4.98972994e+00 
 6.18896000e-03  4.98974021e+00 
 6.18996000e-03  4.98975046e+00 
 6.19096000e-03  4.98976071e+00 
 6.19196000e-03  4.98977094e+00 
 6.19296000e-03  4.98978116e+00 
 6.19396000e-03  4.98979138e+00 
 6.19496000e-03  4.98980158e+00 
 6.19596000e-03  4.98981177e+00 
 6.19696000e-03  4.98982196e+00 
 6.19796000e-03  4.98983213e+00 
 6.19896000e-03  4.98984229e+00 
 6.19996000e-03  4.98985245e+00 
 6.20096000e-03  4.98986259e+00 
 6.20196000e-03  4.98987272e+00 
 6.20296000e-03  4.98988284e+00 
 6.20396000e-03  4.98989296e+00 
 6.20496000e-03  4.98990306e+00 
 6.20596000e-03  4.98991315e+00 
 6.20696000e-03  4.98992323e+00 
 6.20796000e-03  4.98993330e+00 
 6.20896000e-03  4.98994336e+00 
 6.20996000e-03  4.98995342e+00 
 6.21096000e-03  4.98996346e+00 
 6.21196000e-03  4.98997349e+00 
 6.21296000e-03  4.98998351e+00 
 6.21396000e-03  4.98999352e+00 
 6.21496000e-03  4.99000352e+00 
 6.21596000e-03  4.99001352e+00 
 6.21696000e-03  4.99002350e+00 
 6.21796000e-03  4.99003347e+00 
 6.21896000e-03  4.99004343e+00 
 6.21996000e-03  4.99005338e+00 
 6.22096000e-03  4.99006332e+00 
 6.22196000e-03  4.99007325e+00 
 6.22296000e-03  4.99008318e+00 
 6.22396000e-03  4.99009309e+00 
 6.22496000e-03  4.99010299e+00 
 6.22596000e-03  4.99011288e+00 
 6.22696000e-03  4.99012276e+00 
 6.22796000e-03  4.99013264e+00 
 6.22896000e-03  4.99014250e+00 
 6.22996000e-03  4.99015235e+00 
 6.23096000e-03  4.99016219e+00 
 6.23196000e-03  4.99017203e+00 
 6.23296000e-03  4.99018185e+00 
 6.23396000e-03  4.99019166e+00 
 6.23496000e-03  4.99020147e+00 
 6.23596000e-03  4.99021126e+00 
 6.23696000e-03  4.99022104e+00 
 6.23796000e-03  4.99023082e+00 
 6.23896000e-03  4.99024058e+00 
 6.23996000e-03  4.99025034e+00 
 6.24096000e-03  4.99026008e+00 
 6.24196000e-03  4.99026982e+00 
 6.24296000e-03  4.99027954e+00 
 6.24396000e-03  4.99028926e+00 
 6.24496000e-03  4.99029896e+00 
 6.24596000e-03  4.99030866e+00 
 6.24696000e-03  4.99031835e+00 
 6.24796000e-03  4.99032802e+00 
 6.24896000e-03  4.99033769e+00 
 6.24996000e-03  4.99034735e+00 
 6.25096000e-03  4.99035700e+00 
 6.25196000e-03  4.99036663e+00 
 6.25296000e-03  4.99037626e+00 
 6.25396000e-03  4.99038588e+00 
 6.25496000e-03  4.99039549e+00 
 6.25596000e-03  4.99040509e+00 
 6.25696000e-03  4.99041468e+00 
 6.25796000e-03  4.99042426e+00 
 6.25896000e-03  4.99043383e+00 
 6.25996000e-03  4.99044339e+00 
 6.26096000e-03  4.99045295e+00 
 6.26196000e-03  4.99046249e+00 
 6.26296000e-03  4.99047202e+00 
 6.26396000e-03  4.99048154e+00 
 6.26496000e-03  4.99049106e+00 
 6.26596000e-03  4.99050056e+00 
 6.26696000e-03  4.99051006e+00 
 6.26796000e-03  4.99051954e+00 
 6.26896000e-03  4.99052902e+00 
 6.26996000e-03  4.99053848e+00 
 6.27096000e-03  4.99054794e+00 
 6.27196000e-03  4.99055739e+00 
 6.27296000e-03  4.99056683e+00 
 6.27396000e-03  4.99057625e+00 
 6.27496000e-03  4.99058567e+00 
 6.27596000e-03  4.99059508e+00 
 6.27696000e-03  4.99060448e+00 
 6.27796000e-03  4.99061387e+00 
 6.27896000e-03  4.99062326e+00 
 6.27996000e-03  4.99063263e+00 
 6.28096000e-03  4.99064199e+00 
 6.28196000e-03  4.99065134e+00 
 6.28296000e-03  4.99066069e+00 
 6.28396000e-03  4.99067002e+00 
 6.28496000e-03  4.99067935e+00 
 6.28596000e-03  4.99068866e+00 
 6.28696000e-03  4.99069797e+00 
 6.28796000e-03  4.99070727e+00 
 6.28896000e-03  4.99071656e+00 
 6.28996000e-03  4.99072583e+00 
 6.29096000e-03  4.99073510e+00 
 6.29196000e-03  4.99074436e+00 
 6.29296000e-03  4.99075361e+00 
 6.29396000e-03  4.99076286e+00 
 6.29496000e-03  4.99077209e+00 
 6.29596000e-03  4.99078131e+00 
 6.29696000e-03  4.99079053e+00 
 6.29796000e-03  4.99079973e+00 
 6.29896000e-03  4.99080893e+00 
 6.29996000e-03  4.99081811e+00 
 6.30096000e-03  4.99082729e+00 
 6.30196000e-03  4.99083646e+00 
 6.30296000e-03  4.99084562e+00 
 6.30396000e-03  4.99085477e+00 
 6.30496000e-03  4.99086391e+00 
 6.30596000e-03  4.99087304e+00 
 6.30696000e-03  4.99088216e+00 
 6.30796000e-03  4.99089128e+00 
 6.30896000e-03  4.99090038e+00 
 6.30996000e-03  4.99090947e+00 
 6.31096000e-03  4.99091856e+00 
 6.31196000e-03  4.99092764e+00 
 6.31296000e-03  4.99093671e+00 
 6.31396000e-03  4.99094576e+00 
 6.31496000e-03  4.99095481e+00 
 6.31596000e-03  4.99096385e+00 
 6.31696000e-03  4.99097289e+00 
 6.31796000e-03  4.99098191e+00 
 6.31896000e-03  4.99099092e+00 
 6.31996000e-03  4.99099993e+00 
 6.32096000e-03  4.99100892e+00 
 6.32196000e-03  4.99101791e+00 
 6.32296000e-03  4.99102689e+00 
 6.32396000e-03  4.99103586e+00 
 6.32496000e-03  4.99104482e+00 
 6.32596000e-03  4.99105377e+00 
 6.32696000e-03  4.99106271e+00 
 6.32796000e-03  4.99107164e+00 
 6.32896000e-03  4.99108056e+00 
 6.32996000e-03  4.99108948e+00 
 6.33096000e-03  4.99109839e+00 
 6.33196000e-03  4.99110728e+00 
 6.33296000e-03  4.99111617e+00 
 6.33396000e-03  4.99112505e+00 
 6.33496000e-03  4.99113392e+00 
 6.33596000e-03  4.99114278e+00 
 6.33696000e-03  4.99115164e+00 
 6.33796000e-03  4.99116048e+00 
 6.33896000e-03  4.99116931e+00 
 6.33996000e-03  4.99117814e+00 
 6.34096000e-03  4.99118696e+00 
 6.34196000e-03  4.99119577e+00 
 6.34296000e-03  4.99120457e+00 
 6.34396000e-03  4.99121336e+00 
 6.34496000e-03  4.99122214e+00 
 6.34596000e-03  4.99123091e+00 
 6.34696000e-03  4.99123968e+00 
 6.34796000e-03  4.99124843e+00 
 6.34896000e-03  4.99125718e+00 
 6.34996000e-03  4.99126592e+00 
 6.35096000e-03  4.99127465e+00 
 6.35196000e-03  4.99128337e+00 
 6.35296000e-03  4.99129208e+00 
 6.35396000e-03  4.99130079e+00 
 6.35496000e-03  4.99130948e+00 
 6.35596000e-03  4.99131817e+00 
 6.35696000e-03  4.99132684e+00 
 6.35796000e-03  4.99133551e+00 
 6.35896000e-03  4.99134417e+00 
 6.35996000e-03  4.99135283e+00 
 6.36096000e-03  4.99136147e+00 
 6.36196000e-03  4.99137010e+00 
 6.36296000e-03  4.99137873e+00 
 6.36396000e-03  4.99138734e+00 
 6.36496000e-03  4.99139595e+00 
 6.36596000e-03  4.99140455e+00 
 6.36696000e-03  4.99141314e+00 
 6.36796000e-03  4.99142173e+00 
 6.36896000e-03  4.99143030e+00 
 6.36996000e-03  4.99143887e+00 
 6.37096000e-03  4.99144742e+00 
 6.37196000e-03  4.99145597e+00 
 6.37296000e-03  4.99146451e+00 
 6.37396000e-03  4.99147304e+00 
 6.37496000e-03  4.99148156e+00 
 6.37596000e-03  4.99149008e+00 
 6.37696000e-03  4.99149858e+00 
 6.37796000e-03  4.99150708e+00 
 6.37896000e-03  4.99151557e+00 
 6.37996000e-03  4.99152405e+00 
 6.38096000e-03  4.99153252e+00 
 6.38196000e-03  4.99154099e+00 
 6.38296000e-03  4.99154944e+00 
 6.38396000e-03  4.99155789e+00 
 6.38496000e-03  4.99156632e+00 
 6.38596000e-03  4.99157475e+00 
 6.38696000e-03  4.99158318e+00 
 6.38796000e-03  4.99159159e+00 
 6.38896000e-03  4.99159999e+00 
 6.38996000e-03  4.99160839e+00 
 6.39096000e-03  4.99161678e+00 
 6.39196000e-03  4.99162515e+00 
 6.39296000e-03  4.99163352e+00 
 6.39396000e-03  4.99164189e+00 
 6.39496000e-03  4.99165024e+00 
 6.39596000e-03  4.99165859e+00 
 6.39696000e-03  4.99166692e+00 
 6.39796000e-03  4.99167525e+00 
 6.39896000e-03  4.99168357e+00 
 6.39996000e-03  4.99169189e+00 
 6.40096000e-03  4.99170019e+00 
 6.40196000e-03  4.99170849e+00 
 6.40296000e-03  4.99171677e+00 
 6.40396000e-03  4.99172505e+00 
 6.40496000e-03  4.99173332e+00 
 6.40596000e-03  4.99174159e+00 
 6.40696000e-03  4.99174984e+00 
 6.40796000e-03  4.99175809e+00 
 6.40896000e-03  4.99176632e+00 
 6.40996000e-03  4.99177455e+00 
 6.41096000e-03  4.99178277e+00 
 6.41196000e-03  4.99179099e+00 
 6.41296000e-03  4.99179919e+00 
 6.41396000e-03  4.99180739e+00 
 6.41496000e-03  4.99181558e+00 
 6.41596000e-03  4.99182376e+00 
 6.41696000e-03  4.99183193e+00 
 6.41796000e-03  4.99184009e+00 
 6.41896000e-03  4.99184825e+00 
 6.41996000e-03  4.99185640e+00 
 6.42096000e-03  4.99186454e+00 
 6.42196000e-03  4.99187267e+00 
 6.42296000e-03  4.99188079e+00 
 6.42396000e-03  4.99188891e+00 
 6.42496000e-03  4.99189701e+00 
 6.42596000e-03  4.99190511e+00 
 6.42696000e-03  4.99191320e+00 
 6.42796000e-03  4.99192129e+00 
 6.42896000e-03  4.99192936e+00 
 6.42996000e-03  4.99193743e+00 
 6.43096000e-03  4.99194549e+00 
 6.43196000e-03  4.99195354e+00 
 6.43296000e-03  4.99196158e+00 
 6.43396000e-03  4.99196961e+00 
 6.43496000e-03  4.99197764e+00 
 6.43596000e-03  4.99198566e+00 
 6.43696000e-03  4.99199367e+00 
 6.43796000e-03  4.99200167e+00 
 6.43896000e-03  4.99200967e+00 
 6.43996000e-03  4.99201765e+00 
 6.44096000e-03  4.99202563e+00 
 6.44196000e-03  4.99203360e+00 
 6.44296000e-03  4.99204156e+00 
 6.44396000e-03  4.99204952e+00 
 6.44496000e-03  4.99205746e+00 
 6.44596000e-03  4.99206540e+00 
 6.44696000e-03  4.99207333e+00 
 6.44796000e-03  4.99208126e+00 
 6.44896000e-03  4.99208917e+00 
 6.44996000e-03  4.99209708e+00 
 6.45096000e-03  4.99210498e+00 
 6.45196000e-03  4.99211287e+00 
 6.45296000e-03  4.99212075e+00 
 6.45396000e-03  4.99212863e+00 
 6.45496000e-03  4.99213649e+00 
 6.45596000e-03  4.99214435e+00 
 6.45696000e-03  4.99215220e+00 
 6.45796000e-03  4.99216005e+00 
 6.45896000e-03  4.99216788e+00 
 6.45996000e-03  4.99217571e+00 
 6.46096000e-03  4.99218353e+00 
 6.46196000e-03  4.99219135e+00 
 6.46296000e-03  4.99219915e+00 
 6.46396000e-03  4.99220695e+00 
 6.46496000e-03  4.99221474e+00 
 6.46596000e-03  4.99222252e+00 
 6.46696000e-03  4.99223029e+00 
 6.46796000e-03  4.99223806e+00 
 6.46896000e-03  4.99224582e+00 
 6.46996000e-03  4.99225357e+00 
 6.47096000e-03  4.99226131e+00 
 6.47196000e-03  4.99226904e+00 
 6.47296000e-03  4.99227677e+00 
 6.47396000e-03  4.99228449e+00 
 6.47496000e-03  4.99229220e+00 
 6.47596000e-03  4.99229991e+00 
 6.47696000e-03  4.99230760e+00 
 6.47796000e-03  4.99231529e+00 
 6.47896000e-03  4.99232297e+00 
 6.47996000e-03  4.99233064e+00 
 6.48096000e-03  4.99233831e+00 
 6.48196000e-03  4.99234597e+00 
 6.48296000e-03  4.99235362e+00 
 6.48396000e-03  4.99236126e+00 
 6.48496000e-03  4.99236890e+00 
 6.48596000e-03  4.99237652e+00 
 6.48696000e-03  4.99238414e+00 
 6.48796000e-03  4.99239175e+00 
 6.48896000e-03  4.99239936e+00 
 6.48996000e-03  4.99240696e+00 
 6.49096000e-03  4.99241454e+00 
 6.49196000e-03  4.99242213e+00 
 6.49296000e-03  4.99242970e+00 
 6.49396000e-03  4.99243727e+00 
 6.49496000e-03  4.99244483e+00 
 6.49596000e-03  4.99245238e+00 
 6.49696000e-03  4.99245992e+00 
 6.49796000e-03  4.99246746e+00 
 6.49896000e-03  4.99247499e+00 
 6.49996000e-03  4.99248251e+00 
 6.50096000e-03  4.99249002e+00 
 6.50196000e-03  4.99249753e+00 
 6.50296000e-03  4.99250503e+00 
 6.50396000e-03  4.99251252e+00 
 6.50496000e-03  4.99252000e+00 
 6.50596000e-03  4.99252748e+00 
 6.50696000e-03  4.99253495e+00 
 6.50796000e-03  4.99254241e+00 
 6.50896000e-03  4.99254986e+00 
 6.50996000e-03  4.99255731e+00 
 6.51096000e-03  4.99256475e+00 
 6.51196000e-03  4.99257218e+00 
 6.51296000e-03  4.99257960e+00 
 6.51396000e-03  4.99258702e+00 
 6.51496000e-03  4.99259443e+00 
 6.51596000e-03  4.99260183e+00 
 6.51696000e-03  4.99260922e+00 
 6.51796000e-03  4.99261661e+00 
 6.51896000e-03  4.99262399e+00 
 6.51996000e-03  4.99263136e+00 
 6.52096000e-03  4.99263873e+00 
 6.52196000e-03  4.99264609e+00 
 6.52296000e-03  4.99265344e+00 
 6.52396000e-03  4.99266078e+00 
 6.52496000e-03  4.99266811e+00 
 6.52596000e-03  4.99267544e+00 
 6.52696000e-03  4.99268276e+00 
 6.52796000e-03  4.99269008e+00 
 6.52896000e-03  4.99269738e+00 
 6.52996000e-03  4.99270468e+00 
 6.53096000e-03  4.99271197e+00 
 6.53196000e-03  4.99271926e+00 
 6.53296000e-03  4.99272654e+00 
 6.53396000e-03  4.99273381e+00 
 6.53496000e-03  4.99274107e+00 
 6.53596000e-03  4.99274832e+00 
 6.53696000e-03  4.99275557e+00 
 6.53796000e-03  4.99276281e+00 
 6.53896000e-03  4.99277005e+00 
 6.53996000e-03  4.99277727e+00 
 6.54096000e-03  4.99278449e+00 
 6.54196000e-03  4.99279170e+00 
 6.54296000e-03  4.99279891e+00 
 6.54396000e-03  4.99280611e+00 
 6.54496000e-03  4.99281330e+00 
 6.54596000e-03  4.99282048e+00 
 6.54696000e-03  4.99282766e+00 
 6.54796000e-03  4.99283482e+00 
 6.54896000e-03  4.99284199e+00 
 6.54996000e-03  4.99284914e+00 
 6.55096000e-03  4.99285629e+00 
 6.55196000e-03  4.99286343e+00 
 6.55296000e-03  4.99287056e+00 
 6.55396000e-03  4.99287769e+00 
 6.55496000e-03  4.99288480e+00 
 6.55596000e-03  4.99289192e+00 
 6.55696000e-03  4.99289902e+00 
 6.55796000e-03  4.99290612e+00 
 6.55896000e-03  4.99291321e+00 
 6.55996000e-03  4.99292029e+00 
 6.56096000e-03  4.99292737e+00 
 6.56196000e-03  4.99293444e+00 
 6.56296000e-03  4.99294150e+00 
 6.56396000e-03  4.99294855e+00 
 6.56496000e-03  4.99295560e+00 
 6.56596000e-03  4.99296264e+00 
 6.56696000e-03  4.99296968e+00 
 6.56796000e-03  4.99297670e+00 
 6.56896000e-03  4.99298372e+00 
 6.56996000e-03  4.99299074e+00 
 6.57096000e-03  4.99299774e+00 
 6.57196000e-03  4.99300474e+00 
 6.57296000e-03  4.99301173e+00 
 6.57396000e-03  4.99301872e+00 
 6.57496000e-03  4.99302570e+00 
 6.57596000e-03  4.99303267e+00 
 6.57696000e-03  4.99303963e+00 
 6.57796000e-03  4.99304659e+00 
 6.57896000e-03  4.99305354e+00 
 6.57996000e-03  4.99306048e+00 
 6.58096000e-03  4.99306742e+00 
 6.58196000e-03  4.99307434e+00 
 6.58296000e-03  4.99308127e+00 
 6.58396000e-03  4.99308818e+00 
 6.58496000e-03  4.99309509e+00 
 6.58596000e-03  4.99310199e+00 
 6.58696000e-03  4.99310889e+00 
 6.58796000e-03  4.99311577e+00 
 6.58896000e-03  4.99312266e+00 
 6.58996000e-03  4.99312953e+00 
 6.59096000e-03  4.99313640e+00 
 6.59196000e-03  4.99314326e+00 
 6.59296000e-03  4.99315011e+00 
 6.59396000e-03  4.99315696e+00 
 6.59496000e-03  4.99316380e+00 
 6.59596000e-03  4.99317063e+00 
 6.59696000e-03  4.99317745e+00 
 6.59796000e-03  4.99318427e+00 
 6.59896000e-03  4.99319109e+00 
 6.59996000e-03  4.99319789e+00 
 6.60096000e-03  4.99320469e+00 
 6.60196000e-03  4.99321148e+00 
 6.60296000e-03  4.99321827e+00 
 6.60396000e-03  4.99322505e+00 
 6.60496000e-03  4.99323182e+00 
 6.60596000e-03  4.99323858e+00 
 6.60696000e-03  4.99324534e+00 
 6.60796000e-03  4.99325209e+00 
 6.60896000e-03  4.99325884e+00 
 6.60996000e-03  4.99326557e+00 
 6.61096000e-03  4.99327230e+00 
 6.61196000e-03  4.99327903e+00 
 6.61296000e-03  4.99328575e+00 
 6.61396000e-03  4.99329246e+00 
 6.61496000e-03  4.99329916e+00 
 6.61596000e-03  4.99330586e+00 
 6.61696000e-03  4.99331255e+00 
 6.61796000e-03  4.99331923e+00 
 6.61896000e-03  4.99332591e+00 
 6.61996000e-03  4.99333258e+00 
 6.62096000e-03  4.99333925e+00 
 6.62196000e-03  4.99334590e+00 
 6.62296000e-03  4.99335255e+00 
 6.62396000e-03  4.99335920e+00 
 6.62496000e-03  4.99336584e+00 
 6.62596000e-03  4.99337247e+00 
 6.62696000e-03  4.99337909e+00 
 6.62796000e-03  4.99338571e+00 
 6.62896000e-03  4.99339232e+00 
 6.62996000e-03  4.99339892e+00 
 6.63096000e-03  4.99340552e+00 
 6.63196000e-03  4.99341211e+00 
 6.63296000e-03  4.99341870e+00 
 6.63396000e-03  4.99342528e+00 
 6.63496000e-03  4.99343185e+00 
 6.63596000e-03  4.99343841e+00 
 6.63696000e-03  4.99344497e+00 
 6.63796000e-03  4.99345152e+00 
 6.63896000e-03  4.99345807e+00 
 6.63996000e-03  4.99346461e+00 
 6.64096000e-03  4.99347114e+00 
 6.64196000e-03  4.99347766e+00 
 6.64296000e-03  4.99348418e+00 
 6.64396000e-03  4.99349070e+00 
 6.64496000e-03  4.99349720e+00 
 6.64596000e-03  4.99350370e+00 
 6.64696000e-03  4.99351019e+00 
 6.64796000e-03  4.99351668e+00 
 6.64896000e-03  4.99352316e+00 
 6.64996000e-03  4.99352963e+00 
 6.65096000e-03  4.99353610e+00 
 6.65196000e-03  4.99354256e+00 
 6.65296000e-03  4.99354902e+00 
 6.65396000e-03  4.99355546e+00 
 6.65496000e-03  4.99356191e+00 
 6.65596000e-03  4.99356834e+00 
 6.65696000e-03  4.99357477e+00 
 6.65796000e-03  4.99358119e+00 
 6.65896000e-03  4.99358761e+00 
 6.65996000e-03  4.99359402e+00 
 6.66096000e-03  4.99360042e+00 
 6.66196000e-03  4.99360681e+00 
 6.66296000e-03  4.99361320e+00 
 6.66396000e-03  4.99361959e+00 
 6.66496000e-03  4.99362597e+00 
 6.66596000e-03  4.99363234e+00 
 6.66696000e-03  4.99363870e+00 
 6.66796000e-03  4.99364506e+00 
 6.66896000e-03  4.99365141e+00 
 6.66996000e-03  4.99365776e+00 
 6.67096000e-03  4.99366410e+00 
 6.67196000e-03  4.99367043e+00 
 6.67296000e-03  4.99367675e+00 
 6.67396000e-03  4.99368307e+00 
 6.67496000e-03  4.99368939e+00 
 6.67596000e-03  4.99369570e+00 
 6.67696000e-03  4.99370200e+00 
 6.67796000e-03  4.99370829e+00 
 6.67896000e-03  4.99371458e+00 
 6.67996000e-03  4.99372086e+00 
 6.68096000e-03  4.99372714e+00 
 6.68196000e-03  4.99373341e+00 
 6.68296000e-03  4.99373967e+00 
 6.68396000e-03  4.99374593e+00 
 6.68496000e-03  4.99375218e+00 
 6.68596000e-03  4.99375842e+00 
 6.68696000e-03  4.99376466e+00 
 6.68796000e-03  4.99377090e+00 
 6.68896000e-03  4.99377712e+00 
 6.68996000e-03  4.99378334e+00 
 6.69096000e-03  4.99378955e+00 
 6.69196000e-03  4.99379576e+00 
 6.69296000e-03  4.99380196e+00 
 6.69396000e-03  4.99380816e+00 
 6.69496000e-03  4.99381435e+00 
 6.69596000e-03  4.99382053e+00 
 6.69696000e-03  4.99382671e+00 
 6.69796000e-03  4.99383288e+00 
 6.69896000e-03  4.99383904e+00 
 6.69996000e-03  4.99384520e+00 
 6.70096000e-03  4.99385135e+00 
 6.70196000e-03  4.99385750e+00 
 6.70296000e-03  4.99386363e+00 
 6.70396000e-03  4.99386977e+00 
 6.70496000e-03  4.99387589e+00 
 6.70596000e-03  4.99388202e+00 
 6.70696000e-03  4.99388813e+00 
 6.70796000e-03  4.99389424e+00 
 6.70896000e-03  4.99390034e+00 
 6.70996000e-03  4.99390644e+00 
 6.71096000e-03  4.99391253e+00 
 6.71196000e-03  4.99391861e+00 
 6.71296000e-03  4.99392469e+00 
 6.71396000e-03  4.99393076e+00 
 6.71496000e-03  4.99393683e+00 
 6.71596000e-03  4.99394289e+00 
 6.71696000e-03  4.99394895e+00 
 6.71796000e-03  4.99395499e+00 
 6.71896000e-03  4.99396104e+00 
 6.71996000e-03  4.99396707e+00 
 6.72096000e-03  4.99397310e+00 
 6.72196000e-03  4.99397912e+00 
 6.72296000e-03  4.99398514e+00 
 6.72396000e-03  4.99399115e+00 
 6.72496000e-03  4.99399716e+00 
 6.72596000e-03  4.99400316e+00 
 6.72696000e-03  4.99400915e+00 
 6.72796000e-03  4.99401514e+00 
 6.72896000e-03  4.99402112e+00 
 6.72996000e-03  4.99402710e+00 
 6.73096000e-03  4.99403307e+00 
 6.73196000e-03  4.99403903e+00 
 6.73296000e-03  4.99404499e+00 
 6.73396000e-03  4.99405094e+00 
 6.73496000e-03  4.99405689e+00 
 6.73596000e-03  4.99406283e+00 
 6.73696000e-03  4.99406876e+00 
 6.73796000e-03  4.99407469e+00 
 6.73896000e-03  4.99408061e+00 
 6.73996000e-03  4.99408653e+00 
 6.74096000e-03  4.99409244e+00 
 6.74196000e-03  4.99409835e+00 
 6.74296000e-03  4.99410424e+00 
 6.74396000e-03  4.99411014e+00 
 6.74496000e-03  4.99411602e+00 
 6.74596000e-03  4.99412191e+00 
 6.74696000e-03  4.99412778e+00 
 6.74796000e-03  4.99413365e+00 
 6.74896000e-03  4.99413951e+00 
 6.74996000e-03  4.99414537e+00 
 6.75096000e-03  4.99415122e+00 
 6.75196000e-03  4.99415707e+00 
 6.75296000e-03  4.99416291e+00 
 6.75396000e-03  4.99416874e+00 
 6.75496000e-03  4.99417457e+00 
 6.75596000e-03  4.99418039e+00 
 6.75696000e-03  4.99418621e+00 
 6.75796000e-03  4.99419202e+00 
 6.75896000e-03  4.99419783e+00 
 6.75996000e-03  4.99420363e+00 
 6.76096000e-03  4.99420942e+00 
 6.76196000e-03  4.99421521e+00 
 6.76296000e-03  4.99422099e+00 
 6.76396000e-03  4.99422676e+00 
 6.76496000e-03  4.99423254e+00 
 6.76596000e-03  4.99423830e+00 
 6.76696000e-03  4.99424406e+00 
 6.76796000e-03  4.99424981e+00 
 6.76896000e-03  4.99425556e+00 
 6.76996000e-03  4.99426130e+00 
 6.77096000e-03  4.99426704e+00 
 6.77196000e-03  4.99427277e+00 
 6.77296000e-03  4.99427849e+00 
 6.77396000e-03  4.99428421e+00 
 6.77496000e-03  4.99428992e+00 
 6.77596000e-03  4.99429563e+00 
 6.77696000e-03  4.99430133e+00 
 6.77796000e-03  4.99430703e+00 
 6.77896000e-03  4.99431272e+00 
 6.77996000e-03  4.99431840e+00 
 6.78096000e-03  4.99432408e+00 
 6.78196000e-03  4.99432975e+00 
 6.78296000e-03  4.99433542e+00 
 6.78396000e-03  4.99434108e+00 
 6.78496000e-03  4.99434674e+00 
 6.78596000e-03  4.99435239e+00 
 6.78696000e-03  4.99435803e+00 
 6.78796000e-03  4.99436367e+00 
 6.78896000e-03  4.99436931e+00 
 6.78996000e-03  4.99437493e+00 
 6.79096000e-03  4.99438056e+00 
 6.79196000e-03  4.99438617e+00 
 6.79296000e-03  4.99439178e+00 
 6.79396000e-03  4.99439739e+00 
 6.79496000e-03  4.99440299e+00 
 6.79596000e-03  4.99440858e+00 
 6.79696000e-03  4.99441417e+00 
 6.79796000e-03  4.99441976e+00 
 6.79896000e-03  4.99442533e+00 
 6.79996000e-03  4.99443090e+00 
 6.80096000e-03  4.99443647e+00 
 6.80196000e-03  4.99444203e+00 
 6.80296000e-03  4.99444759e+00 
 6.80396000e-03  4.99445314e+00 
 6.80496000e-03  4.99445868e+00 
 6.80596000e-03  4.99446422e+00 
 6.80696000e-03  4.99446975e+00 
 6.80796000e-03  4.99447528e+00 
 6.80896000e-03  4.99448080e+00 
 6.80996000e-03  4.99448632e+00 
 6.81096000e-03  4.99449183e+00 
 6.81196000e-03  4.99449733e+00 
 6.81296000e-03  4.99450283e+00 
 6.81396000e-03  4.99450833e+00 
 6.81496000e-03  4.99451382e+00 
 6.81596000e-03  4.99451930e+00 
 6.81696000e-03  4.99452478e+00 
 6.81796000e-03  4.99453025e+00 
 6.81896000e-03  4.99453572e+00 
 6.81996000e-03  4.99454118e+00 
 6.82096000e-03  4.99454664e+00 
 6.82196000e-03  4.99455209e+00 
 6.82296000e-03  4.99455753e+00 
 6.82396000e-03  4.99456297e+00 
 6.82496000e-03  4.99456841e+00 
 6.82596000e-03  4.99457383e+00 
 6.82696000e-03  4.99457926e+00 
 6.82796000e-03  4.99458468e+00 
 6.82896000e-03  4.99459009e+00 
 6.82996000e-03  4.99459550e+00 
 6.83096000e-03  4.99460090e+00 
 6.83196000e-03  4.99460629e+00 
 6.83296000e-03  4.99461169e+00 
 6.83396000e-03  4.99461707e+00 
 6.83496000e-03  4.99462245e+00 
 6.83596000e-03  4.99462783e+00 
 6.83696000e-03  4.99463320e+00 
 6.83796000e-03  4.99463856e+00 
 6.83896000e-03  4.99464392e+00 
 6.83996000e-03  4.99464927e+00 
 6.84096000e-03  4.99465462e+00 
 6.84196000e-03  4.99465996e+00 
 6.84296000e-03  4.99466530e+00 
 6.84396000e-03  4.99467063e+00 
 6.84496000e-03  4.99467596e+00 
 6.84596000e-03  4.99468128e+00 
 6.84696000e-03  4.99468660e+00 
 6.84796000e-03  4.99469191e+00 
 6.84896000e-03  4.99469721e+00 
 6.84996000e-03  4.99470251e+00 
 6.85096000e-03  4.99470781e+00 
 6.85196000e-03  4.99471310e+00 
 6.85296000e-03  4.99471838e+00 
 6.85396000e-03  4.99472366e+00 
 6.85496000e-03  4.99472893e+00 
 6.85596000e-03  4.99473420e+00 
 6.85696000e-03  4.99473947e+00 
 6.85796000e-03  4.99474472e+00 
 6.85896000e-03  4.99474998e+00 
 6.85996000e-03  4.99475522e+00 
 6.86096000e-03  4.99476047e+00 
 6.86196000e-03  4.99476570e+00 
 6.86296000e-03  4.99477093e+00 
 6.86396000e-03  4.99477616e+00 
 6.86496000e-03  4.99478138e+00 
 6.86596000e-03  4.99478660e+00 
 6.86696000e-03  4.99479181e+00 
 6.86796000e-03  4.99479701e+00 
 6.86896000e-03  4.99480221e+00 
 6.86996000e-03  4.99480741e+00 
 6.87096000e-03  4.99481260e+00 
 6.87196000e-03  4.99481778e+00 
 6.87296000e-03  4.99482296e+00 
 6.87396000e-03  4.99482814e+00 
 6.87496000e-03  4.99483331e+00 
 6.87596000e-03  4.99483847e+00 
 6.87696000e-03  4.99484363e+00 
 6.87796000e-03  4.99484878e+00 
 6.87896000e-03  4.99485393e+00 
 6.87996000e-03  4.99485908e+00 
 6.88096000e-03  4.99486422e+00 
 6.88196000e-03  4.99486935e+00 
 6.88296000e-03  4.99487448e+00 
 6.88396000e-03  4.99487960e+00 
 6.88496000e-03  4.99488472e+00 
 6.88596000e-03  4.99488983e+00 
 6.88696000e-03  4.99489494e+00 
 6.88796000e-03  4.99490004e+00 
 6.88896000e-03  4.99490514e+00 
 6.88996000e-03  4.99491023e+00 
 6.89096000e-03  4.99491532e+00 
 6.89196000e-03  4.99492040e+00 
 6.89296000e-03  4.99492548e+00 
 6.89396000e-03  4.99493055e+00 
 6.89496000e-03  4.99493562e+00 
 6.89596000e-03  4.99494068e+00 
 6.89696000e-03  4.99494573e+00 
 6.89796000e-03  4.99495079e+00 
 6.89896000e-03  4.99495583e+00 
 6.89996000e-03  4.99496087e+00 
 6.90096000e-03  4.99496591e+00 
 6.90196000e-03  4.99497094e+00 
 6.90296000e-03  4.99497597e+00 
 6.90396000e-03  4.99498099e+00 
 6.90496000e-03  4.99498601e+00 
 6.90596000e-03  4.99499102e+00 
 6.90696000e-03  4.99499602e+00 
 6.90796000e-03  4.99500103e+00 
 6.90896000e-03  4.99500602e+00 
 6.90996000e-03  4.99501101e+00 
 6.91096000e-03  4.99501600e+00 
 6.91196000e-03  4.99502098e+00 
 6.91296000e-03  4.99502596e+00 
 6.91396000e-03  4.99503093e+00 
 6.91496000e-03  4.99503590e+00 
 6.91596000e-03  4.99504086e+00 
 6.91696000e-03  4.99504582e+00 
 6.91796000e-03  4.99505077e+00 
 6.91896000e-03  4.99505571e+00 
 6.91996000e-03  4.99506066e+00 
 6.92096000e-03  4.99506559e+00 
 6.92196000e-03  4.99507052e+00 
 6.92296000e-03  4.99507545e+00 
 6.92396000e-03  4.99508037e+00 
 6.92496000e-03  4.99508529e+00 
 6.92596000e-03  4.99509020e+00 
 6.92696000e-03  4.99509511e+00 
 6.92796000e-03  4.99510001e+00 
 6.92896000e-03  4.99510491e+00 
 6.92996000e-03  4.99510980e+00 
 6.93096000e-03  4.99511469e+00 
 6.93196000e-03  4.99511957e+00 
 6.93296000e-03  4.99512445e+00 
 6.93396000e-03  4.99512932e+00 
 6.93496000e-03  4.99513419e+00 
 6.93596000e-03  4.99513906e+00 
 6.93696000e-03  4.99514391e+00 
 6.93796000e-03  4.99514877e+00 
 6.93896000e-03  4.99515362e+00 
 6.93996000e-03  4.99515846e+00 
 6.94096000e-03  4.99516330e+00 
 6.94196000e-03  4.99516813e+00 
 6.94296000e-03  4.99517296e+00 
 6.94396000e-03  4.99517779e+00 
 6.94496000e-03  4.99518261e+00 
 6.94596000e-03  4.99518742e+00 
 6.94696000e-03  4.99519223e+00 
 6.94796000e-03  4.99519704e+00 
 6.94896000e-03  4.99520184e+00 
 6.94996000e-03  4.99520664e+00 
 6.95096000e-03  4.99521143e+00 
 6.95196000e-03  4.99521621e+00 
 6.95296000e-03  4.99522099e+00 
 6.95396000e-03  4.99522577e+00 
 6.95496000e-03  4.99523054e+00 
 6.95596000e-03  4.99523531e+00 
 6.95696000e-03  4.99524007e+00 
 6.95796000e-03  4.99524483e+00 
 6.95896000e-03  4.99524958e+00 
 6.95996000e-03  4.99525433e+00 
 6.96096000e-03  4.99525907e+00 
 6.96196000e-03  4.99526381e+00 
 6.96296000e-03  4.99526855e+00 
 6.96396000e-03  4.99527327e+00 
 6.96496000e-03  4.99527800e+00 
 6.96596000e-03  4.99528272e+00 
 6.96696000e-03  4.99528743e+00 
 6.96796000e-03  4.99529214e+00 
 6.96896000e-03  4.99529685e+00 
 6.96996000e-03  4.99530155e+00 
 6.97096000e-03  4.99530625e+00 
 6.97196000e-03  4.99531094e+00 
 6.97296000e-03  4.99531562e+00 
 6.97396000e-03  4.99532031e+00 
 6.97496000e-03  4.99532498e+00 
 6.97596000e-03  4.99532966e+00 
 6.97696000e-03  4.99533432e+00 
 6.97796000e-03  4.99533899e+00 
 6.97896000e-03  4.99534365e+00 
 6.97996000e-03  4.99534830e+00 
 6.98096000e-03  4.99535295e+00 
 6.98196000e-03  4.99535759e+00 
 6.98296000e-03  4.99536223e+00 
 6.98396000e-03  4.99536687e+00 
 6.98496000e-03  4.99537150e+00 
 6.98596000e-03  4.99537613e+00 
 6.98696000e-03  4.99538075e+00 
 6.98796000e-03  4.99538537e+00 
 6.98896000e-03  4.99538998e+00 
 6.98996000e-03  4.99539459e+00 
 6.99096000e-03  4.99539919e+00 
 6.99196000e-03  4.99540379e+00 
 6.99296000e-03  4.99540838e+00 
 6.99396000e-03  4.99541297e+00 
 6.99496000e-03  4.99541756e+00 
 6.99596000e-03  4.99542214e+00 
 6.99696000e-03  4.99542671e+00 
 6.99796000e-03  4.99543128e+00 
 6.99896000e-03  4.99543585e+00 
 6.99996000e-03  4.99544041e+00 
 7.00096000e-03  4.99544497e+00 
 7.00196000e-03  4.99544952e+00 
 7.00296000e-03  4.99545407e+00 
 7.00396000e-03  4.99545861e+00 
 7.00496000e-03  4.99546315e+00 
 7.00596000e-03  4.99546769e+00 
 7.00696000e-03  4.99547222e+00 
 7.00796000e-03  4.99547674e+00 
 7.00896000e-03  4.99548126e+00 
 7.00996000e-03  4.99548578e+00 
 7.01096000e-03  4.99549029e+00 
 7.01196000e-03  4.99549480e+00 
 7.01296000e-03  4.99549930e+00 
 7.01396000e-03  4.99550380e+00 
 7.01496000e-03  4.99550829e+00 
 7.01596000e-03  4.99551278e+00 
 7.01696000e-03  4.99551727e+00 
 7.01796000e-03  4.99552175e+00 
 7.01896000e-03  4.99552622e+00 
 7.01996000e-03  4.99553070e+00 
 7.02096000e-03  4.99553516e+00 
 7.02196000e-03  4.99553963e+00 
 7.02296000e-03  4.99554408e+00 
 7.02396000e-03  4.99554854e+00 
 7.02496000e-03  4.99555299e+00 
 7.02596000e-03  4.99555743e+00 
 7.02696000e-03  4.99556187e+00 
 7.02796000e-03  4.99556631e+00 
 7.02896000e-03  4.99557074e+00 
 7.02996000e-03  4.99557517e+00 
 7.03096000e-03  4.99557959e+00 
 7.03196000e-03  4.99558401e+00 
 7.03296000e-03  4.99558842e+00 
 7.03396000e-03  4.99559283e+00 
 7.03496000e-03  4.99559724e+00 
 7.03596000e-03  4.99560164e+00 
 7.03696000e-03  4.99560603e+00 
 7.03796000e-03  4.99561042e+00 
 7.03896000e-03  4.99561481e+00 
 7.03996000e-03  4.99561919e+00 
 7.04096000e-03  4.99562357e+00 
 7.04196000e-03  4.99562795e+00 
 7.04296000e-03  4.99563232e+00 
 7.04396000e-03  4.99563668e+00 
 7.04496000e-03  4.99564104e+00 
 7.04596000e-03  4.99564540e+00 
 7.04696000e-03  4.99564975e+00 
 7.04796000e-03  4.99565410e+00 
 7.04896000e-03  4.99565844e+00 
 7.04996000e-03  4.99566278e+00 
 7.05096000e-03  4.99566712e+00 
 7.05196000e-03  4.99567145e+00 
 7.05296000e-03  4.99567578e+00 
 7.05396000e-03  4.99568010e+00 
 7.05496000e-03  4.99568442e+00 
 7.05596000e-03  4.99568873e+00 
 7.05696000e-03  4.99569304e+00 
 7.05796000e-03  4.99569734e+00 
 7.05896000e-03  4.99570164e+00 
 7.05996000e-03  4.99570594e+00 
 7.06096000e-03  4.99571023e+00 
 7.06196000e-03  4.99571452e+00 
 7.06296000e-03  4.99571880e+00 
 7.06396000e-03  4.99572308e+00 
 7.06496000e-03  4.99572736e+00 
 7.06596000e-03  4.99573163e+00 
 7.06696000e-03  4.99573589e+00 
 7.06796000e-03  4.99574016e+00 
 7.06896000e-03  4.99574441e+00 
 7.06996000e-03  4.99574867e+00 
 7.07096000e-03  4.99575292e+00 
 7.07196000e-03  4.99575716e+00 
 7.07296000e-03  4.99576140e+00 
 7.07396000e-03  4.99576564e+00 
 7.07496000e-03  4.99576987e+00 
 7.07596000e-03  4.99577410e+00 
 7.07696000e-03  4.99577832e+00 
 7.07796000e-03  4.99578254e+00 
 7.07896000e-03  4.99578676e+00 
 7.07996000e-03  4.99579097e+00 
 7.08096000e-03  4.99579518e+00 
 7.08196000e-03  4.99579938e+00 
 7.08296000e-03  4.99580358e+00 
 7.08396000e-03  4.99580777e+00 
 7.08496000e-03  4.99581196e+00 
 7.08596000e-03  4.99581615e+00 
 7.08696000e-03  4.99582033e+00 
 7.08796000e-03  4.99582451e+00 
 7.08896000e-03  4.99582868e+00 
 7.08996000e-03  4.99583285e+00 
 7.09096000e-03  4.99583701e+00 
 7.09196000e-03  4.99584117e+00 
 7.09296000e-03  4.99584533e+00 
 7.09396000e-03  4.99584948e+00 
 7.09496000e-03  4.99585363e+00 
 7.09596000e-03  4.99585778e+00 
 7.09696000e-03  4.99586192e+00 
 7.09796000e-03  4.99586605e+00 
 7.09896000e-03  4.99587019e+00 
 7.09996000e-03  4.99587431e+00 
 7.10096000e-03  4.99587844e+00 
 7.10196000e-03  4.99588256e+00 
 7.10296000e-03  4.99588667e+00 
 7.10396000e-03  4.99589078e+00 
 7.10496000e-03  4.99589489e+00 
 7.10596000e-03  4.99589899e+00 
 7.10696000e-03  4.99590309e+00 
 7.10796000e-03  4.99590719e+00 
 7.10896000e-03  4.99591128e+00 
 7.10996000e-03  4.99591536e+00 
 7.11096000e-03  4.99591945e+00 
 7.11196000e-03  4.99592353e+00 
 7.11296000e-03  4.99592760e+00 
 7.11396000e-03  4.99593167e+00 
 7.11496000e-03  4.99593574e+00 
 7.11596000e-03  4.99593980e+00 
 7.11696000e-03  4.99594386e+00 
 7.11796000e-03  4.99594791e+00 
 7.11896000e-03  4.99595196e+00 
 7.11996000e-03  4.99595601e+00 
 7.12096000e-03  4.99596005e+00 
 7.12196000e-03  4.99596409e+00 
 7.12296000e-03  4.99596812e+00 
 7.12396000e-03  4.99597215e+00 
 7.12496000e-03  4.99597618e+00 
 7.12596000e-03  4.99598020e+00 
 7.12696000e-03  4.99598422e+00 
 7.12796000e-03  4.99598823e+00 
 7.12896000e-03  4.99599224e+00 
 7.12996000e-03  4.99599625e+00 
 7.13096000e-03  4.99600025e+00 
 7.13196000e-03  4.99600424e+00 
 7.13296000e-03  4.99600824e+00 
 7.13396000e-03  4.99601223e+00 
 7.13496000e-03  4.99601621e+00 
 7.13596000e-03  4.99602020e+00 
 7.13696000e-03  4.99602417e+00 
 7.13796000e-03  4.99602815e+00 
 7.13896000e-03  4.99603212e+00 
 7.13996000e-03  4.99603608e+00 
 7.14096000e-03  4.99604005e+00 
 7.14196000e-03  4.99604400e+00 
 7.14296000e-03  4.99604796e+00 
 7.14396000e-03  4.99605191e+00 
 7.14496000e-03  4.99605585e+00 
 7.14596000e-03  4.99605980e+00 
 7.14696000e-03  4.99606373e+00 
 7.14796000e-03  4.99606767e+00 
 7.14896000e-03  4.99607160e+00 
 7.14996000e-03  4.99607552e+00 
 7.15096000e-03  4.99607945e+00 
 7.15196000e-03  4.99608337e+00 
 7.15296000e-03  4.99608728e+00 
 7.15396000e-03  4.99609119e+00 
 7.15496000e-03  4.99609510e+00 
 7.15596000e-03  4.99609900e+00 
 7.15696000e-03  4.99610290e+00 
 7.15796000e-03  4.99610680e+00 
 7.15896000e-03  4.99611069e+00 
 7.15996000e-03  4.99611457e+00 
 7.16096000e-03  4.99611846e+00 
 7.16196000e-03  4.99612234e+00 
 7.16296000e-03  4.99612621e+00 
 7.16396000e-03  4.99613008e+00 
 7.16496000e-03  4.99613395e+00 
 7.16596000e-03  4.99613782e+00 
 7.16696000e-03  4.99614168e+00 
 7.16796000e-03  4.99614553e+00 
 7.16896000e-03  4.99614939e+00 
 7.16996000e-03  4.99615323e+00 
 7.17096000e-03  4.99615708e+00 
 7.17196000e-03  4.99616092e+00 
 7.17296000e-03  4.99616476e+00 
 7.17396000e-03  4.99616859e+00 
 7.17496000e-03  4.99617242e+00 
 7.17596000e-03  4.99617625e+00 
 7.17696000e-03  4.99618007e+00 
 7.17796000e-03  4.99618389e+00 
 7.17896000e-03  4.99618770e+00 
 7.17996000e-03  4.99619151e+00 
 7.18096000e-03  4.99619532e+00 
 7.18196000e-03  4.99619912e+00 
 7.18296000e-03  4.99620292e+00 
 7.18396000e-03  4.99620671e+00 
 7.18496000e-03  4.99621051e+00 
 7.18596000e-03  4.99621429e+00 
 7.18696000e-03  4.99621808e+00 
 7.18796000e-03  4.99622186e+00 
 7.18896000e-03  4.99622563e+00 
 7.18996000e-03  4.99622941e+00 
 7.19096000e-03  4.99623317e+00 
 7.19196000e-03  4.99623694e+00 
 7.19296000e-03  4.99624070e+00 
 7.19396000e-03  4.99624446e+00 
 7.19496000e-03  4.99624821e+00 
 7.19596000e-03  4.99625196e+00 
 7.19696000e-03  4.99625571e+00 
 7.19796000e-03  4.99625945e+00 
 7.19896000e-03  4.99626319e+00 
 7.19996000e-03  4.99626692e+00 
 7.20096000e-03  4.99627066e+00 
 7.20196000e-03  4.99627438e+00 
 7.20296000e-03  4.99627811e+00 
 7.20396000e-03  4.99628183e+00 
 7.20496000e-03  4.99628554e+00 
 7.20596000e-03  4.99628926e+00 
 7.20696000e-03  4.99629296e+00 
 7.20796000e-03  4.99629667e+00 
 7.20896000e-03  4.99630037e+00 
 7.20996000e-03  4.99630407e+00 
 7.21096000e-03  4.99630776e+00 
 7.21196000e-03  4.99631145e+00 
 7.21296000e-03  4.99631514e+00 
 7.21396000e-03  4.99631882e+00 
 7.21496000e-03  4.99632250e+00 
 7.21596000e-03  4.99632618e+00 
 7.21696000e-03  4.99632985e+00 
 7.21796000e-03  4.99633352e+00 
 7.21896000e-03  4.99633718e+00 
 7.21996000e-03  4.99634084e+00 
 7.22096000e-03  4.99634450e+00 
 7.22196000e-03  4.99634815e+00 
 7.22296000e-03  4.99635180e+00 
 7.22396000e-03  4.99635545e+00 
 7.22496000e-03  4.99635909e+00 
 7.22596000e-03  4.99636273e+00 
 7.22696000e-03  4.99636637e+00 
 7.22796000e-03  4.99637000e+00 
 7.22896000e-03  4.99637363e+00 
 7.22996000e-03  4.99637725e+00 
 7.23096000e-03  4.99638087e+00 
 7.23196000e-03  4.99638449e+00 
 7.23296000e-03  4.99638810e+00 
 7.23396000e-03  4.99639171e+00 
 7.23496000e-03  4.99639532e+00 
 7.23596000e-03  4.99639892e+00 
 7.23696000e-03  4.99640252e+00 
 7.23796000e-03  4.99640612e+00 
 7.23896000e-03  4.99640971e+00 
 7.23996000e-03  4.99641330e+00 
 7.24096000e-03  4.99641688e+00 
 7.24196000e-03  4.99642047e+00 
 7.24296000e-03  4.99642404e+00 
 7.24396000e-03  4.99642762e+00 
 7.24496000e-03  4.99643119e+00 
 7.24596000e-03  4.99643476e+00 
 7.24696000e-03  4.99643832e+00 
 7.24796000e-03  4.99644188e+00 
 7.24896000e-03  4.99644544e+00 
 7.24996000e-03  4.99644899e+00 
 7.25096000e-03  4.99645254e+00 
 7.25196000e-03  4.99645608e+00 
 7.25296000e-03  4.99645963e+00 
 7.25396000e-03  4.99646316e+00 
 7.25496000e-03  4.99646670e+00 
 7.25596000e-03  4.99647023e+00 
 7.25696000e-03  4.99647376e+00 
 7.25796000e-03  4.99647728e+00 
 7.25896000e-03  4.99648080e+00 
 7.25996000e-03  4.99648432e+00 
 7.26096000e-03  4.99648784e+00 
 7.26196000e-03  4.99649135e+00 
 7.26296000e-03  4.99649485e+00 
 7.26396000e-03  4.99649836e+00 
 7.26496000e-03  4.99650186e+00 
 7.26596000e-03  4.99650535e+00 
 7.26696000e-03  4.99650885e+00 
 7.26796000e-03  4.99651233e+00 
 7.26896000e-03  4.99651582e+00 
 7.26996000e-03  4.99651930e+00 
 7.27096000e-03  4.99652278e+00 
 7.27196000e-03  4.99652626e+00 
 7.27296000e-03  4.99652973e+00 
 7.27396000e-03  4.99653320e+00 
 7.27496000e-03  4.99653666e+00 
 7.27596000e-03  4.99654012e+00 
 7.27696000e-03  4.99654358e+00 
 7.27796000e-03  4.99654704e+00 
 7.27896000e-03  4.99655049e+00 
 7.27996000e-03  4.99655394e+00 
 7.28096000e-03  4.99655738e+00 
 7.28196000e-03  4.99656082e+00 
 7.28296000e-03  4.99656426e+00 
 7.28396000e-03  4.99656769e+00 
 7.28496000e-03  4.99657112e+00 
 7.28596000e-03  4.99657455e+00 
 7.28696000e-03  4.99657797e+00 
 7.28796000e-03  4.99658139e+00 
 7.28896000e-03  4.99658481e+00 
 7.28996000e-03  4.99658823e+00 
 7.29096000e-03  4.99659164e+00 
 7.29196000e-03  4.99659504e+00 
 7.29296000e-03  4.99659845e+00 
 7.29396000e-03  4.99660185e+00 
 7.29496000e-03  4.99660524e+00 
 7.29596000e-03  4.99660863e+00 
 7.29696000e-03  4.99661202e+00 
 7.29796000e-03  4.99661541e+00 
 7.29896000e-03  4.99661879e+00 
 7.29996000e-03  4.99662217e+00 
 7.30096000e-03  4.99662555e+00 
 7.30196000e-03  4.99662892e+00 
 7.30296000e-03  4.99663229e+00 
 7.30396000e-03  4.99663566e+00 
 7.30496000e-03  4.99663902e+00 
 7.30596000e-03  4.99664238e+00 
 7.30696000e-03  4.99664574e+00 
 7.30796000e-03  4.99664909e+00 
 7.30896000e-03  4.99665244e+00 
 7.30996000e-03  4.99665578e+00 
 7.31096000e-03  4.99665913e+00 
 7.31196000e-03  4.99666246e+00 
 7.31296000e-03  4.99666580e+00 
 7.31396000e-03  4.99666913e+00 
 7.31496000e-03  4.99667246e+00 
 7.31596000e-03  4.99667579e+00 
 7.31696000e-03  4.99667911e+00 
 7.31796000e-03  4.99668243e+00 
 7.31896000e-03  4.99668575e+00 
 7.31996000e-03  4.99668906e+00 
 7.32096000e-03  4.99669237e+00 
 7.32196000e-03  4.99669567e+00 
 7.32296000e-03  4.99669898e+00 
 7.32396000e-03  4.99670228e+00 
 7.32496000e-03  4.99670557e+00 
 7.32596000e-03  4.99670886e+00 
 7.32696000e-03  4.99671215e+00 
 7.32796000e-03  4.99671544e+00 
 7.32896000e-03  4.99671872e+00 
 7.32996000e-03  4.99672200e+00 
 7.33096000e-03  4.99672528e+00 
 7.33196000e-03  4.99672855e+00 
 7.33296000e-03  4.99673182e+00 
 7.33396000e-03  4.99673509e+00 
 7.33496000e-03  4.99673835e+00 
 7.33596000e-03  4.99674161e+00 
 7.33696000e-03  4.99674487e+00 
 7.33796000e-03  4.99674812e+00 
 7.33896000e-03  4.99675137e+00 
 7.33996000e-03  4.99675462e+00 
 7.34096000e-03  4.99675786e+00 
 7.34196000e-03  4.99676110e+00 
 7.34296000e-03  4.99676434e+00 
 7.34396000e-03  4.99676758e+00 
 7.34496000e-03  4.99677081e+00 
 7.34596000e-03  4.99677403e+00 
 7.34696000e-03  4.99677726e+00 
 7.34796000e-03  4.99678048e+00 
 7.34896000e-03  4.99678370e+00 
 7.34996000e-03  4.99678691e+00 
 7.35096000e-03  4.99679012e+00 
 7.35196000e-03  4.99679333e+00 
 7.35296000e-03  4.99679654e+00 
 7.35396000e-03  4.99679974e+00 
 7.35496000e-03  4.99680294e+00 
 7.35596000e-03  4.99680613e+00 
 7.35696000e-03  4.99680932e+00 
 7.35796000e-03  4.99681251e+00 
 7.35896000e-03  4.99681570e+00 
 7.35996000e-03  4.99681888e+00 
 7.36096000e-03  4.99682206e+00 
 7.36196000e-03  4.99682524e+00 
 7.36296000e-03  4.99682841e+00 
 7.36396000e-03  4.99683158e+00 
 7.36496000e-03  4.99683475e+00 
 7.36596000e-03  4.99683791e+00 
 7.36696000e-03  4.99684107e+00 
 7.36796000e-03  4.99684423e+00 
 7.36896000e-03  4.99684738e+00 
 7.36996000e-03  4.99685054e+00 
 7.37096000e-03  4.99685368e+00 
 7.37196000e-03  4.99685683e+00 
 7.37296000e-03  4.99685997e+00 
 7.37396000e-03  4.99686311e+00 
 7.37496000e-03  4.99686624e+00 
 7.37596000e-03  4.99686938e+00 
 7.37696000e-03  4.99687250e+00 
 7.37796000e-03  4.99687563e+00 
 7.37896000e-03  4.99687875e+00 
 7.37996000e-03  4.99688187e+00 
 7.38096000e-03  4.99688499e+00 
 7.38196000e-03  4.99688810e+00 
 7.38296000e-03  4.99689121e+00 
 7.38396000e-03  4.99689432e+00 
 7.38496000e-03  4.99689742e+00 
 7.38596000e-03  4.99690053e+00 
 7.38696000e-03  4.99690362e+00 
 7.38796000e-03  4.99690672e+00 
 7.38896000e-03  4.99690981e+00 
 7.38996000e-03  4.99691290e+00 
 7.39096000e-03  4.99691598e+00 
 7.39196000e-03  4.99691907e+00 
 7.39296000e-03  4.99692215e+00 
 7.39396000e-03  4.99692522e+00 
 7.39496000e-03  4.99692830e+00 
 7.39596000e-03  4.99693137e+00 
 7.39696000e-03  4.99693443e+00 
 7.39796000e-03  4.99693750e+00 
 7.39896000e-03  4.99694056e+00 
 7.39996000e-03  4.99694362e+00 
 7.40096000e-03  4.99694667e+00 
 7.40196000e-03  4.99694972e+00 
 7.40296000e-03  4.99695277e+00 
 7.40396000e-03  4.99695582e+00 
 7.40496000e-03  4.99695886e+00 
 7.40596000e-03  4.99696190e+00 
 7.40696000e-03  4.99696494e+00 
 7.40796000e-03  4.99696797e+00 
 7.40896000e-03  4.99697100e+00 
 7.40996000e-03  4.99697403e+00 
 7.41096000e-03  4.99697705e+00 
 7.41196000e-03  4.99698007e+00 
 7.41296000e-03  4.99698309e+00 
 7.41396000e-03  4.99698611e+00 
 7.41496000e-03  4.99698912e+00 
 7.41596000e-03  4.99699213e+00 
 7.41696000e-03  4.99699514e+00 
 7.41796000e-03  4.99699814e+00 
 7.41896000e-03  4.99700114e+00 
 7.41996000e-03  4.99700414e+00 
 7.42096000e-03  4.99700713e+00 
 7.42196000e-03  4.99701012e+00 
 7.42296000e-03  4.99701311e+00 
 7.42396000e-03  4.99701610e+00 
 7.42496000e-03  4.99701908e+00 
 7.42596000e-03  4.99702206e+00 
 7.42696000e-03  4.99702503e+00 
 7.42796000e-03  4.99702801e+00 
 7.42896000e-03  4.99703098e+00 
 7.42996000e-03  4.99703395e+00 
 7.43096000e-03  4.99703691e+00 
 7.43196000e-03  4.99703987e+00 
 7.43296000e-03  4.99704283e+00 
 7.43396000e-03  4.99704579e+00 
 7.43496000e-03  4.99704874e+00 
 7.43596000e-03  4.99705169e+00 
 7.43696000e-03  4.99705464e+00 
 7.43796000e-03  4.99705758e+00 
 7.43896000e-03  4.99706052e+00 
 7.43996000e-03  4.99706346e+00 
 7.44096000e-03  4.99706639e+00 
 7.44196000e-03  4.99706933e+00 
 7.44296000e-03  4.99707225e+00 
 7.44396000e-03  4.99707518e+00 
 7.44496000e-03  4.99707810e+00 
 7.44596000e-03  4.99708102e+00 
 7.44696000e-03  4.99708394e+00 
 7.44796000e-03  4.99708686e+00 
 7.44896000e-03  4.99708977e+00 
 7.44996000e-03  4.99709268e+00 
 7.45096000e-03  4.99709558e+00 
 7.45196000e-03  4.99709849e+00 
 7.45296000e-03  4.99710139e+00 
 7.45396000e-03  4.99710428e+00 
 7.45496000e-03  4.99710718e+00 
 7.45596000e-03  4.99711007e+00 
 7.45696000e-03  4.99711296e+00 
 7.45796000e-03  4.99711584e+00 
 7.45896000e-03  4.99711873e+00 
 7.45996000e-03  4.99712161e+00 
 7.46096000e-03  4.99712448e+00 
 7.46196000e-03  4.99712736e+00 
 7.46296000e-03  4.99713023e+00 
 7.46396000e-03  4.99713310e+00 
 7.46496000e-03  4.99713596e+00 
 7.46596000e-03  4.99713882e+00 
 7.46696000e-03  4.99714168e+00 
 7.46796000e-03  4.99714454e+00 
 7.46896000e-03  4.99714740e+00 
 7.46996000e-03  4.99715025e+00 
 7.47096000e-03  4.99715309e+00 
 7.47196000e-03  4.99715594e+00 
 7.47296000e-03  4.99715878e+00 
 7.47396000e-03  4.99716162e+00 
 7.47496000e-03  4.99716446e+00 
 7.47596000e-03  4.99716729e+00 
 7.47696000e-03  4.99717012e+00 
 7.47796000e-03  4.99717295e+00 
 7.47896000e-03  4.99717578e+00 
 7.47996000e-03  4.99717860e+00 
 7.48096000e-03  4.99718142e+00 
 7.48196000e-03  4.99718424e+00 
 7.48296000e-03  4.99718705e+00 
 7.48396000e-03  4.99718986e+00 
 7.48496000e-03  4.99719267e+00 
 7.48596000e-03  4.99719548e+00 
 7.48696000e-03  4.99719828e+00 
 7.48796000e-03  4.99720108e+00 
 7.48896000e-03  4.99720388e+00 
 7.48996000e-03  4.99720668e+00 
 7.49096000e-03  4.99720947e+00 
 7.49196000e-03  4.99721226e+00 
 7.49296000e-03  4.99721504e+00 
 7.49396000e-03  4.99721783e+00 
 7.49496000e-03  4.99722061e+00 
 7.49596000e-03  4.99722338e+00 
 7.49696000e-03  4.99722616e+00 
 7.49796000e-03  4.99722893e+00 
 7.49896000e-03  4.99723170e+00 
 7.49996000e-03  4.99723447e+00 
 7.50096000e-03  4.99723723e+00 
 7.50196000e-03  4.99723999e+00 
 7.50296000e-03  4.99724275e+00 
 7.50396000e-03  4.99724551e+00 
 7.50496000e-03  4.99724826e+00 
 7.50596000e-03  4.99725101e+00 
 7.50696000e-03  4.99725376e+00 
 7.50796000e-03  4.99725651e+00 
 7.50896000e-03  4.99725925e+00 
 7.50996000e-03  4.99726199e+00 
 7.51096000e-03  4.99726472e+00 
 7.51196000e-03  4.99726746e+00 
 7.51296000e-03  4.99727019e+00 
 7.51396000e-03  4.99727292e+00 
 7.51496000e-03  4.99727564e+00 
 7.51596000e-03  4.99727837e+00 
 7.51696000e-03  4.99728109e+00 
 7.51796000e-03  4.99728380e+00 
 7.51896000e-03  4.99728652e+00 
 7.51996000e-03  4.99728923e+00 
 7.52096000e-03  4.99729194e+00 
 7.52196000e-03  4.99729465e+00 
 7.52296000e-03  4.99729735e+00 
 7.52396000e-03  4.99730005e+00 
 7.52496000e-03  4.99730275e+00 
 7.52596000e-03  4.99730545e+00 
 7.52696000e-03  4.99730814e+00 
 7.52796000e-03  4.99731083e+00 
 7.52896000e-03  4.99731352e+00 
 7.52996000e-03  4.99731620e+00 
 7.53096000e-03  4.99731889e+00 
 7.53196000e-03  4.99732157e+00 
 7.53296000e-03  4.99732424e+00 
 7.53396000e-03  4.99732692e+00 
 7.53496000e-03  4.99732959e+00 
 7.53596000e-03  4.99733226e+00 
 7.53696000e-03  4.99733492e+00 
 7.53796000e-03  4.99733759e+00 
 7.53896000e-03  4.99734025e+00 
 7.53996000e-03  4.99734291e+00 
 7.54096000e-03  4.99734556e+00 
 7.54196000e-03  4.99734822e+00 
 7.54296000e-03  4.99735087e+00 
 7.54396000e-03  4.99735351e+00 
 7.54496000e-03  4.99735616e+00 
 7.54596000e-03  4.99735880e+00 
 7.54696000e-03  4.99736144e+00 
 7.54796000e-03  4.99736408e+00 
 7.54896000e-03  4.99736671e+00 
 7.54996000e-03  4.99736935e+00 
 7.55096000e-03  4.99737198e+00 
 7.55196000e-03  4.99737460e+00 
 7.55296000e-03  4.99737723e+00 
 7.55396000e-03  4.99737985e+00 
 7.55496000e-03  4.99738247e+00 
 7.55596000e-03  4.99738508e+00 
 7.55696000e-03  4.99738770e+00 
 7.55796000e-03  4.99739031e+00 
 7.55896000e-03  4.99739292e+00 
 7.55996000e-03  4.99739552e+00 
 7.56096000e-03  4.99739812e+00 
 7.56196000e-03  4.99740072e+00 
 7.56296000e-03  4.99740332e+00 
 7.56396000e-03  4.99740592e+00 
 7.56496000e-03  4.99740851e+00 
 7.56596000e-03  4.99741110e+00 
 7.56696000e-03  4.99741369e+00 
 7.56796000e-03  4.99741627e+00 
 7.56896000e-03  4.99741886e+00 
 7.56996000e-03  4.99742144e+00 
 7.57096000e-03  4.99742401e+00 
 7.57196000e-03  4.99742659e+00 
 7.57296000e-03  4.99742916e+00 
 7.57396000e-03  4.99743173e+00 
 7.57496000e-03  4.99743430e+00 
 7.57596000e-03  4.99743686e+00 
 7.57696000e-03  4.99743942e+00 
 7.57796000e-03  4.99744198e+00 
 7.57896000e-03  4.99744454e+00 
 7.57996000e-03  4.99744709e+00 
 7.58096000e-03  4.99744965e+00 
 7.58196000e-03  4.99745219e+00 
 7.58296000e-03  4.99745474e+00 
 7.58396000e-03  4.99745728e+00 
 7.58496000e-03  4.99745983e+00 
 7.58596000e-03  4.99746236e+00 
 7.58696000e-03  4.99746490e+00 
 7.58796000e-03  4.99746744e+00 
 7.58896000e-03  4.99746997e+00 
 7.58996000e-03  4.99747250e+00 
 7.59096000e-03  4.99747502e+00 
 7.59196000e-03  4.99747755e+00 
 7.59296000e-03  4.99748007e+00 
 7.59396000e-03  4.99748259e+00 
 7.59496000e-03  4.99748510e+00 
 7.59596000e-03  4.99748761e+00 
 7.59696000e-03  4.99749013e+00 
 7.59796000e-03  4.99749263e+00 
 7.59896000e-03  4.99749514e+00 
 7.59996000e-03  4.99749764e+00 
 7.60096000e-03  4.99750015e+00 
 7.60196000e-03  4.99750264e+00 
 7.60296000e-03  4.99750514e+00 
 7.60396000e-03  4.99750763e+00 
 7.60496000e-03  4.99751012e+00 
 7.60596000e-03  4.99751261e+00 
 7.60696000e-03  4.99751510e+00 
 7.60796000e-03  4.99751758e+00 
 7.60896000e-03  4.99752006e+00 
 7.60996000e-03  4.99752254e+00 
 7.61096000e-03  4.99752502e+00 
 7.61196000e-03  4.99752749e+00 
 7.61296000e-03  4.99752996e+00 
 7.61396000e-03  4.99753243e+00 
 7.61496000e-03  4.99753490e+00 
 7.61596000e-03  4.99753736e+00 
 7.61696000e-03  4.99753982e+00 
 7.61796000e-03  4.99754228e+00 
 7.61896000e-03  4.99754474e+00 
 7.61996000e-03  4.99754719e+00 
 7.62096000e-03  4.99754965e+00 
 7.62196000e-03  4.99755209e+00 
 7.62296000e-03  4.99755454e+00 
 7.62396000e-03  4.99755699e+00 
 7.62496000e-03  4.99755943e+00 
 7.62596000e-03  4.99756187e+00 
 7.62696000e-03  4.99756430e+00 
 7.62796000e-03  4.99756674e+00 
 7.62896000e-03  4.99756917e+00 
 7.62996000e-03  4.99757160e+00 
 7.63096000e-03  4.99757403e+00 
 7.63196000e-03  4.99757645e+00 
 7.63296000e-03  4.99757887e+00 
 7.63396000e-03  4.99758129e+00 
 7.63496000e-03  4.99758371e+00 
 7.63596000e-03  4.99758613e+00 
 7.63696000e-03  4.99758854e+00 
 7.63796000e-03  4.99759095e+00 
 7.63896000e-03  4.99759336e+00 
 7.63996000e-03  4.99759576e+00 
 7.64096000e-03  4.99759817e+00 
 7.64196000e-03  4.99760057e+00 
 7.64296000e-03  4.99760297e+00 
 7.64396000e-03  4.99760536e+00 
 7.64496000e-03  4.99760775e+00 
 7.64596000e-03  4.99761015e+00 
 7.64696000e-03  4.99761253e+00 
 7.64796000e-03  4.99761492e+00 
 7.64896000e-03  4.99761730e+00 
 7.64996000e-03  4.99761969e+00 
 7.65096000e-03  4.99762206e+00 
 7.65196000e-03  4.99762444e+00 
 7.65296000e-03  4.99762682e+00 
 7.65396000e-03  4.99762919e+00 
 7.65496000e-03  4.99763156e+00 
 7.65596000e-03  4.99763392e+00 
 7.65696000e-03  4.99763629e+00 
 7.65796000e-03  4.99763865e+00 
 7.65896000e-03  4.99764101e+00 
 7.65996000e-03  4.99764337e+00 
 7.66096000e-03  4.99764573e+00 
 7.66196000e-03  4.99764808e+00 
 7.66296000e-03  4.99765043e+00 
 7.66396000e-03  4.99765278e+00 
 7.66496000e-03  4.99765512e+00 
 7.66596000e-03  4.99765747e+00 
 7.66696000e-03  4.99765981e+00 
 7.66796000e-03  4.99766215e+00 
 7.66896000e-03  4.99766448e+00 
 7.66996000e-03  4.99766682e+00 
 7.67096000e-03  4.99766915e+00 
 7.67196000e-03  4.99767148e+00 
 7.67296000e-03  4.99767381e+00 
 7.67396000e-03  4.99767613e+00 
 7.67496000e-03  4.99767846e+00 
 7.67596000e-03  4.99768078e+00 
 7.67696000e-03  4.99768309e+00 
 7.67796000e-03  4.99768541e+00 
 7.67896000e-03  4.99768772e+00 
 7.67996000e-03  4.99769003e+00 
 7.68096000e-03  4.99769234e+00 
 7.68196000e-03  4.99769465e+00 
 7.68296000e-03  4.99769695e+00 
 7.68396000e-03  4.99769926e+00 
 7.68496000e-03  4.99770156e+00 
 7.68596000e-03  4.99770385e+00 
 7.68696000e-03  4.99770615e+00 
 7.68796000e-03  4.99770844e+00 
 7.68896000e-03  4.99771073e+00 
 7.68996000e-03  4.99771302e+00 
 7.69096000e-03  4.99771530e+00 
 7.69196000e-03  4.99771759e+00 
 7.69296000e-03  4.99771987e+00 
 7.69396000e-03  4.99772215e+00 
 7.69496000e-03  4.99772443e+00 
 7.69596000e-03  4.99772670e+00 
 7.69696000e-03  4.99772897e+00 
 7.69796000e-03  4.99773124e+00 
 7.69896000e-03  4.99773351e+00 
 7.69996000e-03  4.99773577e+00 
 7.70096000e-03  4.99773804e+00 
 7.70196000e-03  4.99774030e+00 
 7.70296000e-03  4.99774256e+00 
 7.70396000e-03  4.99774481e+00 
 7.70496000e-03  4.99774707e+00 
 7.70596000e-03  4.99774932e+00 
 7.70696000e-03  4.99775157e+00 
 7.70796000e-03  4.99775382e+00 
 7.70896000e-03  4.99775606e+00 
 7.70996000e-03  4.99775830e+00 
 7.71096000e-03  4.99776054e+00 
 7.71196000e-03  4.99776278e+00 
 7.71296000e-03  4.99776502e+00 
 7.71396000e-03  4.99776725e+00 
 7.71496000e-03  4.99776948e+00 
 7.71596000e-03  4.99777171e+00 
 7.71696000e-03  4.99777394e+00 
 7.71796000e-03  4.99777617e+00 
 7.71896000e-03  4.99777839e+00 
 7.71996000e-03  4.99778061e+00 
 7.72096000e-03  4.99778283e+00 
 7.72196000e-03  4.99778504e+00 
 7.72296000e-03  4.99778726e+00 
 7.72396000e-03  4.99778947e+00 
 7.72496000e-03  4.99779168e+00 
 7.72596000e-03  4.99779389e+00 
 7.72696000e-03  4.99779609e+00 
 7.72796000e-03  4.99779829e+00 
 7.72896000e-03  4.99780049e+00 
 7.72996000e-03  4.99780269e+00 
 7.73096000e-03  4.99780489e+00 
 7.73196000e-03  4.99780708e+00 
 7.73296000e-03  4.99780927e+00 
 7.73396000e-03  4.99781146e+00 
 7.73496000e-03  4.99781365e+00 
 7.73596000e-03  4.99781584e+00 
 7.73696000e-03  4.99781802e+00 
 7.73796000e-03  4.99782020e+00 
 7.73896000e-03  4.99782238e+00 
 7.73996000e-03  4.99782456e+00 
 7.74096000e-03  4.99782673e+00 
 7.74196000e-03  4.99782890e+00 
 7.74296000e-03  4.99783107e+00 
 7.74396000e-03  4.99783324e+00 
 7.74496000e-03  4.99783541e+00 
 7.74596000e-03  4.99783757e+00 
 7.74696000e-03  4.99783973e+00 
 7.74796000e-03  4.99784189e+00 
 7.74896000e-03  4.99784405e+00 
 7.74996000e-03  4.99784620e+00 
 7.75096000e-03  4.99784836e+00 
 7.75196000e-03  4.99785051e+00 
 7.75296000e-03  4.99785265e+00 
 7.75396000e-03  4.99785480e+00 
 7.75496000e-03  4.99785694e+00 
 7.75596000e-03  4.99785909e+00 
 7.75696000e-03  4.99786123e+00 
 7.75796000e-03  4.99786336e+00 
 7.75896000e-03  4.99786550e+00 
 7.75996000e-03  4.99786763e+00 
 7.76096000e-03  4.99786976e+00 
 7.76196000e-03  4.99787189e+00 
 7.76296000e-03  4.99787402e+00 
 7.76396000e-03  4.99787615e+00 
 7.76496000e-03  4.99787827e+00 
 7.76596000e-03  4.99788039e+00 
 7.76696000e-03  4.99788251e+00 
 7.76796000e-03  4.99788462e+00 
 7.76896000e-03  4.99788674e+00 
 7.76996000e-03  4.99788885e+00 
 7.77096000e-03  4.99789096e+00 
 7.77196000e-03  4.99789307e+00 
 7.77296000e-03  4.99789517e+00 
 7.77396000e-03  4.99789728e+00 
 7.77496000e-03  4.99789938e+00 
 7.77596000e-03  4.99790148e+00 
 7.77696000e-03  4.99790358e+00 
 7.77796000e-03  4.99790567e+00 
 7.77896000e-03  4.99790777e+00 
 7.77996000e-03  4.99790986e+00 
 7.78096000e-03  4.99791195e+00 
 7.78196000e-03  4.99791403e+00 
 7.78296000e-03  4.99791612e+00 
 7.78396000e-03  4.99791820e+00 
 7.78496000e-03  4.99792028e+00 
 7.78596000e-03  4.99792236e+00 
 7.78696000e-03  4.99792444e+00 
 7.78796000e-03  4.99792651e+00 
 7.78896000e-03  4.99792858e+00 
 7.78996000e-03  4.99793065e+00 
 7.79096000e-03  4.99793272e+00 
 7.79196000e-03  4.99793479e+00 
 7.79296000e-03  4.99793685e+00 
 7.79396000e-03  4.99793891e+00 
 7.79496000e-03  4.99794098e+00 
 7.79596000e-03  4.99794303e+00 
 7.79696000e-03  4.99794509e+00 
 7.79796000e-03  4.99794714e+00 
 7.79896000e-03  4.99794919e+00 
 7.79996000e-03  4.99795124e+00 
 7.80096000e-03  4.99795329e+00 
 7.80196000e-03  4.99795534e+00 
 7.80296000e-03  4.99795738e+00 
 7.80396000e-03  4.99795942e+00 
 7.80496000e-03  4.99796146e+00 
 7.80596000e-03  4.99796350e+00 
 7.80696000e-03  4.99796554e+00 
 7.80796000e-03  4.99796757e+00 
 7.80896000e-03  4.99796960e+00 
 7.80996000e-03  4.99797163e+00 
 7.81096000e-03  4.99797366e+00 
 7.81196000e-03  4.99797568e+00 
 7.81296000e-03  4.99797771e+00 
 7.81396000e-03  4.99797973e+00 
 7.81496000e-03  4.99798175e+00 
 7.81596000e-03  4.99798376e+00 
 7.81696000e-03  4.99798578e+00 
 7.81796000e-03  4.99798779e+00 
 7.81896000e-03  4.99798980e+00 
 7.81996000e-03  4.99799181e+00 
 7.82096000e-03  4.99799382e+00 
 7.82196000e-03  4.99799582e+00 
 7.82296000e-03  4.99799783e+00 
 7.82396000e-03  4.99799983e+00 
 7.82496000e-03  4.99800183e+00 
 7.82596000e-03  4.99800383e+00 
 7.82696000e-03  4.99800582e+00 
 7.82796000e-03  4.99800781e+00 
 7.82896000e-03  4.99800981e+00 
 7.82996000e-03  4.99801179e+00 
 7.83096000e-03  4.99801378e+00 
 7.83196000e-03  4.99801577e+00 
 7.83296000e-03  4.99801775e+00 
 7.83396000e-03  4.99801973e+00 
 7.83496000e-03  4.99802171e+00 
 7.83596000e-03  4.99802369e+00 
 7.83696000e-03  4.99802566e+00 
 7.83796000e-03  4.99802764e+00 
 7.83896000e-03  4.99802961e+00 
 7.83996000e-03  4.99803158e+00 
 7.84096000e-03  4.99803354e+00 
 7.84196000e-03  4.99803551e+00 
 7.84296000e-03  4.99803747e+00 
 7.84396000e-03  4.99803944e+00 
 7.84496000e-03  4.99804139e+00 
 7.84596000e-03  4.99804335e+00 
 7.84696000e-03  4.99804531e+00 
 7.84796000e-03  4.99804726e+00 
 7.84896000e-03  4.99804921e+00 
 7.84996000e-03  4.99805116e+00 
 7.85096000e-03  4.99805311e+00 
 7.85196000e-03  4.99805506e+00 
 7.85296000e-03  4.99805700e+00 
 7.85396000e-03  4.99805894e+00 
 7.85496000e-03  4.99806088e+00 
 7.85596000e-03  4.99806282e+00 
 7.85696000e-03  4.99806476e+00 
 7.85796000e-03  4.99806669e+00 
 7.85896000e-03  4.99806862e+00 
 7.85996000e-03  4.99807055e+00 
 7.86096000e-03  4.99807248e+00 
 7.86196000e-03  4.99807441e+00 
 7.86296000e-03  4.99807633e+00 
 7.86396000e-03  4.99807826e+00 
 7.86496000e-03  4.99808018e+00 
 7.86596000e-03  4.99808210e+00 
 7.86696000e-03  4.99808401e+00 
 7.86796000e-03  4.99808593e+00 
 7.86896000e-03  4.99808784e+00 
 7.86996000e-03  4.99808975e+00 
 7.87096000e-03  4.99809166e+00 
 7.87196000e-03  4.99809357e+00 
 7.87296000e-03  4.99809548e+00 
 7.87396000e-03  4.99809738e+00 
 7.87496000e-03  4.99809928e+00 
 7.87596000e-03  4.99810118e+00 
 7.87696000e-03  4.99810308e+00 
 7.87796000e-03  4.99810497e+00 
 7.87896000e-03  4.99810687e+00 
 7.87996000e-03  4.99810876e+00 
 7.88096000e-03  4.99811065e+00 
 7.88196000e-03  4.99811254e+00 
 7.88296000e-03  4.99811443e+00 
 7.88396000e-03  4.99811631e+00 
 7.88496000e-03  4.99811819e+00 
 7.88596000e-03  4.99812007e+00 
 7.88696000e-03  4.99812195e+00 
 7.88796000e-03  4.99812383e+00 
 7.88896000e-03  4.99812571e+00 
 7.88996000e-03  4.99812758e+00 
 7.89096000e-03  4.99812945e+00 
 7.89196000e-03  4.99813132e+00 
 7.89296000e-03  4.99813319e+00 
 7.89396000e-03  4.99813505e+00 
 7.89496000e-03  4.99813692e+00 
 7.89596000e-03  4.99813878e+00 
 7.89696000e-03  4.99814064e+00 
 7.89796000e-03  4.99814250e+00 
 7.89896000e-03  4.99814435e+00 
 7.89996000e-03  4.99814621e+00 
 7.90096000e-03  4.99814806e+00 
 7.90196000e-03  4.99814991e+00 
 7.90296000e-03  4.99815176e+00 
 7.90396000e-03  4.99815361e+00 
 7.90496000e-03  4.99815546e+00 
 7.90596000e-03  4.99815730e+00 
 7.90696000e-03  4.99815914e+00 
 7.90796000e-03  4.99816098e+00 
 7.90896000e-03  4.99816282e+00 
 7.90996000e-03  4.99816465e+00 
 7.91096000e-03  4.99816649e+00 
 7.91196000e-03  4.99816832e+00 
 7.91296000e-03  4.99817015e+00 
 7.91396000e-03  4.99817198e+00 
 7.91496000e-03  4.99817381e+00 
 7.91596000e-03  4.99817563e+00 
 7.91696000e-03  4.99817746e+00 
 7.91796000e-03  4.99817928e+00 
 7.91896000e-03  4.99818110e+00 
 7.91996000e-03  4.99818292e+00 
 7.92096000e-03  4.99818473e+00 
 7.92196000e-03  4.99818655e+00 
 7.92296000e-03  4.99818836e+00 
 7.92396000e-03  4.99819017e+00 
 7.92496000e-03  4.99819198e+00 
 7.92596000e-03  4.99819379e+00 
 7.92696000e-03  4.99819559e+00 
 7.92796000e-03  4.99819740e+00 
 7.92896000e-03  4.99819920e+00 
 7.92996000e-03  4.99820100e+00 
 7.93096000e-03  4.99820280e+00 
 7.93196000e-03  4.99820459e+00 
 7.93296000e-03  4.99820639e+00 
 7.93396000e-03  4.99820818e+00 
 7.93496000e-03  4.99820997e+00 
 7.93596000e-03  4.99821176e+00 
 7.93696000e-03  4.99821355e+00 
 7.93796000e-03  4.99821533e+00 
 7.93896000e-03  4.99821712e+00 
 7.93996000e-03  4.99821890e+00 
 7.94096000e-03  4.99822068e+00 
 7.94196000e-03  4.99822246e+00 
 7.94296000e-03  4.99822423e+00 
 7.94396000e-03  4.99822601e+00 
 7.94496000e-03  4.99822778e+00 
 7.94596000e-03  4.99822955e+00 
 7.94696000e-03  4.99823132e+00 
 7.94796000e-03  4.99823309e+00 
 7.94896000e-03  4.99823486e+00 
 7.94996000e-03  4.99823662e+00 
 7.95096000e-03  4.99823838e+00 
 7.95196000e-03  4.99824014e+00 
 7.95296000e-03  4.99824190e+00 
 7.95396000e-03  4.99824366e+00 
 7.95496000e-03  4.99824541e+00 
 7.95596000e-03  4.99824717e+00 
 7.95696000e-03  4.99824892e+00 
 7.95796000e-03  4.99825067e+00 
 7.95896000e-03  4.99825242e+00 
 7.95996000e-03  4.99825417e+00 
 7.96096000e-03  4.99825591e+00 
 7.96196000e-03  4.99825765e+00 
 7.96296000e-03  4.99825940e+00 
 7.96396000e-03  4.99826114e+00 
 7.96496000e-03  4.99826287e+00 
 7.96596000e-03  4.99826461e+00 
 7.96696000e-03  4.99826634e+00 
 7.96796000e-03  4.99826808e+00 
 7.96896000e-03  4.99826981e+00 
 7.96996000e-03  4.99827154e+00 
 7.97096000e-03  4.99827326e+00 
 7.97196000e-03  4.99827499e+00 
 7.97296000e-03  4.99827671e+00 
 7.97396000e-03  4.99827844e+00 
 7.97496000e-03  4.99828016e+00 
 7.97596000e-03  4.99828188e+00 
 7.97696000e-03  4.99828359e+00 
 7.97796000e-03  4.99828531e+00 
 7.97896000e-03  4.99828702e+00 
 7.97996000e-03  4.99828874e+00 
 7.98096000e-03  4.99829045e+00 
 7.98196000e-03  4.99829215e+00 
 7.98296000e-03  4.99829386e+00 
 7.98396000e-03  4.99829557e+00 
 7.98496000e-03  4.99829727e+00 
 7.98596000e-03  4.99829897e+00 
 7.98696000e-03  4.99830067e+00 
 7.98796000e-03  4.99830237e+00 
 7.98896000e-03  4.99830407e+00 
 7.98996000e-03  4.99830576e+00 
 7.99096000e-03  4.99830746e+00 
 7.99196000e-03  4.99830915e+00 
 7.99296000e-03  4.99831084e+00 
 7.99396000e-03  4.99831253e+00 
 7.99496000e-03  4.99831421e+00 
 7.99596000e-03  4.99831590e+00 
 7.99696000e-03  4.99831758e+00 
 7.99796000e-03  4.99831926e+00 
 7.99896000e-03  4.99832094e+00 
 7.99996000e-03  4.99832262e+00 
 8.00096000e-03  4.99832430e+00 
 8.00196000e-03  4.99832597e+00 
 8.00296000e-03  4.99832765e+00 
 8.00396000e-03  4.99832932e+00 
 8.00496000e-03  4.99833099e+00 
 8.00596000e-03  4.99833266e+00 
 8.00696000e-03  4.99833432e+00 
 8.00796000e-03  4.99833599e+00 
 8.00896000e-03  4.99833765e+00 
 8.00996000e-03  4.99833931e+00 
 8.01096000e-03  4.99834097e+00 
 8.01196000e-03  4.99834263e+00 
 8.01296000e-03  4.99834429e+00 
 8.01396000e-03  4.99834594e+00 
 8.01496000e-03  4.99834759e+00 
 8.01596000e-03  4.99834925e+00 
 8.01696000e-03  4.99835090e+00 
 8.01796000e-03  4.99835254e+00 
 8.01896000e-03  4.99835419e+00 
 8.01996000e-03  4.99835584e+00 
 8.02096000e-03  4.99835748e+00 
 8.02196000e-03  4.99835912e+00 
 8.02296000e-03  4.99836076e+00 
 8.02396000e-03  4.99836240e+00 
 8.02496000e-03  4.99836404e+00 
 8.02596000e-03  4.99836567e+00 
 8.02696000e-03  4.99836730e+00 
 8.02796000e-03  4.99836894e+00 
 8.02896000e-03  4.99837057e+00 
 8.02996000e-03  4.99837219e+00 
 8.03096000e-03  4.99837382e+00 
 8.03196000e-03  4.99837545e+00 
 8.03296000e-03  4.99837707e+00 
 8.03396000e-03  4.99837869e+00 
 8.03496000e-03  4.99838031e+00 
 8.03596000e-03  4.99838193e+00 
 8.03696000e-03  4.99838355e+00 
 8.03796000e-03  4.99838517e+00 
 8.03896000e-03  4.99838678e+00 
 8.03996000e-03  4.99838839e+00 
 8.04096000e-03  4.99839000e+00 
 8.04196000e-03  4.99839161e+00 
 8.04296000e-03  4.99839322e+00 
 8.04396000e-03  4.99839483e+00 
 8.04496000e-03  4.99839643e+00 
 8.04596000e-03  4.99839803e+00 
 8.04696000e-03  4.99839963e+00 
 8.04796000e-03  4.99840123e+00 
 8.04896000e-03  4.99840283e+00 
 8.04996000e-03  4.99840443e+00 
 8.05096000e-03  4.99840602e+00 
 8.05196000e-03  4.99840762e+00 
 8.05296000e-03  4.99840921e+00 
 8.05396000e-03  4.99841080e+00 
 8.05496000e-03  4.99841239e+00 
 8.05596000e-03  4.99841397e+00 
 8.05696000e-03  4.99841556e+00 
 8.05796000e-03  4.99841714e+00 
 8.05896000e-03  4.99841872e+00 
 8.05996000e-03  4.99842030e+00 
 8.06096000e-03  4.99842188e+00 
 8.06196000e-03  4.99842346e+00 
 8.06296000e-03  4.99842504e+00 
 8.06396000e-03  4.99842661e+00 
 8.06496000e-03  4.99842818e+00 
 8.06596000e-03  4.99842975e+00 
 8.06696000e-03  4.99843132e+00 
 8.06796000e-03  4.99843289e+00 
 8.06896000e-03  4.99843446e+00 
 8.06996000e-03  4.99843602e+00 
 8.07096000e-03  4.99843759e+00 
 8.07196000e-03  4.99843915e+00 
 8.07296000e-03  4.99844071e+00 
 8.07396000e-03  4.99844227e+00 
 8.07496000e-03  4.99844382e+00 
 8.07596000e-03  4.99844538e+00 
 8.07696000e-03  4.99844693e+00 
 8.07796000e-03  4.99844848e+00 
 8.07896000e-03  4.99845003e+00 
 8.07996000e-03  4.99845158e+00 
 8.08096000e-03  4.99845313e+00 
 8.08196000e-03  4.99845468e+00 
 8.08296000e-03  4.99845622e+00 
 8.08396000e-03  4.99845777e+00 
 8.08496000e-03  4.99845931e+00 
 8.08596000e-03  4.99846085e+00 
 8.08696000e-03  4.99846238e+00 
 8.08796000e-03  4.99846392e+00 
 8.08896000e-03  4.99846546e+00 
 8.08996000e-03  4.99846699e+00 
 8.09096000e-03  4.99846852e+00 
 8.09196000e-03  4.99847005e+00 
 8.09296000e-03  4.99847158e+00 
 8.09396000e-03  4.99847311e+00 
 8.09496000e-03  4.99847464e+00 
 8.09596000e-03  4.99847616e+00 
 8.09696000e-03  4.99847768e+00 
 8.09796000e-03  4.99847921e+00 
 8.09896000e-03  4.99848073e+00 
 8.09996000e-03  4.99848224e+00 
 8.10096000e-03  4.99848376e+00 
 8.10196000e-03  4.99848528e+00 
 8.10296000e-03  4.99848679e+00 
 8.10396000e-03  4.99848830e+00 
 8.10496000e-03  4.99848981e+00 
 8.10596000e-03  4.99849132e+00 
 8.10696000e-03  4.99849283e+00 
 8.10796000e-03  4.99849434e+00 
 8.10896000e-03  4.99849584e+00 
 8.10996000e-03  4.99849735e+00 
 8.11096000e-03  4.99849885e+00 
 8.11196000e-03  4.99850035e+00 
 8.11296000e-03  4.99850185e+00 
 8.11396000e-03  4.99850335e+00 
 8.11496000e-03  4.99850484e+00 
 8.11596000e-03  4.99850634e+00 
 8.11696000e-03  4.99850783e+00 
 8.11796000e-03  4.99850932e+00 
 8.11896000e-03  4.99851081e+00 
 8.11996000e-03  4.99851230e+00 
 8.12096000e-03  4.99851379e+00 
 8.12196000e-03  4.99851527e+00 
 8.12296000e-03  4.99851675e+00 
 8.12396000e-03  4.99851824e+00 
 8.12496000e-03  4.99851972e+00 
 8.12596000e-03  4.99852120e+00 
 8.12696000e-03  4.99852268e+00 
 8.12796000e-03  4.99852415e+00 
 8.12896000e-03  4.99852563e+00 
 8.12996000e-03  4.99852710e+00 
 8.13096000e-03  4.99852857e+00 
 8.13196000e-03  4.99853004e+00 
 8.13296000e-03  4.99853151e+00 
 8.13396000e-03  4.99853298e+00 
 8.13496000e-03  4.99853445e+00 
 8.13596000e-03  4.99853591e+00 
 8.13696000e-03  4.99853738e+00 
 8.13796000e-03  4.99853884e+00 
 8.13896000e-03  4.99854030e+00 
 8.13996000e-03  4.99854176e+00 
 8.14096000e-03  4.99854321e+00 
 8.14196000e-03  4.99854467e+00 
 8.14296000e-03  4.99854612e+00 
 8.14396000e-03  4.99854758e+00 
 8.14496000e-03  4.99854903e+00 
 8.14596000e-03  4.99855048e+00 
 8.14696000e-03  4.99855193e+00 
 8.14796000e-03  4.99855338e+00 
 8.14896000e-03  4.99855482e+00 
 8.14996000e-03  4.99855627e+00 
 8.15096000e-03  4.99855771e+00 
 8.15196000e-03  4.99855915e+00 
 8.15296000e-03  4.99856059e+00 
 8.15396000e-03  4.99856203e+00 
 8.15496000e-03  4.99856347e+00 
 8.15596000e-03  4.99856490e+00 
 8.15696000e-03  4.99856634e+00 
 8.15796000e-03  4.99856777e+00 
 8.15896000e-03  4.99856920e+00 
 8.15996000e-03  4.99857063e+00 
 8.16096000e-03  4.99857206e+00 
 8.16196000e-03  4.99857349e+00 
 8.16296000e-03  4.99857491e+00 
 8.16396000e-03  4.99857634e+00 
 8.16496000e-03  4.99857776e+00 
 8.16596000e-03  4.99857918e+00 
 8.16696000e-03  4.99858060e+00 
 8.16796000e-03  4.99858202e+00 
 8.16896000e-03  4.99858344e+00 
 8.16996000e-03  4.99858485e+00 
 8.17096000e-03  4.99858627e+00 
 8.17196000e-03  4.99858768e+00 
 8.17296000e-03  4.99858909e+00 
 8.17396000e-03  4.99859050e+00 
 8.17496000e-03  4.99859191e+00 
 8.17596000e-03  4.99859332e+00 
 8.17696000e-03  4.99859473e+00 
 8.17796000e-03  4.99859613e+00 
 8.17896000e-03  4.99859753e+00 
 8.17996000e-03  4.99859894e+00 
 8.18096000e-03  4.99860034e+00 
 8.18196000e-03  4.99860173e+00 
 8.18296000e-03  4.99860313e+00 
 8.18396000e-03  4.99860453e+00 
 8.18496000e-03  4.99860592e+00 
 8.18596000e-03  4.99860732e+00 
 8.18696000e-03  4.99860871e+00 
 8.18796000e-03  4.99861010e+00 
 8.18896000e-03  4.99861149e+00 
 8.18996000e-03  4.99861288e+00 
 8.19096000e-03  4.99861426e+00 
 8.19196000e-03  4.99861565e+00 
 8.19296000e-03  4.99861703e+00 
 8.19396000e-03  4.99861841e+00 
 8.19496000e-03  4.99861979e+00 
 8.19596000e-03  4.99862117e+00 
 8.19696000e-03  4.99862255e+00 
 8.19796000e-03  4.99862393e+00 
 8.19896000e-03  4.99862530e+00 
 8.19996000e-03  4.99862668e+00 
 8.20096000e-03  4.99862805e+00 
 8.20196000e-03  4.99862942e+00 
 8.20296000e-03  4.99863079e+00 
 8.20396000e-03  4.99863216e+00 
 8.20496000e-03  4.99863353e+00 
 8.20596000e-03  4.99863489e+00 
 8.20696000e-03  4.99863626e+00 
 8.20796000e-03  4.99863762e+00 
 8.20896000e-03  4.99863898e+00 
 8.20996000e-03  4.99864034e+00 
 8.21096000e-03  4.99864170e+00 
 8.21196000e-03  4.99864306e+00 
 8.21296000e-03  4.99864442e+00 
 8.21396000e-03  4.99864577e+00 
 8.21496000e-03  4.99864712e+00 
 8.21596000e-03  4.99864848e+00 
 8.21696000e-03  4.99864983e+00 
 8.21796000e-03  4.99865118e+00 
 8.21896000e-03  4.99865252e+00 
 8.21996000e-03  4.99865387e+00 
 8.22096000e-03  4.99865522e+00 
 8.22196000e-03  4.99865656e+00 
 8.22296000e-03  4.99865790e+00 
 8.22396000e-03  4.99865925e+00 
 8.22496000e-03  4.99866059e+00 
 8.22596000e-03  4.99866192e+00 
 8.22696000e-03  4.99866326e+00 
 8.22796000e-03  4.99866460e+00 
 8.22896000e-03  4.99866593e+00 
 8.22996000e-03  4.99866727e+00 
 8.23096000e-03  4.99866860e+00 
 8.23196000e-03  4.99866993e+00 
 8.23296000e-03  4.99867126e+00 
 8.23396000e-03  4.99867259e+00 
 8.23496000e-03  4.99867391e+00 
 8.23596000e-03  4.99867524e+00 
 8.23696000e-03  4.99867656e+00 
 8.23796000e-03  4.99867789e+00 
 8.23896000e-03  4.99867921e+00 
 8.23996000e-03  4.99868053e+00 
 8.24096000e-03  4.99868185e+00 
 8.24196000e-03  4.99868316e+00 
 8.24296000e-03  4.99868448e+00 
 8.24396000e-03  4.99868579e+00 
 8.24496000e-03  4.99868711e+00 
 8.24596000e-03  4.99868842e+00 
 8.24696000e-03  4.99868973e+00 
 8.24796000e-03  4.99869104e+00 
 8.24896000e-03  4.99869235e+00 
 8.24996000e-03  4.99869366e+00 
 8.25096000e-03  4.99869496e+00 
 8.25196000e-03  4.99869627e+00 
 8.25296000e-03  4.99869757e+00 
 8.25396000e-03  4.99869887e+00 
 8.25496000e-03  4.99870017e+00 
 8.25596000e-03  4.99870147e+00 
 8.25696000e-03  4.99870277e+00 
 8.25796000e-03  4.99870406e+00 
 8.25896000e-03  4.99870536e+00 
 8.25996000e-03  4.99870665e+00 
 8.26096000e-03  4.99870795e+00 
 8.26196000e-03  4.99870924e+00 
 8.26296000e-03  4.99871053e+00 
 8.26396000e-03  4.99871182e+00 
 8.26496000e-03  4.99871310e+00 
 8.26596000e-03  4.99871439e+00 
 8.26696000e-03  4.99871568e+00 
 8.26796000e-03  4.99871696e+00 
 8.26896000e-03  4.99871824e+00 
 8.26996000e-03  4.99871952e+00 
 8.27096000e-03  4.99872080e+00 
 8.27196000e-03  4.99872208e+00 
 8.27296000e-03  4.99872336e+00 
 8.27396000e-03  4.99872463e+00 
 8.27496000e-03  4.99872591e+00 
 8.27596000e-03  4.99872718e+00 
 8.27696000e-03  4.99872846e+00 
 8.27796000e-03  4.99872973e+00 
 8.27896000e-03  4.99873100e+00 
 8.27996000e-03  4.99873226e+00 
 8.28096000e-03  4.99873353e+00 
 8.28196000e-03  4.99873480e+00 
 8.28296000e-03  4.99873606e+00 
 8.28396000e-03  4.99873732e+00 
 8.28496000e-03  4.99873859e+00 
 8.28596000e-03  4.99873985e+00 
 8.28696000e-03  4.99874111e+00 
 8.28796000e-03  4.99874237e+00 
 8.28896000e-03  4.99874362e+00 
 8.28996000e-03  4.99874488e+00 
 8.29096000e-03  4.99874613e+00 
 8.29196000e-03  4.99874739e+00 
 8.29296000e-03  4.99874864e+00 
 8.29396000e-03  4.99874989e+00 
 8.29496000e-03  4.99875114e+00 
 8.29596000e-03  4.99875239e+00 
 8.29696000e-03  4.99875363e+00 
 8.29796000e-03  4.99875488e+00 
 8.29896000e-03  4.99875612e+00 
 8.29996000e-03  4.99875737e+00 
 8.30096000e-03  4.99875861e+00 
 8.30196000e-03  4.99875985e+00 
 8.30296000e-03  4.99876109e+00 
 8.30396000e-03  4.99876233e+00 
 8.30496000e-03  4.99876356e+00 
 8.30596000e-03  4.99876480e+00 
 8.30696000e-03  4.99876604e+00 
 8.30796000e-03  4.99876727e+00 
 8.30896000e-03  4.99876850e+00 
 8.30996000e-03  4.99876973e+00 
 8.31096000e-03  4.99877096e+00 
 8.31196000e-03  4.99877219e+00 
 8.31296000e-03  4.99877342e+00 
 8.31396000e-03  4.99877464e+00 
 8.31496000e-03  4.99877587e+00 
 8.31596000e-03  4.99877709e+00 
 8.31696000e-03  4.99877831e+00 
 8.31796000e-03  4.99877953e+00 
 8.31896000e-03  4.99878075e+00 
 8.31996000e-03  4.99878197e+00 
 8.32096000e-03  4.99878319e+00 
 8.32196000e-03  4.99878441e+00 
 8.32296000e-03  4.99878562e+00 
 8.32396000e-03  4.99878684e+00 
 8.32496000e-03  4.99878805e+00 
 8.32596000e-03  4.99878926e+00 
 8.32696000e-03  4.99879047e+00 
 8.32796000e-03  4.99879168e+00 
 8.32896000e-03  4.99879289e+00 
 8.32996000e-03  4.99879409e+00 
 8.33096000e-03  4.99879530e+00 
 8.33196000e-03  4.99879650e+00 
 8.33296000e-03  4.99879770e+00 
 8.33396000e-03  4.99879891e+00 
 8.33496000e-03  4.99880011e+00 
 8.33596000e-03  4.99880131e+00 
 8.33696000e-03  4.99880250e+00 
 8.33796000e-03  4.99880370e+00 
 8.33896000e-03  4.99880490e+00 
 8.33996000e-03  4.99880609e+00 
 8.34096000e-03  4.99880728e+00 
 8.34196000e-03  4.99880848e+00 
 8.34296000e-03  4.99880967e+00 
 8.34396000e-03  4.99881086e+00 
 8.34496000e-03  4.99881205e+00 
 8.34596000e-03  4.99881323e+00 
 8.34696000e-03  4.99881442e+00 
 8.34796000e-03  4.99881560e+00 
 8.34896000e-03  4.99881679e+00 
 8.34996000e-03  4.99881797e+00 
 8.35096000e-03  4.99881915e+00 
 8.35196000e-03  4.99882033e+00 
 8.35296000e-03  4.99882151e+00 
 8.35396000e-03  4.99882269e+00 
 8.35496000e-03  4.99882387e+00 
 8.35596000e-03  4.99882504e+00 
 8.35696000e-03  4.99882622e+00 
 8.35796000e-03  4.99882739e+00 
 8.35896000e-03  4.99882856e+00 
 8.35996000e-03  4.99882973e+00 
 8.36096000e-03  4.99883090e+00 
 8.36196000e-03  4.99883207e+00 
 8.36296000e-03  4.99883324e+00 
 8.36396000e-03  4.99883440e+00 
 8.36496000e-03  4.99883557e+00 
 8.36596000e-03  4.99883673e+00 
 8.36696000e-03  4.99883790e+00 
 8.36796000e-03  4.99883906e+00 
 8.36896000e-03  4.99884022e+00 
 8.36996000e-03  4.99884138e+00 
 8.37096000e-03  4.99884253e+00 
 8.37196000e-03  4.99884369e+00 
 8.37296000e-03  4.99884485e+00 
 8.37396000e-03  4.99884600e+00 
 8.37496000e-03  4.99884716e+00 
 8.37596000e-03  4.99884831e+00 
 8.37696000e-03  4.99884946e+00 
 8.37796000e-03  4.99885061e+00 
 8.37896000e-03  4.99885176e+00 
 8.37996000e-03  4.99885291e+00 
 8.38096000e-03  4.99885405e+00 
 8.38196000e-03  4.99885520e+00 
 8.38296000e-03  4.99885634e+00 
 8.38396000e-03  4.99885748e+00 
 8.38496000e-03  4.99885863e+00 
 8.38596000e-03  4.99885977e+00 
 8.38696000e-03  4.99886091e+00 
 8.38796000e-03  4.99886205e+00 
 8.38896000e-03  4.99886318e+00 
 8.38996000e-03  4.99886432e+00 
 8.39096000e-03  4.99886545e+00 
 8.39196000e-03  4.99886659e+00 
 8.39296000e-03  4.99886772e+00 
 8.39396000e-03  4.99886885e+00 
 8.39496000e-03  4.99886998e+00 
 8.39596000e-03  4.99887111e+00 
 8.39696000e-03  4.99887224e+00 
 8.39796000e-03  4.99887337e+00 
 8.39896000e-03  4.99887449e+00 
 8.39996000e-03  4.99887562e+00 
 8.40096000e-03  4.99887674e+00 
 8.40196000e-03  4.99887787e+00 
 8.40296000e-03  4.99887899e+00 
 8.40396000e-03  4.99888011e+00 
 8.40496000e-03  4.99888123e+00 
 8.40596000e-03  4.99888235e+00 
 8.40696000e-03  4.99888346e+00 
 8.40796000e-03  4.99888458e+00 
 8.40896000e-03  4.99888569e+00 
 8.40996000e-03  4.99888681e+00 
 8.41096000e-03  4.99888792e+00 
 8.41196000e-03  4.99888903e+00 
 8.41296000e-03  4.99889014e+00 
 8.41396000e-03  4.99889125e+00 
 8.41496000e-03  4.99889236e+00 
 8.41596000e-03  4.99889347e+00 
 8.41696000e-03  4.99889457e+00 
 8.41796000e-03  4.99889568e+00 
 8.41896000e-03  4.99889678e+00 
 8.41996000e-03  4.99889788e+00 
 8.42096000e-03  4.99889898e+00 
 8.42196000e-03  4.99890009e+00 
 8.42296000e-03  4.99890118e+00 
 8.42396000e-03  4.99890228e+00 
 8.42496000e-03  4.99890338e+00 
 8.42596000e-03  4.99890448e+00 
 8.42696000e-03  4.99890557e+00 
 8.42796000e-03  4.99890667e+00 
 8.42896000e-03  4.99890776e+00 
 8.42996000e-03  4.99890885e+00 
 8.43096000e-03  4.99890994e+00 
 8.43196000e-03  4.99891103e+00 
 8.43296000e-03  4.99891212e+00 
 8.43396000e-03  4.99891321e+00 
 8.43496000e-03  4.99891429e+00 
 8.43596000e-03  4.99891538e+00 
 8.43696000e-03  4.99891646e+00 
 8.43796000e-03  4.99891754e+00 
 8.43896000e-03  4.99891863e+00 
 8.43996000e-03  4.99891971e+00 
 8.44096000e-03  4.99892079e+00 
 8.44196000e-03  4.99892187e+00 
 8.44296000e-03  4.99892294e+00 
 8.44396000e-03  4.99892402e+00 
 8.44496000e-03  4.99892509e+00 
 8.44596000e-03  4.99892617e+00 
 8.44696000e-03  4.99892724e+00 
 8.44796000e-03  4.99892831e+00 
 8.44896000e-03  4.99892939e+00 
 8.44996000e-03  4.99893046e+00 
 8.45096000e-03  4.99893152e+00 
 8.45196000e-03  4.99893259e+00 
 8.45296000e-03  4.99893366e+00 
 8.45396000e-03  4.99893473e+00 
 8.45496000e-03  4.99893579e+00 
 8.45596000e-03  4.99893685e+00 
 8.45696000e-03  4.99893792e+00 
 8.45796000e-03  4.99893898e+00 
 8.45896000e-03  4.99894004e+00 
 8.45996000e-03  4.99894110e+00 
 8.46096000e-03  4.99894216e+00 
 8.46196000e-03  4.99894321e+00 
 8.46296000e-03  4.99894427e+00 
 8.46396000e-03  4.99894533e+00 
 8.46496000e-03  4.99894638e+00 
 8.46596000e-03  4.99894743e+00 
 8.46696000e-03  4.99894848e+00 
 8.46796000e-03  4.99894954e+00 
 8.46896000e-03  4.99895059e+00 
 8.46996000e-03  4.99895163e+00 
 8.47096000e-03  4.99895268e+00 
 8.47196000e-03  4.99895373e+00 
 8.47296000e-03  4.99895477e+00 
 8.47396000e-03  4.99895582e+00 
 8.47496000e-03  4.99895686e+00 
 8.47596000e-03  4.99895791e+00 
 8.47696000e-03  4.99895895e+00 
 8.47796000e-03  4.99895999e+00 
 8.47896000e-03  4.99896103e+00 
 8.47996000e-03  4.99896207e+00 
 8.48096000e-03  4.99896310e+00 
 8.48196000e-03  4.99896414e+00 
 8.48296000e-03  4.99896517e+00 
 8.48396000e-03  4.99896621e+00 
 8.48496000e-03  4.99896724e+00 
 8.48596000e-03  4.99896827e+00 
 8.48696000e-03  4.99896931e+00 
 8.48796000e-03  4.99897034e+00 
 8.48896000e-03  4.99897137e+00 
 8.48996000e-03  4.99897239e+00 
 8.49096000e-03  4.99897342e+00 
 8.49196000e-03  4.99897445e+00 
 8.49296000e-03  4.99897547e+00 
 8.49396000e-03  4.99897650e+00 
 8.49496000e-03  4.99897752e+00 
 8.49596000e-03  4.99897854e+00 
 8.49696000e-03  4.99897956e+00 
 8.49796000e-03  4.99898058e+00 
 8.49896000e-03  4.99898160e+00 
 8.49996000e-03  4.99898262e+00 
 8.50096000e-03  4.99898364e+00 
 8.50196000e-03  4.99898465e+00 
 8.50296000e-03  4.99898567e+00 
 8.50396000e-03  4.99898668e+00 
 8.50496000e-03  4.99898769e+00 
 8.50596000e-03  4.99898870e+00 
 8.50696000e-03  4.99898971e+00 
 8.50796000e-03  4.99899072e+00 
 8.50896000e-03  4.99899173e+00 
 8.50996000e-03  4.99899274e+00 
 8.51096000e-03  4.99899375e+00 
 8.51196000e-03  4.99899475e+00 
 8.51296000e-03  4.99899576e+00 
 8.51396000e-03  4.99899676e+00 
 8.51496000e-03  4.99899777e+00 
 8.51596000e-03  4.99899877e+00 
 8.51696000e-03  4.99899977e+00 
 8.51796000e-03  4.99900077e+00 
 8.51896000e-03  4.99900177e+00 
 8.51996000e-03  4.99900276e+00 
 8.52096000e-03  4.99900376e+00 
 8.52196000e-03  4.99900476e+00 
 8.52296000e-03  4.99900575e+00 
 8.52396000e-03  4.99900674e+00 
 8.52496000e-03  4.99900774e+00 
 8.52596000e-03  4.99900873e+00 
 8.52696000e-03  4.99900972e+00 
 8.52796000e-03  4.99901071e+00 
 8.52896000e-03  4.99901170e+00 
 8.52996000e-03  4.99901269e+00 
 8.53096000e-03  4.99901367e+00 
 8.53196000e-03  4.99901466e+00 
 8.53296000e-03  4.99901564e+00 
 8.53396000e-03  4.99901663e+00 
 8.53496000e-03  4.99901761e+00 
 8.53596000e-03  4.99901859e+00 
 8.53696000e-03  4.99901957e+00 
 8.53796000e-03  4.99902055e+00 
 8.53896000e-03  4.99902153e+00 
 8.53996000e-03  4.99902251e+00 
 8.54096000e-03  4.99902349e+00 
 8.54196000e-03  4.99902446e+00 
 8.54296000e-03  4.99902544e+00 
 8.54396000e-03  4.99902641e+00 
 8.54496000e-03  4.99902739e+00 
 8.54596000e-03  4.99902836e+00 
 8.54696000e-03  4.99902933e+00 
 8.54796000e-03  4.99903030e+00 
 8.54896000e-03  4.99903127e+00 
 8.54996000e-03  4.99903224e+00 
 8.55096000e-03  4.99903320e+00 
 8.55196000e-03  4.99903417e+00 
 8.55296000e-03  4.99903514e+00 
 8.55396000e-03  4.99903610e+00 
 8.55496000e-03  4.99903706e+00 
 8.55596000e-03  4.99903803e+00 
 8.55696000e-03  4.99903899e+00 
 8.55796000e-03  4.99903995e+00 
 8.55896000e-03  4.99904091e+00 
 8.55996000e-03  4.99904187e+00 
 8.56096000e-03  4.99904282e+00 
 8.56196000e-03  4.99904378e+00 
 8.56296000e-03  4.99904474e+00 
 8.56396000e-03  4.99904569e+00 
 8.56496000e-03  4.99904664e+00 
 8.56596000e-03  4.99904760e+00 
 8.56696000e-03  4.99904855e+00 
 8.56796000e-03  4.99904950e+00 
 8.56896000e-03  4.99905045e+00 
 8.56996000e-03  4.99905140e+00 
 8.57096000e-03  4.99905235e+00 
 8.57196000e-03  4.99905329e+00 
 8.57296000e-03  4.99905424e+00 
 8.57396000e-03  4.99905519e+00 
 8.57496000e-03  4.99905613e+00 
 8.57596000e-03  4.99905707e+00 
 8.57696000e-03  4.99905802e+00 
 8.57796000e-03  4.99905896e+00 
 8.57896000e-03  4.99905990e+00 
 8.57996000e-03  4.99906084e+00 
 8.58096000e-03  4.99906178e+00 
 8.58196000e-03  4.99906271e+00 
 8.58296000e-03  4.99906365e+00 
 8.58396000e-03  4.99906459e+00 
 8.58496000e-03  4.99906552e+00 
 8.58596000e-03  4.99906646e+00 
 8.58696000e-03  4.99906739e+00 
 8.58796000e-03  4.99906832e+00 
 8.58896000e-03  4.99906925e+00 
 8.58996000e-03  4.99907018e+00 
 8.59096000e-03  4.99907111e+00 
 8.59196000e-03  4.99907204e+00 
 8.59296000e-03  4.99907297e+00 
 8.59396000e-03  4.99907389e+00 
 8.59496000e-03  4.99907482e+00 
 8.59596000e-03  4.99907575e+00 
 8.59696000e-03  4.99907667e+00 
 8.59796000e-03  4.99907759e+00 
 8.59896000e-03  4.99907851e+00 
 8.59996000e-03  4.99907943e+00 
 8.60096000e-03  4.99908035e+00 
 8.60196000e-03  4.99908127e+00 
 8.60296000e-03  4.99908219e+00 
 8.60396000e-03  4.99908311e+00 
 8.60496000e-03  4.99908403e+00 
 8.60596000e-03  4.99908494e+00 
 8.60696000e-03  4.99908586e+00 
 8.60796000e-03  4.99908677e+00 
 8.60896000e-03  4.99908768e+00 
 8.60996000e-03  4.99908859e+00 
 8.61096000e-03  4.99908951e+00 
 8.61196000e-03  4.99909042e+00 
 8.61296000e-03  4.99909132e+00 
 8.61396000e-03  4.99909223e+00 
 8.61496000e-03  4.99909314e+00 
 8.61596000e-03  4.99909405e+00 
 8.61696000e-03  4.99909495e+00 
 8.61796000e-03  4.99909586e+00 
 8.61896000e-03  4.99909676e+00 
 8.61996000e-03  4.99909766e+00 
 8.62096000e-03  4.99909857e+00 
 8.62196000e-03  4.99909947e+00 
 8.62296000e-03  4.99910037e+00 
 8.62396000e-03  4.99910127e+00 
 8.62496000e-03  4.99910216e+00 
 8.62596000e-03  4.99910306e+00 
 8.62696000e-03  4.99910396e+00 
 8.62796000e-03  4.99910485e+00 
 8.62896000e-03  4.99910575e+00 
 8.62996000e-03  4.99910664e+00 
 8.63096000e-03  4.99910753e+00 
 8.63196000e-03  4.99910843e+00 
 8.63296000e-03  4.99910932e+00 
 8.63396000e-03  4.99911021e+00 
 8.63496000e-03  4.99911110e+00 
 8.63596000e-03  4.99911199e+00 
 8.63696000e-03  4.99911287e+00 
 8.63796000e-03  4.99911376e+00 
 8.63896000e-03  4.99911465e+00 
 8.63996000e-03  4.99911553e+00 
 8.64096000e-03  4.99911641e+00 
 8.64196000e-03  4.99911730e+00 
 8.64296000e-03  4.99911818e+00 
 8.64396000e-03  4.99911906e+00 
 8.64496000e-03  4.99911994e+00 
 8.64596000e-03  4.99912082e+00 
 8.64696000e-03  4.99912170e+00 
 8.64796000e-03  4.99912258e+00 
 8.64896000e-03  4.99912346e+00 
 8.64996000e-03  4.99912433e+00 
 8.65096000e-03  4.99912521e+00 
 8.65196000e-03  4.99912608e+00 
 8.65296000e-03  4.99912695e+00 
 8.65396000e-03  4.99912783e+00 
 8.65496000e-03  4.99912870e+00 
 8.65596000e-03  4.99912957e+00 
 8.65696000e-03  4.99913044e+00 
 8.65796000e-03  4.99913131e+00 
 8.65896000e-03  4.99913218e+00 
 8.65996000e-03  4.99913304e+00 
 8.66096000e-03  4.99913391e+00 
 8.66196000e-03  4.99913478e+00 
 8.66296000e-03  4.99913564e+00 
 8.66396000e-03  4.99913651e+00 
 8.66496000e-03  4.99913737e+00 
 8.66596000e-03  4.99913823e+00 
 8.66696000e-03  4.99913909e+00 
 8.66796000e-03  4.99913995e+00 
 8.66896000e-03  4.99914081e+00 
 8.66996000e-03  4.99914167e+00 
 8.67096000e-03  4.99914253e+00 
 8.67196000e-03  4.99914339e+00 
 8.67296000e-03  4.99914424e+00 
 8.67396000e-03  4.99914510e+00 
 8.67496000e-03  4.99914595e+00 
 8.67596000e-03  4.99914681e+00 
 8.67696000e-03  4.99914766e+00 
 8.67796000e-03  4.99914851e+00 
 8.67896000e-03  4.99914936e+00 
 8.67996000e-03  4.99915021e+00 
 8.68096000e-03  4.99915106e+00 
 8.68196000e-03  4.99915191e+00 
 8.68296000e-03  4.99915276e+00 
 8.68396000e-03  4.99915360e+00 
 8.68496000e-03  4.99915445e+00 
 8.68596000e-03  4.99915529e+00 
 8.68696000e-03  4.99915614e+00 
 8.68796000e-03  4.99915698e+00 
 8.68896000e-03  4.99915783e+00 
 8.68996000e-03  4.99915867e+00 
 8.69096000e-03  4.99915951e+00 
 8.69196000e-03  4.99916035e+00 
 8.69296000e-03  4.99916119e+00 
 8.69396000e-03  4.99916203e+00 
 8.69496000e-03  4.99916286e+00 
 8.69596000e-03  4.99916370e+00 
 8.69696000e-03  4.99916454e+00 
 8.69796000e-03  4.99916537e+00 
 8.69896000e-03  4.99916620e+00 
 8.69996000e-03  4.99916704e+00 
 8.70096000e-03  4.99916787e+00 
 8.70196000e-03  4.99916870e+00 
 8.70296000e-03  4.99916953e+00 
 8.70396000e-03  4.99917036e+00 
 8.70496000e-03  4.99917119e+00 
 8.70596000e-03  4.99917202e+00 
 8.70696000e-03  4.99917285e+00 
 8.70796000e-03  4.99917368e+00 
 8.70896000e-03  4.99917450e+00 
 8.70996000e-03  4.99917533e+00 
 8.71096000e-03  4.99917615e+00 
 8.71196000e-03  4.99917697e+00 
 8.71296000e-03  4.99917780e+00 
 8.71396000e-03  4.99917862e+00 
 8.71496000e-03  4.99917944e+00 
 8.71596000e-03  4.99918026e+00 
 8.71696000e-03  4.99918108e+00 
 8.71796000e-03  4.99918190e+00 
 8.71896000e-03  4.99918272e+00 
 8.71996000e-03  4.99918353e+00 
 8.72096000e-03  4.99918435e+00 
 8.72196000e-03  4.99918516e+00 
 8.72296000e-03  4.99918598e+00 
 8.72396000e-03  4.99918679e+00 
 8.72496000e-03  4.99918760e+00 
 8.72596000e-03  4.99918842e+00 
 8.72696000e-03  4.99918923e+00 
 8.72796000e-03  4.99919004e+00 
 8.72896000e-03  4.99919085e+00 
 8.72996000e-03  4.99919166e+00 
 8.73096000e-03  4.99919246e+00 
 8.73196000e-03  4.99919327e+00 
 8.73296000e-03  4.99919408e+00 
 8.73396000e-03  4.99919488e+00 
 8.73496000e-03  4.99919569e+00 
 8.73596000e-03  4.99919649e+00 
 8.73696000e-03  4.99919729e+00 
 8.73796000e-03  4.99919810e+00 
 8.73896000e-03  4.99919890e+00 
 8.73996000e-03  4.99919970e+00 
 8.74096000e-03  4.99920050e+00 
 8.74196000e-03  4.99920130e+00 
 8.74296000e-03  4.99920210e+00 
 8.74396000e-03  4.99920289e+00 
 8.74496000e-03  4.99920369e+00 
 8.74596000e-03  4.99920449e+00 
 8.74696000e-03  4.99920528e+00 
 8.74796000e-03  4.99920608e+00 
 8.74896000e-03  4.99920687e+00 
 8.74996000e-03  4.99920766e+00 
 8.75096000e-03  4.99920845e+00 
 8.75196000e-03  4.99920925e+00 
 8.75296000e-03  4.99921004e+00 
 8.75396000e-03  4.99921083e+00 
 8.75496000e-03  4.99921161e+00 
 8.75596000e-03  4.99921240e+00 
 8.75696000e-03  4.99921319e+00 
 8.75796000e-03  4.99921398e+00 
 8.75896000e-03  4.99921476e+00 
 8.75996000e-03  4.99921555e+00 
 8.76096000e-03  4.99921633e+00 
 8.76196000e-03  4.99921711e+00 
 8.76296000e-03  4.99921790e+00 
 8.76396000e-03  4.99921868e+00 
 8.76496000e-03  4.99921946e+00 
 8.76596000e-03  4.99922024e+00 
 8.76696000e-03  4.99922102e+00 
 8.76796000e-03  4.99922180e+00 
 8.76896000e-03  4.99922257e+00 
 8.76996000e-03  4.99922335e+00 
 8.77096000e-03  4.99922413e+00 
 8.77196000e-03  4.99922490e+00 
 8.77296000e-03  4.99922568e+00 
 8.77396000e-03  4.99922645e+00 
 8.77496000e-03  4.99922723e+00 
 8.77596000e-03  4.99922800e+00 
 8.77696000e-03  4.99922877e+00 
 8.77796000e-03  4.99922954e+00 
 8.77896000e-03  4.99923031e+00 
 8.77996000e-03  4.99923108e+00 
 8.78096000e-03  4.99923185e+00 
 8.78196000e-03  4.99923262e+00 
 8.78296000e-03  4.99923338e+00 
 8.78396000e-03  4.99923415e+00 
 8.78496000e-03  4.99923491e+00 
 8.78596000e-03  4.99923568e+00 
 8.78696000e-03  4.99923644e+00 
 8.78796000e-03  4.99923721e+00 
 8.78896000e-03  4.99923797e+00 
 8.78996000e-03  4.99923873e+00 
 8.79096000e-03  4.99923949e+00 
 8.79196000e-03  4.99924025e+00 
 8.79296000e-03  4.99924101e+00 
 8.79396000e-03  4.99924177e+00 
 8.79496000e-03  4.99924253e+00 
 8.79596000e-03  4.99924328e+00 
 8.79696000e-03  4.99924404e+00 
 8.79796000e-03  4.99924480e+00 
 8.79896000e-03  4.99924555e+00 
 8.79996000e-03  4.99924631e+00 
 8.80096000e-03  4.99924706e+00 
 8.80196000e-03  4.99924781e+00 
 8.80296000e-03  4.99924856e+00 
 8.80396000e-03  4.99924931e+00 
 8.80496000e-03  4.99925006e+00 
 8.80596000e-03  4.99925081e+00 
 8.80696000e-03  4.99925156e+00 
 8.80796000e-03  4.99925231e+00 
 8.80896000e-03  4.99925306e+00 
 8.80996000e-03  4.99925380e+00 
 8.81096000e-03  4.99925455e+00 
 8.81196000e-03  4.99925530e+00 
 8.81296000e-03  4.99925604e+00 
 8.81396000e-03  4.99925678e+00 
 8.81496000e-03  4.99925753e+00 
 8.81596000e-03  4.99925827e+00 
 8.81696000e-03  4.99925901e+00 
 8.81796000e-03  4.99925975e+00 
 8.81896000e-03  4.99926049e+00 
 8.81996000e-03  4.99926123e+00 
 8.82096000e-03  4.99926197e+00 
 8.82196000e-03  4.99926271e+00 
 8.82296000e-03  4.99926344e+00 
 8.82396000e-03  4.99926418e+00 
 8.82496000e-03  4.99926491e+00 
 8.82596000e-03  4.99926565e+00 
 8.82696000e-03  4.99926638e+00 
 8.82796000e-03  4.99926712e+00 
 8.82896000e-03  4.99926785e+00 
 8.82996000e-03  4.99926858e+00 
 8.83096000e-03  4.99926931e+00 
 8.83196000e-03  4.99927004e+00 
 8.83296000e-03  4.99927077e+00 
 8.83396000e-03  4.99927150e+00 
 8.83496000e-03  4.99927223e+00 
 8.83596000e-03  4.99927296e+00 
 8.83696000e-03  4.99927368e+00 
 8.83796000e-03  4.99927441e+00 
 8.83896000e-03  4.99927513e+00 
 8.83996000e-03  4.99927586e+00 
 8.84096000e-03  4.99927658e+00 
 8.84196000e-03  4.99927730e+00 
 8.84296000e-03  4.99927803e+00 
 8.84396000e-03  4.99927875e+00 
 8.84496000e-03  4.99927947e+00 
 8.84596000e-03  4.99928019e+00 
 8.84696000e-03  4.99928091e+00 
 8.84796000e-03  4.99928163e+00 
 8.84896000e-03  4.99928235e+00 
 8.84996000e-03  4.99928306e+00 
 8.85096000e-03  4.99928378e+00 
 8.85196000e-03  4.99928450e+00 
 8.85296000e-03  4.99928521e+00 
 8.85396000e-03  4.99928593e+00 
 8.85496000e-03  4.99928664e+00 
 8.85596000e-03  4.99928735e+00 
 8.85696000e-03  4.99928806e+00 
 8.85796000e-03  4.99928878e+00 
 8.85896000e-03  4.99928949e+00 
 8.85996000e-03  4.99929020e+00 
 8.86096000e-03  4.99929091e+00 
 8.86196000e-03  4.99929161e+00 
 8.86296000e-03  4.99929232e+00 
 8.86396000e-03  4.99929303e+00 
 8.86496000e-03  4.99929374e+00 
 8.86596000e-03  4.99929444e+00 
 8.86696000e-03  4.99929515e+00 
 8.86796000e-03  4.99929585e+00 
 8.86896000e-03  4.99929656e+00 
 8.86996000e-03  4.99929726e+00 
 8.87096000e-03  4.99929796e+00 
 8.87196000e-03  4.99929866e+00 
 8.87296000e-03  4.99929936e+00 
 8.87396000e-03  4.99930006e+00 
 8.87496000e-03  4.99930076e+00 
 8.87596000e-03  4.99930146e+00 
 8.87696000e-03  4.99930216e+00 
 8.87796000e-03  4.99930286e+00 
 8.87896000e-03  4.99930356e+00 
 8.87996000e-03  4.99930425e+00 
 8.88096000e-03  4.99930495e+00 
 8.88196000e-03  4.99930564e+00 
 8.88296000e-03  4.99930634e+00 
 8.88396000e-03  4.99930703e+00 
 8.88496000e-03  4.99930772e+00 
 8.88596000e-03  4.99930841e+00 
 8.88696000e-03  4.99930911e+00 
 8.88796000e-03  4.99930980e+00 
 8.88896000e-03  4.99931049e+00 
 8.88996000e-03  4.99931117e+00 
 8.89096000e-03  4.99931186e+00 
 8.89196000e-03  4.99931255e+00 
 8.89296000e-03  4.99931324e+00 
 8.89396000e-03  4.99931392e+00 
 8.89496000e-03  4.99931461e+00 
 8.89596000e-03  4.99931530e+00 
 8.89696000e-03  4.99931598e+00 
 8.89796000e-03  4.99931666e+00 
 8.89896000e-03  4.99931735e+00 
 8.89996000e-03  4.99931803e+00 
 8.90096000e-03  4.99931871e+00 
 8.90196000e-03  4.99931939e+00 
 8.90296000e-03  4.99932007e+00 
 8.90396000e-03  4.99932075e+00 
 8.90496000e-03  4.99932143e+00 
 8.90596000e-03  4.99932211e+00 
 8.90696000e-03  4.99932279e+00 
 8.90796000e-03  4.99932346e+00 
 8.90896000e-03  4.99932414e+00 
 8.90996000e-03  4.99932481e+00 
 8.91096000e-03  4.99932549e+00 
 8.91196000e-03  4.99932616e+00 
 8.91296000e-03  4.99932684e+00 
 8.91396000e-03  4.99932751e+00 
 8.91496000e-03  4.99932818e+00 
 8.91596000e-03  4.99932885e+00 
 8.91696000e-03  4.99932952e+00 
 8.91796000e-03  4.99933019e+00 
 8.91896000e-03  4.99933086e+00 
 8.91996000e-03  4.99933153e+00 
 8.92096000e-03  4.99933220e+00 
 8.92196000e-03  4.99933287e+00 
 8.92296000e-03  4.99933353e+00 
 8.92396000e-03  4.99933420e+00 
 8.92496000e-03  4.99933487e+00 
 8.92596000e-03  4.99933553e+00 
 8.92696000e-03  4.99933620e+00 
 8.92796000e-03  4.99933686e+00 
 8.92896000e-03  4.99933752e+00 
 8.92996000e-03  4.99933818e+00 
 8.93096000e-03  4.99933885e+00 
 8.93196000e-03  4.99933951e+00 
 8.93296000e-03  4.99934017e+00 
 8.93396000e-03  4.99934083e+00 
 8.93496000e-03  4.99934148e+00 
 8.93596000e-03  4.99934214e+00 
 8.93696000e-03  4.99934280e+00 
 8.93796000e-03  4.99934346e+00 
 8.93896000e-03  4.99934411e+00 
 8.93996000e-03  4.99934477e+00 
 8.94096000e-03  4.99934542e+00 
 8.94196000e-03  4.99934608e+00 
 8.94296000e-03  4.99934673e+00 
 8.94396000e-03  4.99934738e+00 
 8.94496000e-03  4.99934804e+00 
 8.94596000e-03  4.99934869e+00 
 8.94696000e-03  4.99934934e+00 
 8.94796000e-03  4.99934999e+00 
 8.94896000e-03  4.99935064e+00 
 8.94996000e-03  4.99935129e+00 
 8.95096000e-03  4.99935194e+00 
 8.95196000e-03  4.99935258e+00 
 8.95296000e-03  4.99935323e+00 
 8.95396000e-03  4.99935388e+00 
 8.95496000e-03  4.99935452e+00 
 8.95596000e-03  4.99935517e+00 
 8.95696000e-03  4.99935581e+00 
 8.95796000e-03  4.99935646e+00 
 8.95896000e-03  4.99935710e+00 
 8.95996000e-03  4.99935774e+00 
 8.96096000e-03  4.99935839e+00 
 8.96196000e-03  4.99935903e+00 
 8.96296000e-03  4.99935967e+00 
 8.96396000e-03  4.99936031e+00 
 8.96496000e-03  4.99936095e+00 
 8.96596000e-03  4.99936159e+00 
 8.96696000e-03  4.99936222e+00 
 8.96796000e-03  4.99936286e+00 
 8.96896000e-03  4.99936350e+00 
 8.96996000e-03  4.99936413e+00 
 8.97096000e-03  4.99936477e+00 
 8.97196000e-03  4.99936540e+00 
 8.97296000e-03  4.99936604e+00 
 8.97396000e-03  4.99936667e+00 
 8.97496000e-03  4.99936731e+00 
 8.97596000e-03  4.99936794e+00 
 8.97696000e-03  4.99936857e+00 
 8.97796000e-03  4.99936920e+00 
 8.97896000e-03  4.99936983e+00 
 8.97996000e-03  4.99937046e+00 
 8.98096000e-03  4.99937109e+00 
 8.98196000e-03  4.99937172e+00 
 8.98296000e-03  4.99937235e+00 
 8.98396000e-03  4.99937297e+00 
 8.98496000e-03  4.99937360e+00 
 8.98596000e-03  4.99937423e+00 
 8.98696000e-03  4.99937485e+00 
 8.98796000e-03  4.99937548e+00 
 8.98896000e-03  4.99937610e+00 
 8.98996000e-03  4.99937673e+00 
 8.99096000e-03  4.99937735e+00 
 8.99196000e-03  4.99937797e+00 
 8.99296000e-03  4.99937859e+00 
 8.99396000e-03  4.99937921e+00 
 8.99496000e-03  4.99937983e+00 
 8.99596000e-03  4.99938045e+00 
 8.99696000e-03  4.99938107e+00 
 8.99796000e-03  4.99938169e+00 
 8.99896000e-03  4.99938231e+00 
 8.99996000e-03  4.99938293e+00 
 9.00096000e-03  4.99938354e+00 
 9.00196000e-03  4.99938416e+00 
 9.00296000e-03  4.99938478e+00 
 9.00396000e-03  4.99938539e+00 
 9.00496000e-03  4.99938600e+00 
 9.00596000e-03  4.99938662e+00 
 9.00696000e-03  4.99938723e+00 
 9.00796000e-03  4.99938784e+00 
 9.00896000e-03  4.99938846e+00 
 9.00996000e-03  4.99938907e+00 
 9.01096000e-03  4.99938968e+00 
 9.01196000e-03  4.99939029e+00 
 9.01296000e-03  4.99939090e+00 
 9.01396000e-03  4.99939151e+00 
 9.01496000e-03  4.99939211e+00 
 9.01596000e-03  4.99939272e+00 
 9.01696000e-03  4.99939333e+00 
 9.01796000e-03  4.99939393e+00 
 9.01896000e-03  4.99939454e+00 
 9.01996000e-03  4.99939515e+00 
 9.02096000e-03  4.99939575e+00 
 9.02196000e-03  4.99939635e+00 
 9.02296000e-03  4.99939696e+00 
 9.02396000e-03  4.99939756e+00 
 9.02496000e-03  4.99939816e+00 
 9.02596000e-03  4.99939876e+00 
 9.02696000e-03  4.99939936e+00 
 9.02796000e-03  4.99939997e+00 
 9.02896000e-03  4.99940056e+00 
 9.02996000e-03  4.99940116e+00 
 9.03096000e-03  4.99940176e+00 
 9.03196000e-03  4.99940236e+00 
 9.03296000e-03  4.99940296e+00 
 9.03396000e-03  4.99940355e+00 
 9.03496000e-03  4.99940415e+00 
 9.03596000e-03  4.99940475e+00 
 9.03696000e-03  4.99940534e+00 
 9.03796000e-03  4.99940594e+00 
 9.03896000e-03  4.99940653e+00 
 9.03996000e-03  4.99940712e+00 
 9.04096000e-03  4.99940772e+00 
 9.04196000e-03  4.99940831e+00 
 9.04296000e-03  4.99940890e+00 
 9.04396000e-03  4.99940949e+00 
 9.04496000e-03  4.99941008e+00 
 9.04596000e-03  4.99941067e+00 
 9.04696000e-03  4.99941126e+00 
 9.04796000e-03  4.99941185e+00 
 9.04896000e-03  4.99941243e+00 
 9.04996000e-03  4.99941302e+00 
 9.05096000e-03  4.99941361e+00 
 9.05196000e-03  4.99941419e+00 
 9.05296000e-03  4.99941478e+00 
 9.05396000e-03  4.99941537e+00 
 9.05496000e-03  4.99941595e+00 
 9.05596000e-03  4.99941653e+00 
 9.05696000e-03  4.99941712e+00 
 9.05796000e-03  4.99941770e+00 
 9.05896000e-03  4.99941828e+00 
 9.05996000e-03  4.99941886e+00 
 9.06096000e-03  4.99941944e+00 
 9.06196000e-03  4.99942002e+00 
 9.06296000e-03  4.99942060e+00 
 9.06396000e-03  4.99942118e+00 
 9.06496000e-03  4.99942176e+00 
 9.06596000e-03  4.99942234e+00 
 9.06696000e-03  4.99942292e+00 
 9.06796000e-03  4.99942349e+00 
 9.06896000e-03  4.99942407e+00 
 9.06996000e-03  4.99942464e+00 
 9.07096000e-03  4.99942522e+00 
 9.07196000e-03  4.99942579e+00 
 9.07296000e-03  4.99942637e+00 
 9.07396000e-03  4.99942694e+00 
 9.07496000e-03  4.99942751e+00 
 9.07596000e-03  4.99942809e+00 
 9.07696000e-03  4.99942866e+00 
 9.07796000e-03  4.99942923e+00 
 9.07896000e-03  4.99942980e+00 
 9.07996000e-03  4.99943037e+00 
 9.08096000e-03  4.99943094e+00 
 9.08196000e-03  4.99943151e+00 
 9.08296000e-03  4.99943208e+00 
 9.08396000e-03  4.99943264e+00 
 9.08496000e-03  4.99943321e+00 
 9.08596000e-03  4.99943378e+00 
 9.08696000e-03  4.99943434e+00 
 9.08796000e-03  4.99943491e+00 
 9.08896000e-03  4.99943547e+00 
 9.08996000e-03  4.99943604e+00 
 9.09096000e-03  4.99943660e+00 
 9.09196000e-03  4.99943716e+00 
 9.09296000e-03  4.99943773e+00 
 9.09396000e-03  4.99943829e+00 
 9.09496000e-03  4.99943885e+00 
 9.09596000e-03  4.99943941e+00 
 9.09696000e-03  4.99943997e+00 
 9.09796000e-03  4.99944053e+00 
 9.09896000e-03  4.99944109e+00 
 9.09996000e-03  4.99944165e+00 
 9.10096000e-03  4.99944221e+00 
 9.10196000e-03  4.99944276e+00 
 9.10296000e-03  4.99944332e+00 
 9.10396000e-03  4.99944388e+00 
 9.10496000e-03  4.99944443e+00 
 9.10596000e-03  4.99944499e+00 
 9.10696000e-03  4.99944554e+00 
 9.10796000e-03  4.99944610e+00 
 9.10896000e-03  4.99944665e+00 
 9.10996000e-03  4.99944720e+00 
 9.11096000e-03  4.99944776e+00 
 9.11196000e-03  4.99944831e+00 
 9.11296000e-03  4.99944886e+00 
 9.11396000e-03  4.99944941e+00 
 9.11496000e-03  4.99944996e+00 
 9.11596000e-03  4.99945051e+00 
 9.11696000e-03  4.99945106e+00 
 9.11796000e-03  4.99945161e+00 
 9.11896000e-03  4.99945216e+00 
 9.11996000e-03  4.99945271e+00 
 9.12096000e-03  4.99945325e+00 
 9.12196000e-03  4.99945380e+00 
 9.12296000e-03  4.99945434e+00 
 9.12396000e-03  4.99945489e+00 
 9.12496000e-03  4.99945543e+00 
 9.12596000e-03  4.99945598e+00 
 9.12696000e-03  4.99945652e+00 
 9.12796000e-03  4.99945707e+00 
 9.12896000e-03  4.99945761e+00 
 9.12996000e-03  4.99945815e+00 
 9.13096000e-03  4.99945869e+00 
 9.13196000e-03  4.99945923e+00 
 9.13296000e-03  4.99945977e+00 
 9.13396000e-03  4.99946031e+00 
 9.13496000e-03  4.99946085e+00 
 9.13596000e-03  4.99946139e+00 
 9.13696000e-03  4.99946193e+00 
 9.13796000e-03  4.99946247e+00 
 9.13896000e-03  4.99946301e+00 
 9.13996000e-03  4.99946354e+00 
 9.14096000e-03  4.99946408e+00 
 9.14196000e-03  4.99946461e+00 
 9.14296000e-03  4.99946515e+00 
 9.14396000e-03  4.99946568e+00 
 9.14496000e-03  4.99946622e+00 
 9.14596000e-03  4.99946675e+00 
 9.14696000e-03  4.99946728e+00 
 9.14796000e-03  4.99946782e+00 
 9.14896000e-03  4.99946835e+00 
 9.14996000e-03  4.99946888e+00 
 9.15096000e-03  4.99946941e+00 
 9.15196000e-03  4.99946994e+00 
 9.15296000e-03  4.99947047e+00 
 9.15396000e-03  4.99947100e+00 
 9.15496000e-03  4.99947153e+00 
 9.15596000e-03  4.99947206e+00 
 9.15696000e-03  4.99947259e+00 
 9.15796000e-03  4.99947311e+00 
 9.15896000e-03  4.99947364e+00 
 9.15996000e-03  4.99947416e+00 
 9.16096000e-03  4.99947469e+00 
 9.16196000e-03  4.99947522e+00 
 9.16296000e-03  4.99947574e+00 
 9.16396000e-03  4.99947626e+00 
 9.16496000e-03  4.99947679e+00 
 9.16596000e-03  4.99947731e+00 
 9.16696000e-03  4.99947783e+00 
 9.16796000e-03  4.99947835e+00 
 9.16896000e-03  4.99947888e+00 
 9.16996000e-03  4.99947940e+00 
 9.17096000e-03  4.99947992e+00 
 9.17196000e-03  4.99948044e+00 
 9.17296000e-03  4.99948096e+00 
 9.17396000e-03  4.99948148e+00 
 9.17496000e-03  4.99948199e+00 
 9.17596000e-03  4.99948251e+00 
 9.17696000e-03  4.99948303e+00 
 9.17796000e-03  4.99948355e+00 
 9.17896000e-03  4.99948406e+00 
 9.17996000e-03  4.99948458e+00 
 9.18096000e-03  4.99948509e+00 
 9.18196000e-03  4.99948561e+00 
 9.18296000e-03  4.99948612e+00 
 9.18396000e-03  4.99948663e+00 
 9.18496000e-03  4.99948715e+00 
 9.18596000e-03  4.99948766e+00 
 9.18696000e-03  4.99948817e+00 
 9.18796000e-03  4.99948868e+00 
 9.18896000e-03  4.99948920e+00 
 9.18996000e-03  4.99948971e+00 
 9.19096000e-03  4.99949022e+00 
 9.19196000e-03  4.99949073e+00 
 9.19296000e-03  4.99949123e+00 
 9.19396000e-03  4.99949174e+00 
 9.19496000e-03  4.99949225e+00 
 9.19596000e-03  4.99949276e+00 
 9.19696000e-03  4.99949327e+00 
 9.19796000e-03  4.99949377e+00 
 9.19896000e-03  4.99949428e+00 
 9.19996000e-03  4.99949478e+00 
 9.20096000e-03  4.99949529e+00 
 9.20196000e-03  4.99949579e+00 
 9.20296000e-03  4.99949630e+00 
 9.20396000e-03  4.99949680e+00 
 9.20496000e-03  4.99949730e+00 
 9.20596000e-03  4.99949781e+00 
 9.20696000e-03  4.99949831e+00 
 9.20796000e-03  4.99949881e+00 
 9.20896000e-03  4.99949931e+00 
 9.20996000e-03  4.99949981e+00 
 9.21096000e-03  4.99950031e+00 
 9.21196000e-03  4.99950081e+00 
 9.21296000e-03  4.99950131e+00 
 9.21396000e-03  4.99950181e+00 
 9.21496000e-03  4.99950230e+00 
 9.21596000e-03  4.99950280e+00 
 9.21696000e-03  4.99950330e+00 
 9.21796000e-03  4.99950380e+00 
 9.21896000e-03  4.99950429e+00 
 9.21996000e-03  4.99950479e+00 
 9.22096000e-03  4.99950528e+00 
 9.22196000e-03  4.99950578e+00 
 9.22296000e-03  4.99950627e+00 
 9.22396000e-03  4.99950676e+00 
 9.22496000e-03  4.99950726e+00 
 9.22596000e-03  4.99950775e+00 
 9.22696000e-03  4.99950824e+00 
 9.22796000e-03  4.99950873e+00 
 9.22896000e-03  4.99950922e+00 
 9.22996000e-03  4.99950971e+00 
 9.23096000e-03  4.99951020e+00 
 9.23196000e-03  4.99951069e+00 
 9.23296000e-03  4.99951118e+00 
 9.23396000e-03  4.99951167e+00 
 9.23496000e-03  4.99951216e+00 
 9.23596000e-03  4.99951265e+00 
 9.23696000e-03  4.99951313e+00 
 9.23796000e-03  4.99951362e+00 
 9.23896000e-03  4.99951411e+00 
 9.23996000e-03  4.99951459e+00 
 9.24096000e-03  4.99951508e+00 
 9.24196000e-03  4.99951556e+00 
 9.24296000e-03  4.99951605e+00 
 9.24396000e-03  4.99951653e+00 
 9.24496000e-03  4.99951701e+00 
 9.24596000e-03  4.99951750e+00 
 9.24696000e-03  4.99951798e+00 
 9.24796000e-03  4.99951846e+00 
 9.24896000e-03  4.99951894e+00 
 9.24996000e-03  4.99951942e+00 
 9.25096000e-03  4.99951990e+00 
 9.25196000e-03  4.99952038e+00 
 9.25296000e-03  4.99952086e+00 
 9.25396000e-03  4.99952134e+00 
 9.25496000e-03  4.99952182e+00 
 9.25596000e-03  4.99952230e+00 
 9.25696000e-03  4.99952278e+00 
 9.25796000e-03  4.99952325e+00 
 9.25896000e-03  4.99952373e+00 
 9.25996000e-03  4.99952420e+00 
 9.26096000e-03  4.99952468e+00 
 9.26196000e-03  4.99952516e+00 
 9.26296000e-03  4.99952563e+00 
 9.26396000e-03  4.99952610e+00 
 9.26496000e-03  4.99952658e+00 
 9.26596000e-03  4.99952705e+00 
 9.26696000e-03  4.99952752e+00 
 9.26796000e-03  4.99952800e+00 
 9.26896000e-03  4.99952847e+00 
 9.26996000e-03  4.99952894e+00 
 9.27096000e-03  4.99952941e+00 
 9.27196000e-03  4.99952988e+00 
 9.27296000e-03  4.99953035e+00 
 9.27396000e-03  4.99953082e+00 
 9.27496000e-03  4.99953129e+00 
 9.27596000e-03  4.99953176e+00 
 9.27696000e-03  4.99953222e+00 
 9.27796000e-03  4.99953269e+00 
 9.27896000e-03  4.99953316e+00 
 9.27996000e-03  4.99953363e+00 
 9.28096000e-03  4.99953409e+00 
 9.28196000e-03  4.99953456e+00 
 9.28296000e-03  4.99953502e+00 
 9.28396000e-03  4.99953549e+00 
 9.28496000e-03  4.99953595e+00 
 9.28596000e-03  4.99953642e+00 
 9.28696000e-03  4.99953688e+00 
 9.28796000e-03  4.99953734e+00 
 9.28896000e-03  4.99953780e+00 
 9.28996000e-03  4.99953827e+00 
 9.29096000e-03  4.99953873e+00 
 9.29196000e-03  4.99953919e+00 
 9.29296000e-03  4.99953965e+00 
 9.29396000e-03  4.99954011e+00 
 9.29496000e-03  4.99954057e+00 
 9.29596000e-03  4.99954103e+00 
 9.29696000e-03  4.99954149e+00 
 9.29796000e-03  4.99954195e+00 
 9.29896000e-03  4.99954240e+00 
 9.29996000e-03  4.99954286e+00 
 9.30096000e-03  4.99954332e+00 
 9.30196000e-03  4.99954377e+00 
 9.30296000e-03  4.99954423e+00 
 9.30396000e-03  4.99954469e+00 
 9.30496000e-03  4.99954514e+00 
 9.30596000e-03  4.99954560e+00 
 9.30696000e-03  4.99954605e+00 
 9.30796000e-03  4.99954650e+00 
 9.30896000e-03  4.99954696e+00 
 9.30996000e-03  4.99954741e+00 
 9.31096000e-03  4.99954786e+00 
 9.31196000e-03  4.99954831e+00 
 9.31296000e-03  4.99954877e+00 
 9.31396000e-03  4.99954922e+00 
 9.31496000e-03  4.99954967e+00 
 9.31596000e-03  4.99955012e+00 
 9.31696000e-03  4.99955057e+00 
 9.31796000e-03  4.99955102e+00 
 9.31896000e-03  4.99955146e+00 
 9.31996000e-03  4.99955191e+00 
 9.32096000e-03  4.99955236e+00 
 9.32196000e-03  4.99955281e+00 
 9.32296000e-03  4.99955326e+00 
 9.32396000e-03  4.99955370e+00 
 9.32496000e-03  4.99955415e+00 
 9.32596000e-03  4.99955459e+00 
 9.32696000e-03  4.99955504e+00 
 9.32796000e-03  4.99955548e+00 
 9.32896000e-03  4.99955593e+00 
 9.32996000e-03  4.99955637e+00 
 9.33096000e-03  4.99955681e+00 
 9.33196000e-03  4.99955726e+00 
 9.33296000e-03  4.99955770e+00 
 9.33396000e-03  4.99955814e+00 
 9.33496000e-03  4.99955858e+00 
 9.33596000e-03  4.99955903e+00 
 9.33696000e-03  4.99955947e+00 
 9.33796000e-03  4.99955991e+00 
 9.33896000e-03  4.99956035e+00 
 9.33996000e-03  4.99956079e+00 
 9.34096000e-03  4.99956122e+00 
 9.34196000e-03  4.99956166e+00 
 9.34296000e-03  4.99956210e+00 
 9.34396000e-03  4.99956254e+00 
 9.34496000e-03  4.99956298e+00 
 9.34596000e-03  4.99956341e+00 
 9.34696000e-03  4.99956385e+00 
 9.34796000e-03  4.99956429e+00 
 9.34896000e-03  4.99956472e+00 
 9.34996000e-03  4.99956516e+00 
 9.35096000e-03  4.99956559e+00 
 9.35196000e-03  4.99956602e+00 
 9.35296000e-03  4.99956646e+00 
 9.35396000e-03  4.99956689e+00 
 9.35496000e-03  4.99956732e+00 
 9.35596000e-03  4.99956776e+00 
 9.35696000e-03  4.99956819e+00 
 9.35796000e-03  4.99956862e+00 
 9.35896000e-03  4.99956905e+00 
 9.35996000e-03  4.99956948e+00 
 9.36096000e-03  4.99956991e+00 
 9.36196000e-03  4.99957034e+00 
 9.36296000e-03  4.99957077e+00 
 9.36396000e-03  4.99957120e+00 
 9.36496000e-03  4.99957163e+00 
 9.36596000e-03  4.99957206e+00 
 9.36696000e-03  4.99957249e+00 
 9.36796000e-03  4.99957291e+00 
 9.36896000e-03  4.99957334e+00 
 9.36996000e-03  4.99957377e+00 
 9.37096000e-03  4.99957419e+00 
 9.37196000e-03  4.99957462e+00 
 9.37296000e-03  4.99957504e+00 
 9.37396000e-03  4.99957547e+00 
 9.37496000e-03  4.99957589e+00 
 9.37596000e-03  4.99957632e+00 
 9.37696000e-03  4.99957674e+00 
 9.37796000e-03  4.99957716e+00 
 9.37896000e-03  4.99957759e+00 
 9.37996000e-03  4.99957801e+00 
 9.38096000e-03  4.99957843e+00 
 9.38196000e-03  4.99957885e+00 
 9.38296000e-03  4.99957927e+00 
 9.38396000e-03  4.99957969e+00 
 9.38496000e-03  4.99958011e+00 
 9.38596000e-03  4.99958053e+00 
 9.38696000e-03  4.99958095e+00 
 9.38796000e-03  4.99958137e+00 
 9.38896000e-03  4.99958179e+00 
 9.38996000e-03  4.99958221e+00 
 9.39096000e-03  4.99958262e+00 
 9.39196000e-03  4.99958304e+00 
 9.39296000e-03  4.99958346e+00 
 9.39396000e-03  4.99958387e+00 
 9.39496000e-03  4.99958429e+00 
 9.39596000e-03  4.99958471e+00 
 9.39696000e-03  4.99958512e+00 
 9.39796000e-03  4.99958554e+00 
 9.39896000e-03  4.99958595e+00 
 9.39996000e-03  4.99958636e+00 
 9.40096000e-03  4.99958678e+00 
 9.40196000e-03  4.99958719e+00 
 9.40296000e-03  4.99958760e+00 
 9.40396000e-03  4.99958801e+00 
 9.40496000e-03  4.99958843e+00 
 9.40596000e-03  4.99958884e+00 
 9.40696000e-03  4.99958925e+00 
 9.40796000e-03  4.99958966e+00 
 9.40896000e-03  4.99959007e+00 
 9.40996000e-03  4.99959048e+00 
 9.41096000e-03  4.99959089e+00 
 9.41196000e-03  4.99959130e+00 
 9.41296000e-03  4.99959171e+00 
 9.41396000e-03  4.99959211e+00 
 9.41496000e-03  4.99959252e+00 
 9.41596000e-03  4.99959293e+00 
 9.41696000e-03  4.99959334e+00 
 9.41796000e-03  4.99959374e+00 
 9.41896000e-03  4.99959415e+00 
 9.41996000e-03  4.99959455e+00 
 9.42096000e-03  4.99959496e+00 
 9.42196000e-03  4.99959536e+00 
 9.42296000e-03  4.99959577e+00 
 9.42396000e-03  4.99959617e+00 
 9.42496000e-03  4.99959658e+00 
 9.42596000e-03  4.99959698e+00 
 9.42696000e-03  4.99959738e+00 
 9.42796000e-03  4.99959778e+00 
 9.42896000e-03  4.99959819e+00 
 9.42996000e-03  4.99959859e+00 
 9.43096000e-03  4.99959899e+00 
 9.43196000e-03  4.99959939e+00 
 9.43296000e-03  4.99959979e+00 
 9.43396000e-03  4.99960019e+00 
 9.43496000e-03  4.99960059e+00 
 9.43596000e-03  4.99960099e+00 
 9.43696000e-03  4.99960139e+00 
 9.43796000e-03  4.99960179e+00 
 9.43896000e-03  4.99960218e+00 
 9.43996000e-03  4.99960258e+00 
 9.44096000e-03  4.99960298e+00 
 9.44196000e-03  4.99960338e+00 
 9.44296000e-03  4.99960377e+00 
 9.44396000e-03  4.99960417e+00 
 9.44496000e-03  4.99960456e+00 
 9.44596000e-03  4.99960496e+00 
 9.44696000e-03  4.99960535e+00 
 9.44796000e-03  4.99960575e+00 
 9.44896000e-03  4.99960614e+00 
 9.44996000e-03  4.99960654e+00 
 9.45096000e-03  4.99960693e+00 
 9.45196000e-03  4.99960732e+00 
 9.45296000e-03  4.99960772e+00 
 9.45396000e-03  4.99960811e+00 
 9.45496000e-03  4.99960850e+00 
 9.45596000e-03  4.99960889e+00 
 9.45696000e-03  4.99960928e+00 
 9.45796000e-03  4.99960967e+00 
 9.45896000e-03  4.99961006e+00 
 9.45996000e-03  4.99961045e+00 
 9.46096000e-03  4.99961084e+00 
 9.46196000e-03  4.99961123e+00 
 9.46296000e-03  4.99961162e+00 
 9.46396000e-03  4.99961201e+00 
 9.46496000e-03  4.99961239e+00 
 9.46596000e-03  4.99961278e+00 
 9.46696000e-03  4.99961317e+00 
 9.46796000e-03  4.99961356e+00 
 9.46896000e-03  4.99961394e+00 
 9.46996000e-03  4.99961433e+00 
 9.47096000e-03  4.99961471e+00 
 9.47196000e-03  4.99961510e+00 
 9.47296000e-03  4.99961548e+00 
 9.47396000e-03  4.99961587e+00 
 9.47496000e-03  4.99961625e+00 
 9.47596000e-03  4.99961663e+00 
 9.47696000e-03  4.99961702e+00 
 9.47796000e-03  4.99961740e+00 
 9.47896000e-03  4.99961778e+00 
 9.47996000e-03  4.99961817e+00 
 9.48096000e-03  4.99961855e+00 
 9.48196000e-03  4.99961893e+00 
 9.48296000e-03  4.99961931e+00 
 9.48396000e-03  4.99961969e+00 
 9.48496000e-03  4.99962007e+00 
 9.48596000e-03  4.99962045e+00 
 9.48696000e-03  4.99962083e+00 
 9.48796000e-03  4.99962121e+00 
 9.48896000e-03  4.99962159e+00 
 9.48996000e-03  4.99962196e+00 
 9.49096000e-03  4.99962234e+00 
 9.49196000e-03  4.99962272e+00 
 9.49296000e-03  4.99962310e+00 
 9.49396000e-03  4.99962347e+00 
 9.49496000e-03  4.99962385e+00 
 9.49596000e-03  4.99962423e+00 
 9.49696000e-03  4.99962460e+00 
 9.49796000e-03  4.99962498e+00 
 9.49896000e-03  4.99962535e+00 
 9.49996000e-03  4.99962573e+00 
 9.50096000e-03  4.99962610e+00 
 9.50196000e-03  4.99962647e+00 
 9.50296000e-03  4.99962685e+00 
 9.50396000e-03  4.99962722e+00 
 9.50496000e-03  4.99962759e+00 
 9.50596000e-03  4.99962797e+00 
 9.50696000e-03  4.99962834e+00 
 9.50796000e-03  4.99962871e+00 
 9.50896000e-03  4.99962908e+00 
 9.50996000e-03  4.99962945e+00 
 9.51096000e-03  4.99962982e+00 
 9.51196000e-03  4.99963019e+00 
 9.51296000e-03  4.99963056e+00 
 9.51396000e-03  4.99963093e+00 
 9.51496000e-03  4.99963130e+00 
 9.51596000e-03  4.99963167e+00 
 9.51696000e-03  4.99963204e+00 
 9.51796000e-03  4.99963240e+00 
 9.51896000e-03  4.99963277e+00 
 9.51996000e-03  4.99963314e+00 
 9.52096000e-03  4.99963350e+00 
 9.52196000e-03  4.99963387e+00 
 9.52296000e-03  4.99963424e+00 
 9.52396000e-03  4.99963460e+00 
 9.52496000e-03  4.99963497e+00 
 9.52596000e-03  4.99963533e+00 
 9.52696000e-03  4.99963570e+00 
 9.52796000e-03  4.99963606e+00 
 9.52896000e-03  4.99963642e+00 
 9.52996000e-03  4.99963679e+00 
 9.53096000e-03  4.99963715e+00 
 9.53196000e-03  4.99963751e+00 
 9.53296000e-03  4.99963788e+00 
 9.53396000e-03  4.99963824e+00 
 9.53496000e-03  4.99963860e+00 
 9.53596000e-03  4.99963896e+00 
 9.53696000e-03  4.99963932e+00 
 9.53796000e-03  4.99963968e+00 
 9.53896000e-03  4.99964004e+00 
 9.53996000e-03  4.99964040e+00 
 9.54096000e-03  4.99964076e+00 
 9.54196000e-03  4.99964112e+00 
 9.54296000e-03  4.99964148e+00 
 9.54396000e-03  4.99964184e+00 
 9.54496000e-03  4.99964220e+00 
 9.54596000e-03  4.99964255e+00 
 9.54696000e-03  4.99964291e+00 
 9.54796000e-03  4.99964327e+00 
 9.54896000e-03  4.99964362e+00 
 9.54996000e-03  4.99964398e+00 
 9.55096000e-03  4.99964434e+00 
 9.55196000e-03  4.99964469e+00 
 9.55296000e-03  4.99964505e+00 
 9.55396000e-03  4.99964540e+00 
 9.55496000e-03  4.99964576e+00 
 9.55596000e-03  4.99964611e+00 
 9.55696000e-03  4.99964646e+00 
 9.55796000e-03  4.99964682e+00 
 9.55896000e-03  4.99964717e+00 
 9.55996000e-03  4.99964752e+00 
 9.56096000e-03  4.99964787e+00 
 9.56196000e-03  4.99964823e+00 
 9.56296000e-03  4.99964858e+00 
 9.56396000e-03  4.99964893e+00 
 9.56496000e-03  4.99964928e+00 
 9.56596000e-03  4.99964963e+00 
 9.56696000e-03  4.99964998e+00 
 9.56796000e-03  4.99965033e+00 
 9.56896000e-03  4.99965068e+00 
 9.56996000e-03  4.99965103e+00 
 9.57096000e-03  4.99965138e+00 
 9.57196000e-03  4.99965173e+00 
 9.57296000e-03  4.99965207e+00 
 9.57396000e-03  4.99965242e+00 
 9.57496000e-03  4.99965277e+00 
 9.57596000e-03  4.99965312e+00 
 9.57696000e-03  4.99965346e+00 
 9.57796000e-03  4.99965381e+00 
 9.57896000e-03  4.99965416e+00 
 9.57996000e-03  4.99965450e+00 
 9.58096000e-03  4.99965485e+00 
 9.58196000e-03  4.99965519e+00 
 9.58296000e-03  4.99965554e+00 
 9.58396000e-03  4.99965588e+00 
 9.58496000e-03  4.99965622e+00 
 9.58596000e-03  4.99965657e+00 
 9.58696000e-03  4.99965691e+00 
 9.58796000e-03  4.99965725e+00 
 9.58896000e-03  4.99965760e+00 
 9.58996000e-03  4.99965794e+00 
 9.59096000e-03  4.99965828e+00 
 9.59196000e-03  4.99965862e+00 
 9.59296000e-03  4.99965896e+00 
 9.59396000e-03  4.99965930e+00 
 9.59496000e-03  4.99965965e+00 
 9.59596000e-03  4.99965999e+00 
 9.59696000e-03  4.99966033e+00 
 9.59796000e-03  4.99966067e+00 
 9.59896000e-03  4.99966100e+00 
 9.59996000e-03  4.99966134e+00 
 9.60096000e-03  4.99966168e+00 
 9.60196000e-03  4.99966202e+00 
 9.60296000e-03  4.99966236e+00 
 9.60396000e-03  4.99966269e+00 
 9.60496000e-03  4.99966303e+00 
 9.60596000e-03  4.99966337e+00 
 9.60696000e-03  4.99966371e+00 
 9.60796000e-03  4.99966404e+00 
 9.60896000e-03  4.99966438e+00 
 9.60996000e-03  4.99966471e+00 
 9.61096000e-03  4.99966505e+00 
 9.61196000e-03  4.99966538e+00 
 9.61296000e-03  4.99966572e+00 
 9.61396000e-03  4.99966605e+00 
 9.61496000e-03  4.99966638e+00 
 9.61596000e-03  4.99966672e+00 
 9.61696000e-03  4.99966705e+00 
 9.61796000e-03  4.99966738e+00 
 9.61896000e-03  4.99966772e+00 
 9.61996000e-03  4.99966805e+00 
 9.62096000e-03  4.99966838e+00 
 9.62196000e-03  4.99966871e+00 
 9.62296000e-03  4.99966904e+00 
 9.62396000e-03  4.99966937e+00 
 9.62496000e-03  4.99966970e+00 
 9.62596000e-03  4.99967003e+00 
 9.62696000e-03  4.99967036e+00 
 9.62796000e-03  4.99967069e+00 
 9.62896000e-03  4.99967102e+00 
 9.62996000e-03  4.99967135e+00 
 9.63096000e-03  4.99967168e+00 
 9.63196000e-03  4.99967201e+00 
 9.63296000e-03  4.99967234e+00 
 9.63396000e-03  4.99967266e+00 
 9.63496000e-03  4.99967299e+00 
 9.63596000e-03  4.99967332e+00 
 9.63696000e-03  4.99967364e+00 
 9.63796000e-03  4.99967397e+00 
 9.63896000e-03  4.99967430e+00 
 9.63996000e-03  4.99967462e+00 
 9.64096000e-03  4.99967495e+00 
 9.64196000e-03  4.99967527e+00 
 9.64296000e-03  4.99967560e+00 
 9.64396000e-03  4.99967592e+00 
 9.64496000e-03  4.99967624e+00 
 9.64596000e-03  4.99967657e+00 
 9.64696000e-03  4.99967689e+00 
 9.64796000e-03  4.99967721e+00 
 9.64896000e-03  4.99967754e+00 
 9.64996000e-03  4.99967786e+00 
 9.65096000e-03  4.99967818e+00 
 9.65196000e-03  4.99967850e+00 
 9.65296000e-03  4.99967882e+00 
 9.65396000e-03  4.99967915e+00 
 9.65496000e-03  4.99967947e+00 
 9.65596000e-03  4.99967979e+00 
 9.65696000e-03  4.99968011e+00 
 9.65796000e-03  4.99968043e+00 
 9.65896000e-03  4.99968075e+00 
 9.65996000e-03  4.99968106e+00 
 9.66096000e-03  4.99968138e+00 
 9.66196000e-03  4.99968170e+00 
 9.66296000e-03  4.99968202e+00 
 9.66396000e-03  4.99968234e+00 
 9.66496000e-03  4.99968266e+00 
 9.66596000e-03  4.99968297e+00 
 9.66696000e-03  4.99968329e+00 
 9.66796000e-03  4.99968361e+00 
 9.66896000e-03  4.99968392e+00 
 9.66996000e-03  4.99968424e+00 
 9.67096000e-03  4.99968455e+00 
 9.67196000e-03  4.99968487e+00 
 9.67296000e-03  4.99968518e+00 
 9.67396000e-03  4.99968550e+00 
 9.67496000e-03  4.99968581e+00 
 9.67596000e-03  4.99968613e+00 
 9.67696000e-03  4.99968644e+00 
 9.67796000e-03  4.99968675e+00 
 9.67896000e-03  4.99968707e+00 
 9.67996000e-03  4.99968738e+00 
 9.68096000e-03  4.99968769e+00 
 9.68196000e-03  4.99968800e+00 
 9.68296000e-03  4.99968832e+00 
 9.68396000e-03  4.99968863e+00 
 9.68496000e-03  4.99968894e+00 
 9.68596000e-03  4.99968925e+00 
 9.68696000e-03  4.99968956e+00 
 9.68796000e-03  4.99968987e+00 
 9.68896000e-03  4.99969018e+00 
 9.68996000e-03  4.99969049e+00 
 9.69096000e-03  4.99969080e+00 
 9.69196000e-03  4.99969111e+00 
 9.69296000e-03  4.99969142e+00 
 9.69396000e-03  4.99969173e+00 
 9.69496000e-03  4.99969203e+00 
 9.69596000e-03  4.99969234e+00 
 9.69696000e-03  4.99969265e+00 
 9.69796000e-03  4.99969296e+00 
 9.69896000e-03  4.99969326e+00 
 9.69996000e-03  4.99969357e+00 
 9.70096000e-03  4.99969388e+00 
 9.70196000e-03  4.99969418e+00 
 9.70296000e-03  4.99969449e+00 
 9.70396000e-03  4.99969479e+00 
 9.70496000e-03  4.99969510e+00 
 9.70596000e-03  4.99969540e+00 
 9.70696000e-03  4.99969571e+00 
 9.70796000e-03  4.99969601e+00 
 9.70896000e-03  4.99969632e+00 
 9.70996000e-03  4.99969662e+00 
 9.71096000e-03  4.99969692e+00 
 9.71196000e-03  4.99969723e+00 
 9.71296000e-03  4.99969753e+00 
 9.71396000e-03  4.99969783e+00 
 9.71496000e-03  4.99969813e+00 
 9.71596000e-03  4.99969843e+00 
 9.71696000e-03  4.99969874e+00 
 9.71796000e-03  4.99969904e+00 
 9.71896000e-03  4.99969934e+00 
 9.71996000e-03  4.99969964e+00 
 9.72096000e-03  4.99969994e+00 
 9.72196000e-03  4.99970024e+00 
 9.72296000e-03  4.99970054e+00 
 9.72396000e-03  4.99970084e+00 
 9.72496000e-03  4.99970114e+00 
 9.72596000e-03  4.99970144e+00 
 9.72696000e-03  4.99970173e+00 
 9.72796000e-03  4.99970203e+00 
 9.72896000e-03  4.99970233e+00 
 9.72996000e-03  4.99970263e+00 
 9.73096000e-03  4.99970292e+00 
 9.73196000e-03  4.99970322e+00 
 9.73296000e-03  4.99970352e+00 
 9.73396000e-03  4.99970381e+00 
 9.73496000e-03  4.99970411e+00 
 9.73596000e-03  4.99970441e+00 
 9.73696000e-03  4.99970470e+00 
 9.73796000e-03  4.99970500e+00 
 9.73896000e-03  4.99970529e+00 
 9.73996000e-03  4.99970559e+00 
 9.74096000e-03  4.99970588e+00 
 9.74196000e-03  4.99970617e+00 
 9.74296000e-03  4.99970647e+00 
 9.74396000e-03  4.99970676e+00 
 9.74496000e-03  4.99970705e+00 
 9.74596000e-03  4.99970735e+00 
 9.74696000e-03  4.99970764e+00 
 9.74796000e-03  4.99970793e+00 
 9.74896000e-03  4.99970822e+00 
 9.74996000e-03  4.99970852e+00 
 9.75096000e-03  4.99970881e+00 
 9.75196000e-03  4.99970910e+00 
 9.75296000e-03  4.99970939e+00 
 9.75396000e-03  4.99970968e+00 
 9.75496000e-03  4.99970997e+00 
 9.75596000e-03  4.99971026e+00 
 9.75696000e-03  4.99971055e+00 
 9.75796000e-03  4.99971084e+00 
 9.75896000e-03  4.99971113e+00 
 9.75996000e-03  4.99971142e+00 
 9.76096000e-03  4.99971170e+00 
 9.76196000e-03  4.99971199e+00 
 9.76296000e-03  4.99971228e+00 
 9.76396000e-03  4.99971257e+00 
 9.76496000e-03  4.99971285e+00 
 9.76596000e-03  4.99971314e+00 
 9.76696000e-03  4.99971343e+00 
 9.76796000e-03  4.99971372e+00 
 9.76896000e-03  4.99971400e+00 
 9.76996000e-03  4.99971429e+00 
 9.77096000e-03  4.99971457e+00 
 9.77196000e-03  4.99971486e+00 
 9.77296000e-03  4.99971514e+00 
 9.77396000e-03  4.99971543e+00 
 9.77496000e-03  4.99971571e+00 
 9.77596000e-03  4.99971600e+00 
 9.77696000e-03  4.99971628e+00 
 9.77796000e-03  4.99971656e+00 
 9.77896000e-03  4.99971685e+00 
 9.77996000e-03  4.99971713e+00 
 9.78096000e-03  4.99971741e+00 
 9.78196000e-03  4.99971770e+00 
 9.78296000e-03  4.99971798e+00 
 9.78396000e-03  4.99971826e+00 
 9.78496000e-03  4.99971854e+00 
 9.78596000e-03  4.99971882e+00 
 9.78696000e-03  4.99971910e+00 
 9.78796000e-03  4.99971938e+00 
 9.78896000e-03  4.99971966e+00 
 9.78996000e-03  4.99971994e+00 
 9.79096000e-03  4.99972022e+00 
 9.79196000e-03  4.99972050e+00 
 9.79296000e-03  4.99972078e+00 
 9.79396000e-03  4.99972106e+00 
 9.79496000e-03  4.99972134e+00 
 9.79596000e-03  4.99972162e+00 
 9.79696000e-03  4.99972190e+00 
 9.79796000e-03  4.99972218e+00 
 9.79896000e-03  4.99972245e+00 
 9.79996000e-03  4.99972273e+00 
 9.80096000e-03  4.99972301e+00 
 9.80196000e-03  4.99972329e+00 
 9.80296000e-03  4.99972356e+00 
 9.80396000e-03  4.99972384e+00 
 9.80496000e-03  4.99972411e+00 
 9.80596000e-03  4.99972439e+00 
 9.80696000e-03  4.99972467e+00 
 9.80796000e-03  4.99972494e+00 
 9.80896000e-03  4.99972522e+00 
 9.80996000e-03  4.99972549e+00 
 9.81096000e-03  4.99972576e+00 
 9.81196000e-03  4.99972604e+00 
 9.81296000e-03  4.99972631e+00 
 9.81396000e-03  4.99972659e+00 
 9.81496000e-03  4.99972686e+00 
 9.81596000e-03  4.99972713e+00 
 9.81696000e-03  4.99972740e+00 
 9.81796000e-03  4.99972768e+00 
 9.81896000e-03  4.99972795e+00 
 9.81996000e-03  4.99972822e+00 
 9.82096000e-03  4.99972849e+00 
 9.82196000e-03  4.99972876e+00 
 9.82296000e-03  4.99972904e+00 
 9.82396000e-03  4.99972931e+00 
 9.82496000e-03  4.99972958e+00 
 9.82596000e-03  4.99972985e+00 
 9.82696000e-03  4.99973012e+00 
 9.82796000e-03  4.99973039e+00 
 9.82896000e-03  4.99973066e+00 
 9.82996000e-03  4.99973093e+00 
 9.83096000e-03  4.99973119e+00 
 9.83196000e-03  4.99973146e+00 
 9.83296000e-03  4.99973173e+00 
 9.83396000e-03  4.99973200e+00 
 9.83496000e-03  4.99973227e+00 
 9.83596000e-03  4.99973254e+00 
 9.83696000e-03  4.99973280e+00 
 9.83796000e-03  4.99973307e+00 
 9.83896000e-03  4.99973334e+00 
 9.83996000e-03  4.99973360e+00 
 9.84096000e-03  4.99973387e+00 
 9.84196000e-03  4.99973414e+00 
 9.84296000e-03  4.99973440e+00 
 9.84396000e-03  4.99973467e+00 
 9.84496000e-03  4.99973493e+00 
 9.84596000e-03  4.99973520e+00 
 9.84696000e-03  4.99973546e+00 
 9.84796000e-03  4.99973573e+00 
 9.84896000e-03  4.99973599e+00 
 9.84996000e-03  4.99973625e+00 
 9.85096000e-03  4.99973652e+00 
 9.85196000e-03  4.99973678e+00 
 9.85296000e-03  4.99973704e+00 
 9.85396000e-03  4.99973731e+00 
 9.85496000e-03  4.99973757e+00 
 9.85596000e-03  4.99973783e+00 
 9.85696000e-03  4.99973809e+00 
 9.85796000e-03  4.99973836e+00 
 9.85896000e-03  4.99973862e+00 
 9.85996000e-03  4.99973888e+00 
 9.86096000e-03  4.99973914e+00 
 9.86196000e-03  4.99973940e+00 
 9.86296000e-03  4.99973966e+00 
 9.86396000e-03  4.99973992e+00 
 9.86496000e-03  4.99974018e+00 
 9.86596000e-03  4.99974044e+00 
 9.86696000e-03  4.99974070e+00 
 9.86796000e-03  4.99974096e+00 
 9.86896000e-03  4.99974122e+00 
 9.86996000e-03  4.99974148e+00 
 9.87096000e-03  4.99974173e+00 
 9.87196000e-03  4.99974199e+00 
 9.87296000e-03  4.99974225e+00 
 9.87396000e-03  4.99974251e+00 
 9.87496000e-03  4.99974277e+00 
 9.87596000e-03  4.99974302e+00 
 9.87696000e-03  4.99974328e+00 
 9.87796000e-03  4.99974354e+00 
 9.87896000e-03  4.99974379e+00 
 9.87996000e-03  4.99974405e+00 
 9.88096000e-03  4.99974430e+00 
 9.88196000e-03  4.99974456e+00 
 9.88296000e-03  4.99974482e+00 
 9.88396000e-03  4.99974507e+00 
 9.88496000e-03  4.99974533e+00 
 9.88596000e-03  4.99974558e+00 
 9.88696000e-03  4.99974583e+00 
 9.88796000e-03  4.99974609e+00 
 9.88896000e-03  4.99974634e+00 
 9.88996000e-03  4.99974660e+00 
 9.89096000e-03  4.99974685e+00 
 9.89196000e-03  4.99974710e+00 
 9.89296000e-03  4.99974735e+00 
 9.89396000e-03  4.99974761e+00 
 9.89496000e-03  4.99974786e+00 
 9.89596000e-03  4.99974811e+00 
 9.89696000e-03  4.99974836e+00 
 9.89796000e-03  4.99974861e+00 
 9.89896000e-03  4.99974887e+00 
 9.89996000e-03  4.99974912e+00 
 9.90096000e-03  4.99974937e+00 
 9.90196000e-03  4.99974962e+00 
 9.90296000e-03  4.99974987e+00 
 9.90396000e-03  4.99975012e+00 
 9.90496000e-03  4.99975037e+00 
 9.90596000e-03  4.99975062e+00 
 9.90696000e-03  4.99975087e+00 
 9.90796000e-03  4.99975112e+00 
 9.90896000e-03  4.99975136e+00 
 9.90996000e-03  4.99975161e+00 
 9.91096000e-03  4.99975186e+00 
 9.91196000e-03  4.99975211e+00 
 9.91296000e-03  4.99975236e+00 
 9.91396000e-03  4.99975260e+00 
 9.91496000e-03  4.99975285e+00 
 9.91596000e-03  4.99975310e+00 
 9.91696000e-03  4.99975335e+00 
 9.91796000e-03  4.99975359e+00 
 9.91896000e-03  4.99975384e+00 
 9.91996000e-03  4.99975408e+00 
 9.92096000e-03  4.99975433e+00 
 9.92196000e-03  4.99975458e+00 
 9.92296000e-03  4.99975482e+00 
 9.92396000e-03  4.99975507e+00 
 9.92496000e-03  4.99975531e+00 
 9.92596000e-03  4.99975556e+00 
 9.92696000e-03  4.99975580e+00 
 9.92796000e-03  4.99975604e+00 
 9.92896000e-03  4.99975629e+00 
 9.92996000e-03  4.99975653e+00 
 9.93096000e-03  4.99975677e+00 
 9.93196000e-03  4.99975702e+00 
 9.93296000e-03  4.99975726e+00 
 9.93396000e-03  4.99975750e+00 
 9.93496000e-03  4.99975775e+00 
 9.93596000e-03  4.99975799e+00 
 9.93696000e-03  4.99975823e+00 
 9.93796000e-03  4.99975847e+00 
 9.93896000e-03  4.99975871e+00 
 9.93996000e-03  4.99975895e+00 
 9.94096000e-03  4.99975919e+00 
 9.94196000e-03  4.99975944e+00 
 9.94296000e-03  4.99975968e+00 
 9.94396000e-03  4.99975992e+00 
 9.94496000e-03  4.99976016e+00 
 9.94596000e-03  4.99976040e+00 
 9.94696000e-03  4.99976064e+00 
 9.94796000e-03  4.99976087e+00 
 9.94896000e-03  4.99976111e+00 
 9.94996000e-03  4.99976135e+00 
 9.95096000e-03  4.99976159e+00 
 9.95196000e-03  4.99976183e+00 
 9.95296000e-03  4.99976207e+00 
 9.95396000e-03  4.99976231e+00 
 9.95496000e-03  4.99976254e+00 
 9.95596000e-03  4.99976278e+00 
 9.95696000e-03  4.99976302e+00 
 9.95796000e-03  4.99976325e+00 
 9.95896000e-03  4.99976349e+00 
 9.95996000e-03  4.99976373e+00 
 9.96096000e-03  4.99976396e+00 
 9.96196000e-03  4.99976420e+00 
 9.96296000e-03  4.99976443e+00 
 9.96396000e-03  4.99976467e+00 
 9.96496000e-03  4.99976491e+00 
 9.96596000e-03  4.99976514e+00 
 9.96696000e-03  4.99976538e+00 
 9.96796000e-03  4.99976561e+00 
 9.96896000e-03  4.99976584e+00 
 9.96996000e-03  4.99976608e+00 
 9.97096000e-03  4.99976631e+00 
 9.97196000e-03  4.99976655e+00 
 9.97296000e-03  4.99976678e+00 
 9.97396000e-03  4.99976701e+00 
 9.97496000e-03  4.99976724e+00 
 9.97596000e-03  4.99976748e+00 
 9.97696000e-03  4.99976771e+00 
 9.97796000e-03  4.99976794e+00 
 9.97896000e-03  4.99976817e+00 
 9.97996000e-03  4.99976841e+00 
 9.98096000e-03  4.99976864e+00 
 9.98196000e-03  4.99976887e+00 
 9.98296000e-03  4.99976910e+00 
 9.98396000e-03  4.99976933e+00 
 9.98496000e-03  4.99976956e+00 
 9.98596000e-03  4.99976979e+00 
 9.98696000e-03  4.99977002e+00 
 9.98796000e-03  4.99977025e+00 
 9.98896000e-03  4.99977048e+00 
 9.98996000e-03  4.99977071e+00 
 9.99096000e-03  4.99977094e+00 
 9.99196000e-03  4.99977117e+00 
 9.99296000e-03  4.99977140e+00 
 9.99396000e-03  4.99977163e+00 
 9.99496000e-03  4.99977185e+00 
 9.99596000e-03  4.99977208e+00 
 9.99696000e-03  4.99977231e+00 
 9.99796000e-03  4.99977254e+00 
 9.99896000e-03  4.99977276e+00 
 9.99996000e-03  4.99977299e+00 
 1.00000000e-02  4.99977300e+00 
